{"features":[{"geometry":{"coordinates":[-74.083151,40.625081],"type":"Point"},"id":"00022B30-863C-40B8-BFAA-FA369FA767D9","properties":{"borough":"Staten Island","created_date":"2026-09-01T22:56:00.000","inspection_count":0,"latest_inspection_date":null,"latest_work_order_status":null,"latest_work_order_type":null,"max_risk_rating":null,"risk_assessment_count":0,"service_request_id":"00022B30-863C-40B8-BFAA-FA369FA767D9","source":"3-1-1 Call Center","status":"Open","work_order_count":0},"type":"Feature"},{"geometry":{"coordinates":[-73.94667,40.746955],"type":"Point"},"id":"0022A3BC-70C7-4ADA-972A-952B327D663C","properties":{"borough":"Queens","created_date":"2026-09-21T18:03:00.000","inspection_count":0,"latest_inspection_date":null,"latest_work_order_status":null,"latest_work_order_type":null,"max_risk_rating":null,"risk_assessment_count":0,"service_request_id":"0022A3BC-70C7-4ADA-972A-952B327D663C","source":"Department of Parks and Recreation - Public Web Site","status":"Open","work_order_count":0},"type":"Feature"},{"geometry":{"coordinates":[-74.132356,40.559533],"type":"Point"},"id":"00280532-8CF9-4168-9699-F235F0D37535","properties":{"borough":"Staten Island","created_date":"2026-09-01T02:56:00.000","inspection_count":1,"latest_inspection_date":"2026-09-01T14:29:05.000","latest_work_order_status":null,"latest_work_order_type":null,"max_risk_rating":"8.0","risk_assessment_count":4,"service_request_id":"00280532-8CF9-4168-9699-F235F0D37535","source":"3-1-1 Call Center","status":"Open","work_order_count":0},"type":"Feature"},{"geometry":{"coordinates":[-74.104143,40.628335],"type":"Point"},"id":"0028FEC5-6A43-48A0-8846-458FDECDF997","properties":{"borough":"Staten Island","created_date":"2026-09-25T13:00:00.000","inspection_count":0,"latest_inspection_date":null,"latest_work_order_status":null,"latest_work_order_type":null,"max_risk_rating":null,"risk_assessment_count":0,"service_request_id":"0028FEC5-6A43-48A0-8846-458FDECDF997","source":"3-1-1 Call Center","status":"Open","work_order_count":0},"type":"Feature"},{"geometry":{"coordinates":[-74.108426,40.581395],"type":"Point"},"id":"002E9EAF-1E34-4E4B-852E-587DAC494741","properties":{"borough":"Staten Island","created_date":"2026-09-19T16:23:00.000","inspection_count":0,"latest_inspection_date":null,"latest_work_order_status":null,"latest_work_order_type":null,"max_risk_rating":null,"risk_assessment_count":0,"service_request_id":"002E9EAF-1E34-4E4B-852E-587DAC494741","source":"3-1-1 Call Center","status":"Closed","work_order_count":0},"type":"Feature"},{"geometry":{"coordinates":[-73.745609,40.765829],"type":"Point"},"id":"0040BF3B-3E35-41C5-8EE2-B813311D7B2B","properties":{"borough":"Queens","created_date":"2026-09-09T02:29:00.000","inspection_count":0,"latest_inspection_date":null,"latest_work_order_status":null,"latest_work_order_type":null,"max_risk_rating":null,"risk_assessment_count":0,"service_request_id":"0040BF3B-3E35-41C5-8EE2-B813311D7B2B","source":"3-1-1 Call Center","status":"Open","work_order_count":0},"type":"Feature"},{"geometry":{"coordinates":[-73.882068,40.724848],"type":"Point"},"id":"00459667-5594-491A-BE5C-9F628380AD29","properties":{"borough":"Queens","created_date":"2026-09-25T21:41:53.000","inspection_count":0,"latest_inspection_date":null,"latest_work_order_status":null,"latest_work_order_type":null,"max_risk_rating":null,"risk_assessment_count":0,"service_request_id":"00459667-5594-491A-BE5C-9F628380AD29","source":"Department of Parks and Recreation - Public Web Site","status":"Open","work_order_count":0},"type":"Feature"},{"geometry":{"coordinates":[-73.930742,40.668016],"type":"Point"},"id":"00578EC0-D0D3-43C1-A736-E265A1FF7F7E","properties":{"borough":"Brooklyn","created_date":"2026-09-03T15:08:26.000","inspection_count":0,"latest_inspection_date":null,"latest_work_order_status":null,"latest_work_order_type":null,"max_risk_rating":null,"risk_assessment_count":0,"service_request_id":"00578EC0-D0D3-43C1-A736-E265A1FF7F7E","source":"Department of Parks and Recreation - Public Web Site","status":"Open","work_order_count":0},"type":"Feature"},{"geometry":{"coordinates":[-73.848186,40.711128],"type":"Point"},"id":"005CE05C-D62E-4489-B525-70965782074A","properties":{"borough":"Queens","created_date":"2026-09-18T12:21:58.000","inspection_count":0,"latest_inspection_date":null,"latest_work_order_status":null,"latest_work_order_type":null,"max_risk_rating":null,"risk_assessment_count":0,"service_request_id":"005CE05C-D62E-4489-B525-70965782074A","source":"3-1-1 Call Center","status":"Open","work_order_count":0},"type":"Feature"},{"geometry":{"coordinates":[-73.837042,40.692978],"type":"Point"},"id":"005D9C73-8E66-4EBF-96A1-A122D61E808A","properties":{"borough":"Queens","created_date":"2026-09-16T01:23:00.000","inspection_count":0,"latest_inspection_date":null,"latest_work_order_status":null,"latest_work_order_type":null,"max_risk_rating":null,"risk_assessment_count":0,"service_request_id":"005D9C73-8E66-4EBF-96A1-A122D61E808A","source":"3-1-1 Call Center","status":"Open","work_order_count":0},"type":"Feature"},{"geometry":{"coordinates":[-74.149475,40.553023],"type":"Point"},"id":"0061484E-9618-4436-AF70-EDC5EF215576","properties":{"borough":"Staten Island","created_date":"2026-09-05T20:33:00.000","inspection_count":0,"latest_inspection_date":null,"latest_work_order_status":null,"latest_work_order_type":null,"max_risk_rating":null,"risk_assessment_count":0,"service_request_id":"0061484E-9618-4436-AF70-EDC5EF215576","source":"3-1-1 Call Center","status":"Closed","work_order_count":0},"type":"Feature"},{"geometry":{"coordinates":[-73.857708,40.745233],"type":"Point"},"id":"0067300E-0992-49CC-AAA9-3A7700EB227E","properties":{"borough":"Queens","created_date":"2026-09-16T21:06:00.000","inspection_count":0,"latest_inspection_date":null,"latest_work_order_status":null,"latest_work_order_type":null,"max_risk_rating":null,"risk_assessment_count":0,"service_request_id":"0067300E-0992-49CC-AAA9-3A7700EB227E","source":"3-1-1 Call Center","status":"Open","work_order_count":0},"type":"Feature"},{"geometry":{"coordinates":[-73.909241,40.632771],"type":"Point"},"id":"006F96F2-91DA-451B-B37C-56510F54F25E","properties":{"borough":"Brooklyn","created_date":"2026-09-23T13:21:00.000","inspection_count":0,"latest_inspection_date":null,"latest_work_order_status":null,"latest_work_order_type":null,"max_risk_rating":null,"risk_assessment_count":0,"service_request_id":"006F96F2-91DA-451B-B37C-56510F54F25E","source":"3-1-1 Call Center","status":"Open","work_order_count":0},"type":"Feature"},{"geometry":{"coordinates":[-73.958182,40.736903],"type":"Point"},"id":"00742FA9-FBF2-47D8-8CF9-5B532235A4E8","properties":{"borough":"Brooklyn","created_date":"2026-09-12T20:21:22.000","inspection_count":0,"latest_inspection_date":null,"latest_work_order_status":null,"latest_work_order_type":null,"max_risk_rating":null,"risk_assessment_count":0,"service_request_id":"00742FA9-FBF2-47D8-8CF9-5B532235A4E8","source":"Department of Parks and Recreation - Public Web Site","status":"Open","work_order_count":0},"type":"Feature"},{"geometry":{"coordinates":[-73.975183,40.6741],"type":"Point"},"id":"007D0243-F68A-453D-91C2-E398DFC9785C","properties":{"borough":"Brooklyn","created_date":"2026-09-23T04:02:00.000","inspection_count":0,"latest_inspection_date":null,"latest_work_order_status":null,"latest_work_order_type":null,"max_risk_rating":null,"risk_assessment_count":0,"service_request_id":"007D0243-F68A-453D-91C2-E398DFC9785C","source":"3-1-1 Call Center","status":"Open","work_order_count":0},"type":"Feature"},{"geometry":{"coordinates":[-73.823922,40.791605],"type":"Point"},"id":"0088E1A1-225D-4AEB-9DEA-7828186B3B8A","properties":{"borough":"Queens","created_date":"2026-09-02T16:38:00.000","inspection_count":0,"latest_inspection_date":null,"latest_work_order_status":null,"latest_work_order_type":null,"max_risk_rating":null,"risk_assessment_count":0,"service_request_id":"0088E1A1-225D-4AEB-9DEA-7828186B3B8A","source":"3-1-1 Call Center","status":"Open","work_order_count":0},"type":"Feature"},{"geometry":{"coordinates":[-74.13503,40.634567],"type":"Point"},"id":"00A734FF-FDA8-45F0-A318-C7150FDB47A1","properties":{"borough":"Staten Island","created_date":"2026-09-09T16:37:20.000","inspection_count":0,"latest_inspection_date":null,"latest_work_order_status":null,"latest_work_order_type":null,"max_risk_rating":null,"risk_assessment_count":0,"service_request_id":"00A734FF-FDA8-45F0-A318-C7150FDB47A1","source":"Department of Parks and Recreation - Public Web Site","status":"Closed","work_order_count":0},"type":"Feature"},{"geometry":{"coordinates":[-73.950528,40.712977],"type":"Point"},"id":"00ADD006-907E-42BA-A679-EE60A471D15C","properties":{"borough":"Brooklyn","created_date":"2026-09-02T12:57:00.000","inspection_count":0,"latest_inspection_date":null,"latest_work_order_status":null,"latest_work_order_type":null,"max_risk_rating":null,"risk_assessment_count":0,"service_request_id":"00ADD006-907E-42BA-A679-EE60A471D15C","source":"3-1-1 Call Center","status":"Open","work_order_count":0},"type":"Feature"},{"geometry":{"coordinates":[-73.758496,40.737292],"type":"Point"},"id":"00BE28F4-01F3-4589-A2A0-CAF7F518F8EB","properties":{"borough":"Queens","created_date":"2026-09-03T16:34:00.000","inspection_count":0,"latest_inspection_date":null,"latest_work_order_status":null,"latest_work_order_type":null,"max_risk_rating":null,"risk_assessment_count":0,"service_request_id":"00BE28F4-01F3-4589-A2A0-CAF7F518F8EB","source":"3-1-1 Call Center","status":"Closed","work_order_count":0},"type":"Feature"},{"geometry":{"coordinates":[-73.974177,40.785257],"type":"Point"},"id":"00C1291D-0792-4A26-BD3D-38710A4E6E49","properties":{"borough":"Manhattan","created_date":"2026-09-07T14:55:02.000","inspection_count":0,"latest_inspection_date":null,"latest_work_order_status":null,"latest_work_order_type":null,"max_risk_rating":null,"risk_assessment_count":0,"service_request_id":"00C1291D-0792-4A26-BD3D-38710A4E6E49","source":"Department of Parks and Recreation - Public Web Site","status":"Closed","work_order_count":0},"type":"Feature"},{"geometry":{"coordinates":[-73.937657,40.578781],"type":"Point"},"id":"00C3FAC3-8555-4017-B9BD-5DB7C9BE3A8F","properties":{"borough":"Brooklyn","created_date":"2026-09-09T16:17:33.000","inspection_count":0,"latest_inspection_date":null,"latest_work_order_status":null,"latest_work_order_type":null,"max_risk_rating":null,"risk_assessment_count":0,"service_request_id":"00C3FAC3-8555-4017-B9BD-5DB7C9BE3A8F","source":"Department of Parks and Recreation - Public Web Site","status":"Open","work_order_count":0},"type":"Feature"},{"geometry":{"coordinates":[-73.726663,40.681471],"type":"Point"},"id":"00C585A9-0726-403E-9D0B-C9A78C0B83C4","properties":{"borough":"Queens","created_date":"2026-09-14T21:28:00.000","inspection_count":0,"latest_inspection_date":null,"latest_work_order_status":null,"latest_work_order_type":null,"max_risk_rating":null,"risk_assessment_count":0,"service_request_id":"00C585A9-0726-403E-9D0B-C9A78C0B83C4","source":"3-1-1 Call Center","status":"Open","work_order_count":0},"type":"Feature"},{"geometry":{"coordinates":[-74.003483,40.616306],"type":"Point"},"id":"00CD09B1-BB24-4717-8ADC-AFEDF96504CF","properties":{"borough":"Brooklyn","created_date":"2026-09-12T08:05:02.000","inspection_count":0,"latest_inspection_date":null,"latest_work_order_status":null,"latest_work_order_type":null,"max_risk_rating":null,"risk_assessment_count":0,"service_request_id":"00CD09B1-BB24-4717-8ADC-AFEDF96504CF","source":"Department of Parks and Recreation - Public Web Site","status":"Open","work_order_count":0},"type":"Feature"},{"geometry":{"coordinates":[-74.127413,40.562322],"type":"Point"},"id":"00D4A0F2-B3E1-4F2C-9520-B4EA33DD7B15","properties":{"borough":"Staten Island","created_date":"2026-09-16T01:22:00.000","inspection_count":0,"latest_inspection_date":null,"latest_work_order_status":null,"latest_work_order_type":null,"max_risk_rating":null,"risk_assessment_count":0,"service_request_id":"00D4A0F2-B3E1-4F2C-9520-B4EA33DD7B15","source":"3-1-1 Call Center","status":"Closed","work_order_count":0},"type":"Feature"},{"geometry":{"coordinates":[-73.955048,40.611071],"type":"Point"},"id":"00D83876-08E9-4A75-B65E-2484B3E25499","properties":{"borough":"Brooklyn","created_date":"2026-09-09T15:28:47.000","inspection_count":0,"latest_inspection_date":null,"latest_work_order_status":null,"latest_work_order_type":null,"max_risk_rating":null,"risk_assessment_count":0,"service_request_id":"00D83876-08E9-4A75-B65E-2484B3E25499","source":"3-1-1 Call Center","status":"Closed","work_order_count":0},"type":"Feature"},{"geometry":{"coordinates":[-73.92337,40.746827],"type":"Point"},"id":"00DFDB07-C04A-4B44-ABB9-711DDB4B0334","properties":{"borough":"Queens","created_date":"2026-09-16T21:38:00.000","inspection_count":0,"latest_inspection_date":null,"latest_work_order_status":null,"latest_work_order_type":null,"max_risk_rating":null,"risk_assessment_count":0,"service_request_id":"00DFDB07-C04A-4B44-ABB9-711DDB4B0334","source":"3-1-1 Call Center","status":"Open","work_order_count":0},"type":"Feature"},{"geometry":{"coordinates":[-73.8486,40.581405],"type":"Point"},"id":"00FA30B7-04A9-416A-AFCD-54113AFE9C1E","properties":{"borough":"Queens","created_date":"2026-09-18T08:28:00.000","inspection_count":0,"latest_inspection_date":null,"latest_work_order_status":null,"latest_work_order_type":null,"max_risk_rating":null,"risk_assessment_count":0,"service_request_id":"00FA30B7-04A9-416A-AFCD-54113AFE9C1E","source":"3-1-1 Call Center","status":"Open","work_order_count":0},"type":"Feature"},{"geometry":{"coordinates":[-73.746441,40.690385],"type":"Point"},"id":"00FEBEE8-7B29-4B26-BB36-46DA91C04BFE","properties":{"borough":"Queens","created_date":"2026-09-15T15:31:00.000","inspection_count":0,"latest_inspection_date":null,"latest_work_order_status":null,"latest_work_order_type":null,"max_risk_rating":null,"risk_assessment_count":0,"service_request_id":"00FEBEE8-7B29-4B26-BB36-46DA91C04BFE","source":"Department of Parks and Recreation - Public Web Site","status":"Open","work_order_count":0},"type":"Feature"},{"geometry":{"coordinates":[-74.137123,40.618409],"type":"Point"},"id":"0120804E-16D6-4500-8C9E-3646C0DC25FF","properties":{"borough":"Staten Island","created_date":"2026-09-05T16:38:00.000","inspection_count":0,"latest_inspection_date":null,"latest_work_order_status":null,"latest_work_order_type":null,"max_risk_rating":null,"risk_assessment_count":0,"service_request_id":"0120804E-16D6-4500-8C9E-3646C0DC25FF","source":"3-1-1 Call Center","status":"Open","work_order_count":0},"type":"Feature"},{"geometry":{"coordinates":[-73.974177,40.785257],"type":"Point"},"id":"012C4DCD-3BC4-40C4-8593-12D448C2235F","properties":{"borough":"Manhattan","created_date":"2026-09-07T19:35:02.000","inspection_count":0,"latest_inspection_date":null,"latest_work_order_status":null,"latest_work_order_type":null,"max_risk_rating":null,"risk_assessment_count":0,"service_request_id":"012C4DCD-3BC4-40C4-8593-12D448C2235F","source":"Department of Parks and Recreation - Public Web Site","status":"Closed","work_order_count":0},"type":"Feature"},{"geometry":{"coordinates":[-74.104355,40.565674],"type":"Point"},"id":"01333999-F3B2-4920-8C65-267506CD04FB","properties":{"borough":"Staten Island","created_date":"2026-09-03T15:58:00.000","inspection_count":0,"latest_inspection_date":null,"latest_work_order_status":null,"latest_work_order_type":null,"max_risk_rating":null,"risk_assessment_count":0,"service_request_id":"01333999-F3B2-4920-8C65-267506CD04FB","source":"3-1-1 Call Center","status":"Open","work_order_count":0},"type":"Feature"},{"geometry":{"coordinates":[-73.916203,40.832713],"type":"Point"},"id":"013A1C65-4D10-40B4-BAE7-681C195B10A2","properties":{"borough":"Bronx","created_date":"2026-09-02T02:53:21.000","inspection_count":0,"latest_inspection_date":null,"latest_work_order_status":null,"latest_work_order_type":null,"max_risk_rating":null,"risk_assessment_count":0,"service_request_id":"013A1C65-4D10-40B4-BAE7-681C195B10A2","source":"3-1-1 Call Center","status":"Closed","work_order_count":0},"type":"Feature"},{"geometry":{"coordinates":[-74.15653,40.619663],"type":"Point"},"id":"015A5B63-1E4B-4D16-92B6-7E0B10E2406A","properties":{"borough":"Staten Island","created_date":"2026-09-08T21:27:00.000","inspection_count":0,"latest_inspection_date":null,"latest_work_order_status":null,"latest_work_order_type":null,"max_risk_rating":null,"risk_assessment_count":0,"service_request_id":"015A5B63-1E4B-4D16-92B6-7E0B10E2406A","source":"3-1-1 Call Center","status":"Open","work_order_count":0},"type":"Feature"},{"geometry":{"coordinates":[-73.974177,40.785257],"type":"Point"},"id":"0164F926-F654-4E3A-8F42-E63F5314F655","properties":{"borough":"Manhattan","created_date":"2026-09-08T02:55:02.000","inspection_count":0,"latest_inspection_date":null,"latest_work_order_status":null,"latest_work_order_type":null,"max_risk_rating":null,"risk_assessment_count":0,"service_request_id":"0164F926-F654-4E3A-8F42-E63F5314F655","source":"Department of Parks and Recreation - Public Web Site","status":"Closed","work_order_count":0},"type":"Feature"},{"geometry":{"coordinates":[-74.110236,40.576118],"type":"Point"},"id":"017D6528-615A-4B0B-AA88-B333DDBEA7CA","properties":{"borough":"Staten Island","created_date":"2026-09-01T23:14:00.000","inspection_count":0,"latest_inspection_date":null,"latest_work_order_status":null,"latest_work_order_type":null,"max_risk_rating":null,"risk_assessment_count":0,"service_request_id":"017D6528-615A-4B0B-AA88-B333DDBEA7CA","source":"3-1-1 Call Center","status":"Closed","work_order_count":0},"type":"Feature"},{"geometry":{"coordinates":[-73.855311,40.709043],"type":"Point"},"id":"017EEE6F-800B-4171-B32C-C233811F5E6B","properties":{"borough":"Queens","created_date":"2026-09-06T17:27:00.000","inspection_count":0,"latest_inspection_date":null,"latest_work_order_status":null,"latest_work_order_type":null,"max_risk_rating":null,"risk_assessment_count":0,"service_request_id":"017EEE6F-800B-4171-B32C-C233811F5E6B","source":"3-1-1 Call Center","status":"Closed","work_order_count":0},"type":"Feature"},{"geometry":{"coordinates":[-73.81135,40.682262],"type":"Point"},"id":"01829CF7-E38E-4344-8587-25C0FC81F97B","properties":{"borough":"Queens","created_date":"2026-09-01T16:33:00.000","inspection_count":0,"latest_inspection_date":null,"latest_work_order_status":null,"latest_work_order_type":null,"max_risk_rating":null,"risk_assessment_count":0,"service_request_id":"01829CF7-E38E-4344-8587-25C0FC81F97B","source":"Department of Parks and Recreation - Public Web Site","status":"Open","work_order_count":0},"type":"Feature"},{"geometry":{"coordinates":[-73.773998,40.689394],"type":"Point"},"id":"01BE6EA0-4CC4-47C1-9334-AECC96115C30","properties":{"borough":"Queens","created_date":"2026-09-10T20:18:00.000","inspection_count":0,"latest_inspection_date":null,"latest_work_order_status":null,"latest_work_order_type":null,"max_risk_rating":null,"risk_assessment_count":0,"service_request_id":"01BE6EA0-4CC4-47C1-9334-AECC96115C30","source":"Department of Parks and Recreation - Public Web Site","status":"Open","work_order_count":0},"type":"Feature"},{"geometry":{"coordinates":[-73.974177,40.785257],"type":"Point"},"id":"01CE276A-B1B3-4960-8035-6359869DAAE8","properties":{"borough":"Manhattan","created_date":"2026-09-09T07:30:02.000","inspection_count":0,"latest_inspection_date":null,"latest_work_order_status":null,"latest_work_order_type":null,"max_risk_rating":null,"risk_assessment_count":0,"service_request_id":"01CE276A-B1B3-4960-8035-6359869DAAE8","source":"Department of Parks and Recreation - Public Web Site","status":"Closed","work_order_count":0},"type":"Feature"},{"geometry":{"coordinates":[-73.950537,40.652263],"type":"Point"},"id":"01DB7449-568E-4583-9F1A-9EB7427E54EE","properties":{"borough":"Brooklyn","created_date":"2026-09-25T14:30:00.000","inspection_count":0,"latest_inspection_date":null,"latest_work_order_status":null,"latest_work_order_type":null,"max_risk_rating":null,"risk_assessment_count":0,"service_request_id":"01DB7449-568E-4583-9F1A-9EB7427E54EE","source":"3-1-1 Call Center","status":"Closed","work_order_count":0},"type":"Feature"},{"geometry":{"coordinates":[-73.799954,40.719028],"type":"Point"},"id":"01F5B241-AAC1-42DF-B066-7CF198C2DC36","properties":{"borough":"Queens","created_date":"2026-09-22T12:24:00.000","inspection_count":0,"latest_inspection_date":null,"latest_work_order_status":null,"latest_work_order_type":null,"max_risk_rating":null,"risk_assessment_count":0,"service_request_id":"01F5B241-AAC1-42DF-B066-7CF198C2DC36","source":"3-1-1 Call Center","status":"Open","work_order_count":0},"type":"Feature"},{"geometry":{"coordinates":[-73.853457,40.669752],"type":"Point"},"id":"01F7D382-73E4-4825-970B-27F3714C8051","properties":{"borough":"Queens","created_date":"2026-09-05T04:55:00.000","inspection_count":0,"latest_inspection_date":null,"latest_work_order_status":null,"latest_work_order_type":null,"max_risk_rating":null,"risk_assessment_count":0,"service_request_id":"01F7D382-73E4-4825-970B-27F3714C8051","source":"3-1-1 Call Center","status":"Open","work_order_count":0},"type":"Feature"},{"geometry":{"coordinates":[-73.844088,40.68979],"type":"Point"},"id":"01FB81F7-697A-4CE1-BDCE-8212A51D3837","properties":{"borough":"Queens","created_date":"2026-09-04T13:23:00.000","inspection_count":0,"latest_inspection_date":null,"latest_work_order_status":null,"latest_work_order_type":null,"max_risk_rating":null,"risk_assessment_count":0,"service_request_id":"01FB81F7-697A-4CE1-BDCE-8212A51D3837","source":"3-1-1 Call Center","status":"Open","work_order_count":0},"type":"Feature"},{"geometry":{"coordinates":[-73.996802,40.746507],"type":"Point"},"id":"020A645D-3241-4148-803D-2A44D2335A1B","properties":{"borough":"Manhattan","created_date":"2026-09-23T11:31:31.000","inspection_count":0,"latest_inspection_date":null,"latest_work_order_status":null,"latest_work_order_type":null,"max_risk_rating":null,"risk_assessment_count":0,"service_request_id":"020A645D-3241-4148-803D-2A44D2335A1B","source":"Department of Parks and Recreation - Public Web Site","status":"Closed","work_order_count":0},"type":"Feature"},{"geometry":{"coordinates":[-74.129119,40.622384],"type":"Point"},"id":"020C12DD-D6DC-4006-B478-2BCB2578A4D2","properties":{"borough":"Staten Island","created_date":"2026-09-01T18:36:00.000","inspection_count":0,"latest_inspection_date":null,"latest_work_order_status":null,"latest_work_order_type":null,"max_risk_rating":null,"risk_assessment_count":0,"service_request_id":"020C12DD-D6DC-4006-B478-2BCB2578A4D2","source":"3-1-1 Call Center","status":"Open","work_order_count":0},"type":"Feature"},{"geometry":{"coordinates":[-73.948589,40.682432],"type":"Point"},"id":"02252FCF-9E95-4631-9167-F7D958A4C224","properties":{"borough":"Brooklyn","created_date":"2026-09-24T20:41:00.000","inspection_count":0,"latest_inspection_date":null,"latest_work_order_status":null,"latest_work_order_type":null,"max_risk_rating":null,"risk_assessment_count":0,"service_request_id":"02252FCF-9E95-4631-9167-F7D958A4C224","source":"3-1-1 Call Center","status":"Open","work_order_count":0},"type":"Feature"},{"geometry":{"coordinates":[-74.003483,40.616306],"type":"Point"},"id":"022C98D4-FFBC-4A36-8F92-85C2E6CA41A6","properties":{"borough":"Brooklyn","created_date":"2026-09-12T11:50:02.000","inspection_count":0,"latest_inspection_date":null,"latest_work_order_status":null,"latest_work_order_type":null,"max_risk_rating":null,"risk_assessment_count":0,"service_request_id":"022C98D4-FFBC-4A36-8F92-85C2E6CA41A6","source":"Department of Parks and Recreation - Public Web Site","status":"Open","work_order_count":0},"type":"Feature"},{"geometry":{"coordinates":[-73.964557,40.596227],"type":"Point"},"id":"022F4D55-81F9-4DAE-A427-E4D609DF2E95","properties":{"borough":"Brooklyn","created_date":"2026-09-22T03:03:23.000","inspection_count":0,"latest_inspection_date":null,"latest_work_order_status":null,"latest_work_order_type":null,"max_risk_rating":null,"risk_assessment_count":0,"service_request_id":"022F4D55-81F9-4DAE-A427-E4D609DF2E95","source":"DPR -Public Tree Map","status":"Open","work_order_count":0},"type":"Feature"},{"geometry":{"coordinates":[-74.239883,40.504492],"type":"Point"},"id":"0240255F-C519-465F-8829-DB0CC7F04C39","properties":{"borough":"Staten Island","created_date":"2026-09-08T13:38:00.000","inspection_count":0,"latest_inspection_date":null,"latest_work_order_status":null,"latest_work_order_type":null,"max_risk_rating":null,"risk_assessment_count":0,"service_request_id":"0240255F-C519-465F-8829-DB0CC7F04C39","source":"3-1-1 Call Center","status":"Closed","work_order_count":0},"type":"Feature"},{"geometry":{"coordinates":[-73.815191,40.681661],"type":"Point"},"id":"0243F226-8DE5-48F6-864B-1F0BFDF12295","properties":{"borough":"Queens","created_date":"2026-09-17T19:44:00.000","inspection_count":0,"latest_inspection_date":null,"latest_work_order_status":null,"latest_work_order_type":null,"max_risk_rating":null,"risk_assessment_count":0,"service_request_id":"0243F226-8DE5-48F6-864B-1F0BFDF12295","source":"3-1-1 Call Center","status":"Open","work_order_count":0},"type":"Feature"},{"geometry":{"coordinates":[-74.003483,40.616306],"type":"Point"},"id":"02638DE8-D1FD-40AF-8020-B72F8E51CCE1","properties":{"borough":"Brooklyn","created_date":"2026-09-12T02:05:02.000","inspection_count":0,"latest_inspection_date":null,"latest_work_order_status":null,"latest_work_order_type":null,"max_risk_rating":null,"risk_assessment_count":0,"service_request_id":"02638DE8-D1FD-40AF-8020-B72F8E51CCE1","source":"Department of Parks and Recreation - Public Web Site","status":"Open","work_order_count":0},"type":"Feature"},{"geometry":{"coordinates":[-73.840545,40.862372],"type":"Point"},"id":"0264BD77-301E-4C15-A456-401BC5F22B54","properties":{"borough":"Bronx","created_date":"2026-09-20T12:50:46.000","inspection_count":0,"latest_inspection_date":null,"latest_work_order_status":null,"latest_work_order_type":null,"max_risk_rating":null,"risk_assessment_count":0,"service_request_id":"0264BD77-301E-4C15-A456-401BC5F22B54","source":"Department of Parks and Recreation - Public Web Site","status":"Open","work_order_count":0},"type":"Feature"},{"geometry":{"coordinates":[-73.974177,40.785257],"type":"Point"},"id":"026C2F89-BE47-4F39-BC6B-3E27966817B8","properties":{"borough":"Manhattan","created_date":"2026-09-07T21:55:02.000","inspection_count":0,"latest_inspection_date":null,"latest_work_order_status":null,"latest_work_order_type":null,"max_risk_rating":null,"risk_assessment_count":0,"service_request_id":"026C2F89-BE47-4F39-BC6B-3E27966817B8","source":"Department of Parks and Recreation - Public Web Site","status":"Closed","work_order_count":0},"type":"Feature"},{"geometry":{"coordinates":[-73.864621,40.755067],"type":"Point"},"id":"026FE691-0D52-4F48-A9F4-09FB89D6A1E6","properties":{"borough":"Queens","created_date":"2026-09-25T20:42:00.000","inspection_count":0,"latest_inspection_date":null,"latest_work_order_status":null,"latest_work_order_type":null,"max_risk_rating":null,"risk_assessment_count":0,"service_request_id":"026FE691-0D52-4F48-A9F4-09FB89D6A1E6","source":"3-1-1 Call Center","status":"Open","work_order_count":0},"type":"Feature"},{"geometry":{"coordinates":[-73.794638,40.684772],"type":"Point"},"id":"028290B4-DF11-4C96-A422-4EB62C052BBB","properties":{"borough":"Queens","created_date":"2026-09-09T17:01:00.000","inspection_count":0,"latest_inspection_date":null,"latest_work_order_status":null,"latest_work_order_type":null,"max_risk_rating":null,"risk_assessment_count":0,"service_request_id":"028290B4-DF11-4C96-A422-4EB62C052BBB","source":"Department of Parks and Recreation - Public Web Site","status":"Open","work_order_count":0},"type":"Feature"},{"geometry":{"coordinates":[-73.997097,40.622962],"type":"Point"},"id":"02C07DC8-9721-4AF5-BF5D-DE960BA3413B","properties":{"borough":"Brooklyn","created_date":"2026-09-23T14:30:18.000","inspection_count":0,"latest_inspection_date":null,"latest_work_order_status":null,"latest_work_order_type":null,"max_risk_rating":null,"risk_assessment_count":0,"service_request_id":"02C07DC8-9721-4AF5-BF5D-DE960BA3413B","source":"Department of Parks and Recreation - Public Web Site","status":"Open","work_order_count":0},"type":"Feature"},{"geometry":{"coordinates":[-73.792058,40.742062],"type":"Point"},"id":"02D20C4C-CC6E-4B11-A746-14939DB63339","properties":{"borough":"Queens","created_date":"2026-09-12T21:51:00.000","inspection_count":0,"latest_inspection_date":null,"latest_work_order_status":null,"latest_work_order_type":null,"max_risk_rating":null,"risk_assessment_count":0,"service_request_id":"02D20C4C-CC6E-4B11-A746-14939DB63339","source":"3-1-1 Call Center","status":"Open","work_order_count":0},"type":"Feature"},{"geometry":{"coordinates":[-73.983439,40.669745],"type":"Point"},"id":"03007D6B-A3F9-4330-BDD5-943ECFBCD60F","properties":{"borough":"Brooklyn","created_date":"2026-09-08T18:00:47.000","inspection_count":0,"latest_inspection_date":null,"latest_work_order_status":null,"latest_work_order_type":null,"max_risk_rating":null,"risk_assessment_count":0,"service_request_id":"03007D6B-A3F9-4330-BDD5-943ECFBCD60F","source":"3-1-1 Call Center","status":"Closed","work_order_count":0},"type":"Feature"},{"geometry":{"coordinates":[-73.828209,40.701946],"type":"Point"},"id":"030884E3-6580-4672-9259-56D388B6068D","properties":{"borough":"Queens","created_date":"2026-09-22T00:07:00.000","inspection_count":0,"latest_inspection_date":null,"latest_work_order_status":null,"latest_work_order_type":null,"max_risk_rating":null,"risk_assessment_count":0,"service_request_id":"030884E3-6580-4672-9259-56D388B6068D","source":"3-1-1 Call Center","status":"Open","work_order_count":0},"type":"Feature"},{"geometry":{"coordinates":[-74.136665,40.578044],"type":"Point"},"id":"0309C5F4-6CF8-4872-A939-40038A064036","properties":{"borough":"Staten Island","created_date":"2026-09-22T17:19:00.000","inspection_count":0,"latest_inspection_date":null,"latest_work_order_status":null,"latest_work_order_type":null,"max_risk_rating":null,"risk_assessment_count":0,"service_request_id":"0309C5F4-6CF8-4872-A939-40038A064036","source":"3-1-1 Call Center","status":"Open","work_order_count":0},"type":"Feature"},{"geometry":{"coordinates":[-73.88553,40.870945],"type":"Point"},"id":"031950F9-DDD2-46CE-9713-69CA2A06995E","properties":{"borough":"Bronx","created_date":"2026-09-15T12:54:35.000","inspection_count":0,"latest_inspection_date":null,"latest_work_order_status":null,"latest_work_order_type":null,"max_risk_rating":null,"risk_assessment_count":0,"service_request_id":"031950F9-DDD2-46CE-9713-69CA2A06995E","source":"3-1-1 Call Center","status":"Closed","work_order_count":0},"type":"Feature"},{"geometry":{"coordinates":[-73.748711,40.743606],"type":"Point"},"id":"0320364E-D72D-4D56-81A8-417A553FC5C0","properties":{"borough":"Queens","created_date":"2026-09-21T14:26:00.000","inspection_count":0,"latest_inspection_date":null,"latest_work_order_status":null,"latest_work_order_type":null,"max_risk_rating":null,"risk_assessment_count":0,"service_request_id":"0320364E-D72D-4D56-81A8-417A553FC5C0","source":"3-1-1 Call Center","status":"Open","work_order_count":0},"type":"Feature"},{"geometry":{"coordinates":[-74.150228,40.61873],"type":"Point"},"id":"0320F601-0F5D-48E0-8177-DCA354889101","properties":{"borough":"Staten Island","created_date":"2026-09-23T17:47:40.000","inspection_count":0,"latest_inspection_date":null,"latest_work_order_status":null,"latest_work_order_type":null,"max_risk_rating":null,"risk_assessment_count":0,"service_request_id":"0320F601-0F5D-48E0-8177-DCA354889101","source":"3-1-1 Call Center","status":"Open","work_order_count":0},"type":"Feature"},{"geometry":{"coordinates":[-74.159079,40.593548],"type":"Point"},"id":"032CB8F0-34C0-401F-B754-399362EE4262","properties":{"borough":"Staten Island","created_date":"2026-09-22T18:45:37.000","inspection_count":0,"latest_inspection_date":null,"latest_work_order_status":null,"latest_work_order_type":null,"max_risk_rating":null,"risk_assessment_count":0,"service_request_id":"032CB8F0-34C0-401F-B754-399362EE4262","source":"3-1-1 Call Center","status":"Open","work_order_count":0},"type":"Feature"},{"geometry":{"coordinates":[-74.127553,40.568003],"type":"Point"},"id":"032F506E-6337-45AD-9528-E3E88F40B616","properties":{"borough":"Staten Island","created_date":"2026-09-01T18:28:00.000","inspection_count":0,"latest_inspection_date":null,"latest_work_order_status":null,"latest_work_order_type":null,"max_risk_rating":null,"risk_assessment_count":0,"service_request_id":"032F506E-6337-45AD-9528-E3E88F40B616","source":"3-1-1 Call Center","status":"Open","work_order_count":0},"type":"Feature"},{"geometry":{"coordinates":[-74.116305,40.607356],"type":"Point"},"id":"034241B8-8F6D-4C74-9A95-B092C61BFA07","properties":{"borough":"Staten Island","created_date":"2026-09-25T15:35:00.000","inspection_count":0,"latest_inspection_date":null,"latest_work_order_status":null,"latest_work_order_type":null,"max_risk_rating":null,"risk_assessment_count":0,"service_request_id":"034241B8-8F6D-4C74-9A95-B092C61BFA07","source":"3-1-1 Call Center","status":"Open","work_order_count":0},"type":"Feature"},{"geometry":{"coordinates":[-73.882315,40.750756],"type":"Point"},"id":"034294F2-9BA5-466F-A9D6-B0856ED59158","properties":{"borough":"Queens","created_date":"2026-09-11T13:48:00.000","inspection_count":0,"latest_inspection_date":null,"latest_work_order_status":null,"latest_work_order_type":null,"max_risk_rating":null,"risk_assessment_count":0,"service_request_id":"034294F2-9BA5-466F-A9D6-B0856ED59158","source":"3-1-1 Call Center","status":"Open","work_order_count":0},"type":"Feature"},{"geometry":{"coordinates":[-73.886852,40.688726],"type":"Point"},"id":"0344C0DB-AE8A-416C-845A-09904EF35107","properties":{"borough":"Queens","created_date":"2026-09-13T14:41:00.000","inspection_count":0,"latest_inspection_date":null,"latest_work_order_status":null,"latest_work_order_type":null,"max_risk_rating":null,"risk_assessment_count":0,"service_request_id":"0344C0DB-AE8A-416C-845A-09904EF35107","source":"3-1-1 Call Center","status":"Closed","work_order_count":0},"type":"Feature"},{"geometry":{"coordinates":[-73.879912,40.726369],"type":"Point"},"id":"034FD39D-BCC9-44AA-8621-ECBFDF47477B","properties":{"borough":"Queens","created_date":"2026-09-24T20:26:00.000","inspection_count":0,"latest_inspection_date":null,"latest_work_order_status":null,"latest_work_order_type":null,"max_risk_rating":null,"risk_assessment_count":0,"service_request_id":"034FD39D-BCC9-44AA-8621-ECBFDF47477B","source":"3-1-1 Call Center","status":"Open","work_order_count":0},"type":"Feature"},{"geometry":{"coordinates":[-74.015339,40.64067],"type":"Point"},"id":"03568B4A-1A76-4431-A733-E65A86DF16E0","properties":{"borough":"Brooklyn","created_date":"2026-09-19T14:08:58.000","inspection_count":0,"latest_inspection_date":null,"latest_work_order_status":null,"latest_work_order_type":null,"max_risk_rating":null,"risk_assessment_count":0,"service_request_id":"03568B4A-1A76-4431-A733-E65A86DF16E0","source":"3-1-1 Call Center","status":"Open","work_order_count":0},"type":"Feature"},{"geometry":{"coordinates":[-73.965035,40.625915],"type":"Point"},"id":"035C2F60-DD1C-4CDF-8A54-E85A5069A169","properties":{"borough":"Brooklyn","created_date":"2026-09-17T16:59:18.000","inspection_count":0,"latest_inspection_date":null,"latest_work_order_status":null,"latest_work_order_type":null,"max_risk_rating":null,"risk_assessment_count":0,"service_request_id":"035C2F60-DD1C-4CDF-8A54-E85A5069A169","source":"3-1-1 Call Center","status":"Closed","work_order_count":0},"type":"Feature"},{"geometry":{"coordinates":[-73.779293,40.668138],"type":"Point"},"id":"03641370-4328-4E98-AF19-A67BD5A7F046","properties":{"borough":"Queens","created_date":"2026-09-14T14:53:00.000","inspection_count":0,"latest_inspection_date":null,"latest_work_order_status":null,"latest_work_order_type":null,"max_risk_rating":null,"risk_assessment_count":0,"service_request_id":"03641370-4328-4E98-AF19-A67BD5A7F046","source":"3-1-1 Call Center","status":"Open","work_order_count":0},"type":"Feature"},{"geometry":{"coordinates":[-73.953035,40.825257],"type":"Point"},"id":"036F32DE-B4D5-426B-BDD3-8C6D54FF4699","properties":{"borough":"Manhattan","created_date":"2026-09-20T22:38:32.000","inspection_count":0,"latest_inspection_date":null,"latest_work_order_status":null,"latest_work_order_type":null,"max_risk_rating":null,"risk_assessment_count":0,"service_request_id":"036F32DE-B4D5-426B-BDD3-8C6D54FF4699","source":"Department of Parks and Recreation - Public Web Site","status":"Open","work_order_count":0},"type":"Feature"},{"geometry":{"coordinates":[-73.81944,40.792845],"type":"Point"},"id":"037441C7-A354-4282-A2BD-0C870A9E699D","properties":{"borough":"Queens","created_date":"2026-09-22T14:10:50.000","inspection_count":0,"latest_inspection_date":null,"latest_work_order_status":null,"latest_work_order_type":null,"max_risk_rating":null,"risk_assessment_count":0,"service_request_id":"037441C7-A354-4282-A2BD-0C870A9E699D","source":"3-1-1 Call Center","status":"Open","work_order_count":0},"type":"Feature"},{"geometry":{"coordinates":[-73.945635,40.671081],"type":"Point"},"id":"0392F271-88AE-419A-B383-D1CED13A96DB","properties":{"borough":"Brooklyn","created_date":"2026-09-04T11:07:00.000","inspection_count":0,"latest_inspection_date":null,"latest_work_order_status":null,"latest_work_order_type":null,"max_risk_rating":null,"risk_assessment_count":0,"service_request_id":"0392F271-88AE-419A-B383-D1CED13A96DB","source":"3-1-1 Call Center","status":"Open","work_order_count":0},"type":"Feature"},{"geometry":{"coordinates":[-73.893463,40.742283],"type":"Point"},"id":"039A3472-EFE3-4915-828B-D42EA5FDEECE","properties":{"borough":"Queens","created_date":"2026-09-23T15:01:00.000","inspection_count":0,"latest_inspection_date":null,"latest_work_order_status":null,"latest_work_order_type":null,"max_risk_rating":null,"risk_assessment_count":0,"service_request_id":"039A3472-EFE3-4915-828B-D42EA5FDEECE","source":"3-1-1 Call Center","status":"Open","work_order_count":0},"type":"Feature"},{"geometry":{"coordinates":[-74.035732,40.618416],"type":"Point"},"id":"03A843E2-2275-471B-BAB7-8F8A99D99E0A","properties":{"borough":"Brooklyn","created_date":"2026-09-01T18:48:33.000","inspection_count":0,"latest_inspection_date":null,"latest_work_order_status":null,"latest_work_order_type":null,"max_risk_rating":null,"risk_assessment_count":0,"service_request_id":"03A843E2-2275-471B-BAB7-8F8A99D99E0A","source":"3-1-1 Call Center","status":"Closed","work_order_count":0},"type":"Feature"},{"geometry":{"coordinates":[-73.827865,40.87987],"type":"Point"},"id":"03AAF479-0B4E-4C33-810E-546BE6DEF54C","properties":{"borough":"Bronx","created_date":"2026-09-17T18:24:47.000","inspection_count":0,"latest_inspection_date":null,"latest_work_order_status":null,"latest_work_order_type":null,"max_risk_rating":null,"risk_assessment_count":0,"service_request_id":"03AAF479-0B4E-4C33-810E-546BE6DEF54C","source":"3-1-1 Call Center","status":"Closed","work_order_count":0},"type":"Feature"},{"geometry":{"coordinates":[-73.90829,40.622555],"type":"Point"},"id":"03CACE89-0C22-47DB-9425-B936FBFE954A","properties":{"borough":"Brooklyn","created_date":"2026-09-21T01:34:39.000","inspection_count":0,"latest_inspection_date":null,"latest_work_order_status":null,"latest_work_order_type":null,"max_risk_rating":null,"risk_assessment_count":0,"service_request_id":"03CACE89-0C22-47DB-9425-B936FBFE954A","source":"3-1-1 Call Center","status":"Open","work_order_count":0},"type":"Feature"},{"geometry":{"coordinates":[-74.011902,40.603931],"type":"Point"},"id":"03D17CCD-A333-4924-90B5-B7EEB74878AB","properties":{"borough":"Brooklyn","created_date":"2026-09-25T12:52:59.000","inspection_count":0,"latest_inspection_date":null,"latest_work_order_status":null,"latest_work_order_type":null,"max_risk_rating":null,"risk_assessment_count":0,"service_request_id":"03D17CCD-A333-4924-90B5-B7EEB74878AB","source":"3-1-1 Call Center","status":"Closed","work_order_count":0},"type":"Feature"},{"geometry":{"coordinates":[-73.974177,40.785257],"type":"Point"},"id":"04038075-413A-4E06-817C-B06AB018DB81","properties":{"borough":"Manhattan","created_date":"2026-09-08T21:20:02.000","inspection_count":0,"latest_inspection_date":null,"latest_work_order_status":null,"latest_work_order_type":null,"max_risk_rating":null,"risk_assessment_count":0,"service_request_id":"04038075-413A-4E06-817C-B06AB018DB81","source":"Department of Parks and Recreation - Public Web Site","status":"Closed","work_order_count":0},"type":"Feature"},{"geometry":{"coordinates":[-73.882417,40.721692],"type":"Point"},"id":"040FA955-90BC-48E7-914A-9975012C6EDE","properties":{"borough":"Queens","created_date":"2026-09-25T18:20:00.000","inspection_count":0,"latest_inspection_date":null,"latest_work_order_status":null,"latest_work_order_type":null,"max_risk_rating":null,"risk_assessment_count":0,"service_request_id":"040FA955-90BC-48E7-914A-9975012C6EDE","source":"Department of Parks and Recreation - Public Web Site","status":"Open","work_order_count":0},"type":"Feature"},{"geometry":{"coordinates":[-73.974177,40.785257],"type":"Point"},"id":"041AC03E-26F2-49BA-A6A3-67B2872F2AE7","properties":{"borough":"Manhattan","created_date":"2026-09-08T02:20:02.000","inspection_count":0,"latest_inspection_date":null,"latest_work_order_status":null,"latest_work_order_type":null,"max_risk_rating":null,"risk_assessment_count":0,"service_request_id":"041AC03E-26F2-49BA-A6A3-67B2872F2AE7","source":"Department of Parks and Recreation - Public Web Site","status":"Closed","work_order_count":0},"type":"Feature"},{"geometry":{"coordinates":[-73.886363,40.705082],"type":"Point"},"id":"041C1678-A1D0-4BBB-9CB2-20B71CA57042","properties":{"borough":"Queens","created_date":"2026-09-02T16:17:00.000","inspection_count":0,"latest_inspection_date":null,"latest_work_order_status":null,"latest_work_order_type":null,"max_risk_rating":null,"risk_assessment_count":0,"service_request_id":"041C1678-A1D0-4BBB-9CB2-20B71CA57042","source":"3-1-1 Call Center","status":"Open","work_order_count":0},"type":"Feature"},{"geometry":{"coordinates":[-73.766797,40.664624],"type":"Point"},"id":"041CEDCF-16F6-4DFE-AF40-C093E2043CFD","properties":{"borough":"Queens","created_date":"2026-09-14T17:40:00.000","inspection_count":0,"latest_inspection_date":null,"latest_work_order_status":null,"latest_work_order_type":null,"max_risk_rating":null,"risk_assessment_count":0,"service_request_id":"041CEDCF-16F6-4DFE-AF40-C093E2043CFD","source":"3-1-1 Call Center","status":"Open","work_order_count":0},"type":"Feature"},{"geometry":{"coordinates":[-73.9187,40.809599],"type":"Point"},"id":"04231FA4-D70D-48B7-8996-C09C8D686F30","properties":{"borough":"Bronx","created_date":"2026-09-02T16:07:22.000","inspection_count":0,"latest_inspection_date":null,"latest_work_order_status":null,"latest_work_order_type":null,"max_risk_rating":null,"risk_assessment_count":0,"service_request_id":"04231FA4-D70D-48B7-8996-C09C8D686F30","source":"Department of Parks and Recreation - Public Web Site","status":"Open","work_order_count":0},"type":"Feature"},{"geometry":{"coordinates":[-73.958058,40.709867],"type":"Point"},"id":"0425AAC1-99DF-4174-A82D-4526F509E09B","properties":{"borough":"Brooklyn","created_date":"2026-09-23T14:52:00.000","inspection_count":0,"latest_inspection_date":null,"latest_work_order_status":null,"latest_work_order_type":null,"max_risk_rating":null,"risk_assessment_count":0,"service_request_id":"0425AAC1-99DF-4174-A82D-4526F509E09B","source":"3-1-1 Call Center","status":"Open","work_order_count":0},"type":"Feature"},{"geometry":{"coordinates":[-73.89689,40.710342],"type":"Point"},"id":"0429F8FF-7737-4634-AC11-F45360606C93","properties":{"borough":"Queens","created_date":"2026-09-06T20:06:00.000","inspection_count":0,"latest_inspection_date":null,"latest_work_order_status":null,"latest_work_order_type":null,"max_risk_rating":null,"risk_assessment_count":0,"service_request_id":"0429F8FF-7737-4634-AC11-F45360606C93","source":"3-1-1 Call Center","status":"Open","work_order_count":0},"type":"Feature"},{"geometry":{"coordinates":[-74.229942,40.509055],"type":"Point"},"id":"042C756D-6C34-4294-8B30-45F10300FB85","properties":{"borough":"Staten Island","created_date":"2026-09-19T17:42:11.000","inspection_count":0,"latest_inspection_date":null,"latest_work_order_status":null,"latest_work_order_type":null,"max_risk_rating":null,"risk_assessment_count":0,"service_request_id":"042C756D-6C34-4294-8B30-45F10300FB85","source":"3-1-1 Call Center","status":"Closed","work_order_count":0},"type":"Feature"},{"geometry":{"coordinates":[-73.933535,40.59359],"type":"Point"},"id":"04371563-030C-49B6-90B5-8AA2885B681A","properties":{"borough":"Brooklyn","created_date":"2026-09-24T22:15:00.000","inspection_count":0,"latest_inspection_date":null,"latest_work_order_status":null,"latest_work_order_type":null,"max_risk_rating":null,"risk_assessment_count":0,"service_request_id":"04371563-030C-49B6-90B5-8AA2885B681A","source":"3-1-1 Call Center","status":"Open","work_order_count":0},"type":"Feature"},{"geometry":{"coordinates":[-73.974177,40.785257],"type":"Point"},"id":"043FE266-2CA0-4F0E-8312-6AE239869909","properties":{"borough":"Manhattan","created_date":"2026-09-07T09:15:02.000","inspection_count":0,"latest_inspection_date":null,"latest_work_order_status":null,"latest_work_order_type":null,"max_risk_rating":null,"risk_assessment_count":0,"service_request_id":"043FE266-2CA0-4F0E-8312-6AE239869909","source":"Department of Parks and Recreation - Public Web Site","status":"Closed","work_order_count":0},"type":"Feature"},{"geometry":{"coordinates":[-73.984957,40.704157],"type":"Point"},"id":"04498684-6A4D-4108-A9A3-0AE3680EBC05","properties":{"borough":"Brooklyn","created_date":"2026-09-23T21:32:54.000","inspection_count":0,"latest_inspection_date":null,"latest_work_order_status":null,"latest_work_order_type":null,"max_risk_rating":null,"risk_assessment_count":0,"service_request_id":"04498684-6A4D-4108-A9A3-0AE3680EBC05","source":"Department of Parks and Recreation - Public Web Site","status":"Open","work_order_count":0},"type":"Feature"},{"geometry":{"coordinates":[-73.991386,40.68762],"type":"Point"},"id":"046277AC-6AC5-4BEF-B235-BA9D3DECC9EB","properties":{"borough":"Brooklyn","created_date":"2026-09-14T17:14:10.000","inspection_count":0,"latest_inspection_date":null,"latest_work_order_status":null,"latest_work_order_type":null,"max_risk_rating":null,"risk_assessment_count":0,"service_request_id":"046277AC-6AC5-4BEF-B235-BA9D3DECC9EB","source":"3-1-1 Call Center","status":"Closed","work_order_count":0},"type":"Feature"},{"geometry":{"coordinates":[-73.743957,40.66698],"type":"Point"},"id":"0479B5B9-EE01-4002-BFB5-43FBDE0DBA2C","properties":{"borough":"Queens","created_date":"2026-09-01T20:51:00.000","inspection_count":0,"latest_inspection_date":null,"latest_work_order_status":null,"latest_work_order_type":null,"max_risk_rating":null,"risk_assessment_count":0,"service_request_id":"0479B5B9-EE01-4002-BFB5-43FBDE0DBA2C","source":"3-1-1 Call Center","status":"Open","work_order_count":0},"type":"Feature"},{"geometry":{"coordinates":[-73.991551,40.721707],"type":"Point"},"id":"048A8C21-54B2-49D8-AFE5-F46D8F68139C","properties":{"borough":"Manhattan","created_date":"2026-09-15T15:29:00.000","inspection_count":0,"latest_inspection_date":null,"latest_work_order_status":null,"latest_work_order_type":null,"max_risk_rating":null,"risk_assessment_count":0,"service_request_id":"048A8C21-54B2-49D8-AFE5-F46D8F68139C","source":"AMPS","status":"Open","work_order_count":0},"type":"Feature"},{"geometry":{"coordinates":[-73.978491,40.633944],"type":"Point"},"id":"048ABD66-BA77-49EE-AA7D-AA6D9F4DE631","properties":{"borough":"Brooklyn","created_date":"2026-09-08T15:40:56.000","inspection_count":0,"latest_inspection_date":null,"latest_work_order_status":null,"latest_work_order_type":null,"max_risk_rating":null,"risk_assessment_count":0,"service_request_id":"048ABD66-BA77-49EE-AA7D-AA6D9F4DE631","source":"3-1-1 Call Center","status":"Closed","work_order_count":0},"type":"Feature"},{"geometry":{"coordinates":[-73.97508,40.668553],"type":"Point"},"id":"048D7363-B7D3-4F85-B9B9-119A01298178","properties":{"borough":"Brooklyn","created_date":"2026-09-24T20:35:41.000","inspection_count":0,"latest_inspection_date":null,"latest_work_order_status":null,"latest_work_order_type":null,"max_risk_rating":null,"risk_assessment_count":0,"service_request_id":"048D7363-B7D3-4F85-B9B9-119A01298178","source":"3-1-1 Call Center","status":"Open","work_order_count":0},"type":"Feature"},{"geometry":{"coordinates":[-74.128327,40.613212],"type":"Point"},"id":"04ABBC79-824D-47D6-B60F-0FC476CE5AF2","properties":{"borough":"Staten Island","created_date":"2026-09-25T15:22:00.000","inspection_count":0,"latest_inspection_date":null,"latest_work_order_status":null,"latest_work_order_type":null,"max_risk_rating":null,"risk_assessment_count":0,"service_request_id":"04ABBC79-824D-47D6-B60F-0FC476CE5AF2","source":"3-1-1 Call Center","status":"Closed","work_order_count":0},"type":"Feature"},{"geometry":{"coordinates":[-73.942363,40.627018],"type":"Point"},"id":"04AC051C-24F5-4621-8516-1208A8483D3A","properties":{"borough":"Brooklyn","created_date":"2026-09-25T14:57:00.000","inspection_count":0,"latest_inspection_date":null,"latest_work_order_status":null,"latest_work_order_type":null,"max_risk_rating":null,"risk_assessment_count":0,"service_request_id":"04AC051C-24F5-4621-8516-1208A8483D3A","source":"3-1-1 Call Center","status":"Open","work_order_count":0},"type":"Feature"},{"geometry":{"coordinates":[-73.826658,40.840463],"type":"Point"},"id":"04B7F763-365D-4AC9-8EA9-94399755F144","properties":{"borough":"Bronx","created_date":"2026-09-24T00:49:15.000","inspection_count":0,"latest_inspection_date":null,"latest_work_order_status":null,"latest_work_order_type":null,"max_risk_rating":null,"risk_assessment_count":0,"service_request_id":"04B7F763-365D-4AC9-8EA9-94399755F144","source":"3-1-1 Call Center","status":"Open","work_order_count":0},"type":"Feature"},{"geometry":{"coordinates":[-73.956035,40.747223],"type":"Point"},"id":"04BE5A00-8FAE-4BF4-BBF1-80640989E751","properties":{"borough":"Queens","created_date":"2026-09-25T15:32:00.000","inspection_count":0,"latest_inspection_date":null,"latest_work_order_status":null,"latest_work_order_type":null,"max_risk_rating":null,"risk_assessment_count":0,"service_request_id":"04BE5A00-8FAE-4BF4-BBF1-80640989E751","source":"3-1-1 Call Center","status":"Open","work_order_count":0},"type":"Feature"},{"geometry":{"coordinates":[-73.836882,40.717019],"type":"Point"},"id":"04C5CB79-EF9E-4C83-8F71-1B135C3C81DE","properties":{"borough":"Queens","created_date":"2026-09-13T14:42:00.000","inspection_count":0,"latest_inspection_date":null,"latest_work_order_status":null,"latest_work_order_type":null,"max_risk_rating":null,"risk_assessment_count":0,"service_request_id":"04C5CB79-EF9E-4C83-8F71-1B135C3C81DE","source":"3-1-1 Call Center","status":"Open","work_order_count":0},"type":"Feature"},{"geometry":{"coordinates":[-73.843092,40.693231],"type":"Point"},"id":"04CDE1B1-B779-449A-A1F4-B18B60A655E5","properties":{"borough":"Queens","created_date":"2026-09-22T16:00:00.000","inspection_count":0,"latest_inspection_date":null,"latest_work_order_status":null,"latest_work_order_type":null,"max_risk_rating":null,"risk_assessment_count":0,"service_request_id":"04CDE1B1-B779-449A-A1F4-B18B60A655E5","source":"3-1-1 Call Center","status":"Open","work_order_count":0},"type":"Feature"},{"geometry":{"coordinates":[-73.974177,40.785257],"type":"Point"},"id":"04CF9588-BDF2-476E-A88C-CF0CF9B416E8","properties":{"borough":"Manhattan","created_date":"2026-09-09T00:25:02.000","inspection_count":0,"latest_inspection_date":null,"latest_work_order_status":null,"latest_work_order_type":null,"max_risk_rating":null,"risk_assessment_count":0,"service_request_id":"04CF9588-BDF2-476E-A88C-CF0CF9B416E8","source":"Department of Parks and Recreation - Public Web Site","status":"Closed","work_order_count":0},"type":"Feature"},{"geometry":{"coordinates":[-73.794638,40.684772],"type":"Point"},"id":"04D3ECE5-EDA4-4586-B904-D1A4EC333A5D","properties":{"borough":"Queens","created_date":"2026-09-16T02:37:00.000","inspection_count":0,"latest_inspection_date":null,"latest_work_order_status":null,"latest_work_order_type":null,"max_risk_rating":null,"risk_assessment_count":0,"service_request_id":"04D3ECE5-EDA4-4586-B904-D1A4EC333A5D","source":"Department of Parks and Recreation - Public Web Site","status":"Open","work_order_count":0},"type":"Feature"},{"geometry":{"coordinates":[-73.974177,40.785257],"type":"Point"},"id":"04E4F805-887F-4CE3-9271-574ADB31807C","properties":{"borough":"Manhattan","created_date":"2026-09-09T05:25:02.000","inspection_count":0,"latest_inspection_date":null,"latest_work_order_status":null,"latest_work_order_type":null,"max_risk_rating":null,"risk_assessment_count":0,"service_request_id":"04E4F805-887F-4CE3-9271-574ADB31807C","source":"Department of Parks and Recreation - Public Web Site","status":"Closed","work_order_count":0},"type":"Feature"},{"geometry":{"coordinates":[-74.113529,40.630912],"type":"Point"},"id":"04F9E012-58FD-443F-8186-60F65403A9E6","properties":{"borough":"Staten Island","created_date":"2026-09-02T16:38:50.000","inspection_count":0,"latest_inspection_date":null,"latest_work_order_status":null,"latest_work_order_type":null,"max_risk_rating":null,"risk_assessment_count":0,"service_request_id":"04F9E012-58FD-443F-8186-60F65403A9E6","source":"3-1-1 Call Center","status":"Closed","work_order_count":0},"type":"Feature"},{"geometry":{"coordinates":[-73.887125,40.700295],"type":"Point"},"id":"04FA88DD-F475-4FC8-92C8-3C1363CBBB4B","properties":{"borough":"Queens","created_date":"2026-09-23T21:07:00.000","inspection_count":0,"latest_inspection_date":null,"latest_work_order_status":null,"latest_work_order_type":null,"max_risk_rating":null,"risk_assessment_count":0,"service_request_id":"04FA88DD-F475-4FC8-92C8-3C1363CBBB4B","source":"3-1-1 Call Center","status":"Open","work_order_count":0},"type":"Feature"},{"geometry":{"coordinates":[-73.974177,40.785257],"type":"Point"},"id":"04FAEE5D-15D2-40B6-82DE-B00423BC3328","properties":{"borough":"Manhattan","created_date":"2026-09-07T23:30:02.000","inspection_count":0,"latest_inspection_date":null,"latest_work_order_status":null,"latest_work_order_type":null,"max_risk_rating":null,"risk_assessment_count":0,"service_request_id":"04FAEE5D-15D2-40B6-82DE-B00423BC3328","source":"Department of Parks and Recreation - Public Web Site","status":"Closed","work_order_count":0},"type":"Feature"},{"geometry":{"coordinates":[-73.956269,40.682328],"type":"Point"},"id":"04FEEE95-B6C9-4C8C-9DDB-AE53CF9B21F3","properties":{"borough":"Brooklyn","created_date":"2026-09-23T21:38:36.000","inspection_count":0,"latest_inspection_date":null,"latest_work_order_status":null,"latest_work_order_type":null,"max_risk_rating":null,"risk_assessment_count":0,"service_request_id":"04FEEE95-B6C9-4C8C-9DDB-AE53CF9B21F3","source":"Department of Parks and Recreation - Public Web Site","status":"Open","work_order_count":0},"type":"Feature"},{"geometry":{"coordinates":[-73.875441,40.709374],"type":"Point"},"id":"052E4134-5306-4786-8EB7-C9CD35CF3A0E","properties":{"borough":"Queens","created_date":"2026-09-14T14:37:00.000","inspection_count":0,"latest_inspection_date":null,"latest_work_order_status":null,"latest_work_order_type":null,"max_risk_rating":null,"risk_assessment_count":0,"service_request_id":"052E4134-5306-4786-8EB7-C9CD35CF3A0E","source":"3-1-1 Call Center","status":"Open","work_order_count":0},"type":"Feature"},{"geometry":{"coordinates":[-73.974177,40.785257],"type":"Point"},"id":"0547141C-E21A-4281-9B2F-C0FBC57EDE2B","properties":{"borough":"Manhattan","created_date":"2026-09-07T13:40:01.000","inspection_count":0,"latest_inspection_date":null,"latest_work_order_status":null,"latest_work_order_type":null,"max_risk_rating":null,"risk_assessment_count":0,"service_request_id":"0547141C-E21A-4281-9B2F-C0FBC57EDE2B","source":"Department of Parks and Recreation - Public Web Site","status":"Closed","work_order_count":0},"type":"Feature"},{"geometry":{"coordinates":[-74.074462,40.59297],"type":"Point"},"id":"05514317-6D12-4E88-86C8-DD94B9D95DE5","properties":{"borough":"Staten Island","created_date":"2026-09-01T21:22:00.000","inspection_count":0,"latest_inspection_date":null,"latest_work_order_status":null,"latest_work_order_type":null,"max_risk_rating":null,"risk_assessment_count":0,"service_request_id":"05514317-6D12-4E88-86C8-DD94B9D95DE5","source":"3-1-1 Call Center","status":"Closed","work_order_count":0},"type":"Feature"},{"geometry":{"coordinates":[-73.916382,40.75636],"type":"Point"},"id":"0573F5E6-1ECA-4811-99AF-3A243D83A08E","properties":{"borough":"Queens","created_date":"2026-09-02T16:21:00.000","inspection_count":0,"latest_inspection_date":null,"latest_work_order_status":null,"latest_work_order_type":null,"max_risk_rating":null,"risk_assessment_count":0,"service_request_id":"0573F5E6-1ECA-4811-99AF-3A243D83A08E","source":"3-1-1 Call Center","status":"Open","work_order_count":0},"type":"Feature"},{"geometry":{"coordinates":[-73.985665,40.595131],"type":"Point"},"id":"057D5FFE-44E9-4840-AB4F-F11F97419DFB","properties":{"borough":"Brooklyn","created_date":"2026-09-15T13:54:00.000","inspection_count":0,"latest_inspection_date":null,"latest_work_order_status":null,"latest_work_order_type":null,"max_risk_rating":null,"risk_assessment_count":0,"service_request_id":"057D5FFE-44E9-4840-AB4F-F11F97419DFB","source":"Correspondence","status":"Open","work_order_count":0},"type":"Feature"},{"geometry":{"coordinates":[-74.003483,40.616306],"type":"Point"},"id":"05935013-215B-42EC-B296-15BF2C132FAA","properties":{"borough":"Brooklyn","created_date":"2026-09-12T17:00:02.000","inspection_count":0,"latest_inspection_date":null,"latest_work_order_status":null,"latest_work_order_type":null,"max_risk_rating":null,"risk_assessment_count":0,"service_request_id":"05935013-215B-42EC-B296-15BF2C132FAA","source":"Department of Parks and Recreation - Public Web Site","status":"Open","work_order_count":0},"type":"Feature"},{"geometry":{"coordinates":[-74.190743,40.551537],"type":"Point"},"id":"05970CDE-2FD2-4AD0-B4C2-44B6F4186621","properties":{"borough":"Staten Island","created_date":"2026-09-09T17:47:47.000","inspection_count":0,"latest_inspection_date":null,"latest_work_order_status":null,"latest_work_order_type":null,"max_risk_rating":null,"risk_assessment_count":0,"service_request_id":"05970CDE-2FD2-4AD0-B4C2-44B6F4186621","source":"Department of Parks and Recreation - Public Web Site","status":"Open","work_order_count":0},"type":"Feature"},{"geometry":{"coordinates":[-73.848739,40.712128],"type":"Point"},"id":"059BFADB-946D-4081-BD80-D425C4FFF88A","properties":{"borough":"Queens","created_date":"2026-09-17T21:04:04.000","inspection_count":0,"latest_inspection_date":null,"latest_work_order_status":null,"latest_work_order_type":null,"max_risk_rating":null,"risk_assessment_count":0,"service_request_id":"059BFADB-946D-4081-BD80-D425C4FFF88A","source":"3-1-1 Call Center","status":"Open","work_order_count":0},"type":"Feature"},{"geometry":{"coordinates":[-73.79377,40.750738],"type":"Point"},"id":"059C5199-5687-4AA8-867C-B5E2DFDDA6EE","properties":{"borough":"Queens","created_date":"2026-09-25T15:46:00.000","inspection_count":0,"latest_inspection_date":null,"latest_work_order_status":null,"latest_work_order_type":null,"max_risk_rating":null,"risk_assessment_count":0,"service_request_id":"059C5199-5687-4AA8-867C-B5E2DFDDA6EE","source":"3-1-1 Call Center","status":"Open","work_order_count":0},"type":"Feature"},{"geometry":{"coordinates":[-73.852421,40.678567],"type":"Point"},"id":"05AF3568-53A2-4906-8B01-CEB569705C95","properties":{"borough":"Queens","created_date":"2026-09-24T22:08:44.000","inspection_count":0,"latest_inspection_date":null,"latest_work_order_status":null,"latest_work_order_type":null,"max_risk_rating":null,"risk_assessment_count":0,"service_request_id":"05AF3568-53A2-4906-8B01-CEB569705C95","source":"3-1-1 Call Center","status":"Open","work_order_count":0},"type":"Feature"},{"geometry":{"coordinates":[-73.902268,40.85806],"type":"Point"},"id":"05BF661E-18B5-4F25-BEEB-8FDE8479D08F","properties":{"borough":"Bronx","created_date":"2026-09-24T20:05:49.000","inspection_count":0,"latest_inspection_date":null,"latest_work_order_status":null,"latest_work_order_type":null,"max_risk_rating":null,"risk_assessment_count":0,"service_request_id":"05BF661E-18B5-4F25-BEEB-8FDE8479D08F","source":"DPR -Public Tree Map","status":"Open","work_order_count":0},"type":"Feature"},{"geometry":{"coordinates":[-73.838475,40.687765],"type":"Point"},"id":"05BFD097-AB49-461F-8B67-4E0EABD9364D","properties":{"borough":"Queens","created_date":"2026-09-11T15:01:00.000","inspection_count":0,"latest_inspection_date":null,"latest_work_order_status":null,"latest_work_order_type":null,"max_risk_rating":null,"risk_assessment_count":0,"service_request_id":"05BFD097-AB49-461F-8B67-4E0EABD9364D","source":"3-1-1 Call Center","status":"Open","work_order_count":0},"type":"Feature"},{"geometry":{"coordinates":[-74.171661,40.539268],"type":"Point"},"id":"05CE8A94-0BA9-4A3D-B004-9DC7C1E8FEC7","properties":{"borough":"Staten Island","created_date":"2026-09-09T03:06:00.000","inspection_count":0,"latest_inspection_date":null,"latest_work_order_status":null,"latest_work_order_type":null,"max_risk_rating":null,"risk_assessment_count":0,"service_request_id":"05CE8A94-0BA9-4A3D-B004-9DC7C1E8FEC7","source":"Department of Parks and Recreation - Public Web Site","status":"Closed","work_order_count":0},"type":"Feature"},{"geometry":{"coordinates":[-73.891093,40.748409],"type":"Point"},"id":"05D22AE9-4593-4A5C-83BC-E47A460243E2","properties":{"borough":"Queens","created_date":"2026-09-08T22:15:51.000","inspection_count":0,"latest_inspection_date":null,"latest_work_order_status":null,"latest_work_order_type":null,"max_risk_rating":null,"risk_assessment_count":0,"service_request_id":"05D22AE9-4593-4A5C-83BC-E47A460243E2","source":"Department of Parks and Recreation - Public Web Site","status":"Open","work_order_count":0},"type":"Feature"},{"geometry":{"coordinates":[-74.003483,40.616306],"type":"Point"},"id":"05DD321A-FFD7-4B72-97E7-370240958092","properties":{"borough":"Brooklyn","created_date":"2026-09-12T01:15:02.000","inspection_count":0,"latest_inspection_date":null,"latest_work_order_status":null,"latest_work_order_type":null,"max_risk_rating":null,"risk_assessment_count":0,"service_request_id":"05DD321A-FFD7-4B72-97E7-370240958092","source":"Department of Parks and Recreation - Public Web Site","status":"Open","work_order_count":0},"type":"Feature"},{"geometry":{"coordinates":[-73.888988,40.757108],"type":"Point"},"id":"05ECED32-8A06-4434-BA79-1AA51F1E197A","properties":{"borough":"Queens","created_date":"2026-09-23T18:32:00.000","inspection_count":0,"latest_inspection_date":null,"latest_work_order_status":null,"latest_work_order_type":null,"max_risk_rating":null,"risk_assessment_count":0,"service_request_id":"05ECED32-8A06-4434-BA79-1AA51F1E197A","source":"Department of Parks and Recreation - Public Web Site","status":"Closed","work_order_count":0},"type":"Feature"},{"geometry":{"coordinates":[-73.817873,40.794124],"type":"Point"},"id":"06084CC4-D450-4386-8494-043EC013E112","properties":{"borough":"Queens","created_date":"2026-09-08T13:05:00.000","inspection_count":0,"latest_inspection_date":null,"latest_work_order_status":null,"latest_work_order_type":null,"max_risk_rating":null,"risk_assessment_count":0,"service_request_id":"06084CC4-D450-4386-8494-043EC013E112","source":"3-1-1 Call Center","status":"Open","work_order_count":0},"type":"Feature"},{"geometry":{"coordinates":[-74.183117,40.550207],"type":"Point"},"id":"0608BE4E-3EEA-456F-BA69-98AE7C30F109","properties":{"borough":"Staten Island","created_date":"2026-09-01T14:48:00.000","inspection_count":0,"latest_inspection_date":null,"latest_work_order_status":null,"latest_work_order_type":null,"max_risk_rating":null,"risk_assessment_count":0,"service_request_id":"0608BE4E-3EEA-456F-BA69-98AE7C30F109","source":"3-1-1 Call Center","status":"Closed","work_order_count":0},"type":"Feature"},{"geometry":{"coordinates":[-74.104376,40.629867],"type":"Point"},"id":"0620BAD8-45D8-436B-A52A-9375BFE596B1","properties":{"borough":"Staten Island","created_date":"2026-09-02T16:07:00.000","inspection_count":0,"latest_inspection_date":null,"latest_work_order_status":null,"latest_work_order_type":null,"max_risk_rating":null,"risk_assessment_count":0,"service_request_id":"0620BAD8-45D8-436B-A52A-9375BFE596B1","source":"3-1-1 Call Center","status":"Closed","work_order_count":0},"type":"Feature"},{"geometry":{"coordinates":[-73.846016,40.730706],"type":"Point"},"id":"062D7414-366A-41D9-BCBC-5F4FE0B63F7F","properties":{"borough":"Queens","created_date":"2026-09-02T14:00:00.000","inspection_count":0,"latest_inspection_date":null,"latest_work_order_status":null,"latest_work_order_type":null,"max_risk_rating":null,"risk_assessment_count":0,"service_request_id":"062D7414-366A-41D9-BCBC-5F4FE0B63F7F","source":"3-1-1 Call Center","status":"Open","work_order_count":0},"type":"Feature"},{"geometry":{"coordinates":[-73.974177,40.785257],"type":"Point"},"id":"06305715-2EC7-4131-8D27-8E35E1BF6C54","properties":{"borough":"Manhattan","created_date":"2026-09-08T04:55:02.000","inspection_count":0,"latest_inspection_date":null,"latest_work_order_status":null,"latest_work_order_type":null,"max_risk_rating":null,"risk_assessment_count":0,"service_request_id":"06305715-2EC7-4131-8D27-8E35E1BF6C54","source":"Department of Parks and Recreation - Public Web Site","status":"Closed","work_order_count":0},"type":"Feature"},{"geometry":{"coordinates":[-73.916507,40.76298],"type":"Point"},"id":"0648A88D-469C-4079-A465-C6A503AF2512","properties":{"borough":"Queens","created_date":"2026-09-04T14:43:22.000","inspection_count":0,"latest_inspection_date":null,"latest_work_order_status":null,"latest_work_order_type":null,"max_risk_rating":null,"risk_assessment_count":0,"service_request_id":"0648A88D-469C-4079-A465-C6A503AF2512","source":"DPR -Public Tree Map","status":"Open","work_order_count":0},"type":"Feature"},{"geometry":{"coordinates":[-74.181487,40.555217],"type":"Point"},"id":"0660EEAB-2461-4F11-B048-B5F000857C9E","properties":{"borough":"Staten Island","created_date":"2026-09-23T13:59:00.000","inspection_count":0,"latest_inspection_date":null,"latest_work_order_status":null,"latest_work_order_type":null,"max_risk_rating":null,"risk_assessment_count":0,"service_request_id":"0660EEAB-2461-4F11-B048-B5F000857C9E","source":"3-1-1 Call Center","status":"Closed","work_order_count":0},"type":"Feature"},{"geometry":{"coordinates":[-73.960737,40.705812],"type":"Point"},"id":"066E18AC-FB6E-40A2-B17F-84E63B336194","properties":{"borough":"Brooklyn","created_date":"2026-09-15T18:32:00.000","inspection_count":0,"latest_inspection_date":null,"latest_work_order_status":null,"latest_work_order_type":null,"max_risk_rating":null,"risk_assessment_count":0,"service_request_id":"066E18AC-FB6E-40A2-B17F-84E63B336194","source":"Department of Parks and Recreation - Public Web Site","status":"Closed","work_order_count":0},"type":"Feature"},{"geometry":{"coordinates":[-73.93825,40.680775],"type":"Point"},"id":"0683517B-F014-469D-86B1-567BE0083147","properties":{"borough":"Brooklyn","created_date":"2026-09-17T12:51:18.000","inspection_count":0,"latest_inspection_date":null,"latest_work_order_status":null,"latest_work_order_type":null,"max_risk_rating":null,"risk_assessment_count":0,"service_request_id":"0683517B-F014-469D-86B1-567BE0083147","source":"3-1-1 Call Center","status":"Closed","work_order_count":0},"type":"Feature"},{"geometry":{"coordinates":[-73.877778,40.717383],"type":"Point"},"id":"068F35D2-C993-496D-9AFC-FAB34850EBF0","properties":{"borough":"Queens","created_date":"2026-09-16T20:15:00.000","inspection_count":0,"latest_inspection_date":null,"latest_work_order_status":null,"latest_work_order_type":null,"max_risk_rating":null,"risk_assessment_count":0,"service_request_id":"068F35D2-C993-496D-9AFC-FAB34850EBF0","source":"3-1-1 Call Center","status":"Closed","work_order_count":0},"type":"Feature"},{"geometry":{"coordinates":[-73.974177,40.785257],"type":"Point"},"id":"0696E1DC-580E-44B1-8F65-EAEE479AF1FA","properties":{"borough":"Manhattan","created_date":"2026-09-09T11:05:02.000","inspection_count":0,"latest_inspection_date":null,"latest_work_order_status":null,"latest_work_order_type":null,"max_risk_rating":null,"risk_assessment_count":0,"service_request_id":"0696E1DC-580E-44B1-8F65-EAEE479AF1FA","source":"Department of Parks and Recreation - Public Web Site","status":"Closed","work_order_count":0},"type":"Feature"},{"geometry":{"coordinates":[-73.763604,40.757904],"type":"Point"},"id":"0696F774-AA51-4478-9248-87AF5482E87B","properties":{"borough":"Queens","created_date":"2026-09-13T13:59:00.000","inspection_count":1,"latest_inspection_date":"2026-09-14T12:26:46.000","latest_work_order_status":"Closed","latest_work_order_type":"Limb Down","max_risk_rating":"8.0","risk_assessment_count":3,"service_request_id":"0696F774-AA51-4478-9248-87AF5482E87B","source":"3-1-1 Call Center","status":"Closed","work_order_count":1},"type":"Feature"},{"geometry":{"coordinates":[-74.096071,40.594178],"type":"Point"},"id":"069A69AB-F2DB-4C5C-BEE8-A3088895EC1E","properties":{"borough":"Staten Island","created_date":"2026-09-09T21:26:00.000","inspection_count":0,"latest_inspection_date":null,"latest_work_order_status":null,"latest_work_order_type":null,"max_risk_rating":null,"risk_assessment_count":0,"service_request_id":"069A69AB-F2DB-4C5C-BEE8-A3088895EC1E","source":"3-1-1 Call Center","status":"Open","work_order_count":0},"type":"Feature"},{"geometry":{"coordinates":[-74.003483,40.616306],"type":"Point"},"id":"069C5AA3-78AD-4146-9E1F-57BBDCC01A1A","properties":{"borough":"Brooklyn","created_date":"2026-09-12T22:00:02.000","inspection_count":0,"latest_inspection_date":null,"latest_work_order_status":null,"latest_work_order_type":null,"max_risk_rating":null,"risk_assessment_count":0,"service_request_id":"069C5AA3-78AD-4146-9E1F-57BBDCC01A1A","source":"Department of Parks and Recreation - Public Web Site","status":"Open","work_order_count":0},"type":"Feature"},{"geometry":{"coordinates":[-73.805421,40.703557],"type":"Point"},"id":"06A8C3CC-F897-4CE7-95B5-4F1C0629621B","properties":{"borough":"Queens","created_date":"2026-09-22T13:26:00.000","inspection_count":0,"latest_inspection_date":null,"latest_work_order_status":null,"latest_work_order_type":null,"max_risk_rating":null,"risk_assessment_count":0,"service_request_id":"06A8C3CC-F897-4CE7-95B5-4F1C0629621B","source":"3-1-1 Call Center","status":"Open","work_order_count":0},"type":"Feature"},{"geometry":{"coordinates":[-74.009555,40.732862],"type":"Point"},"id":"06AC053E-9CDC-430A-999D-60CC64CEEE9F","properties":{"borough":"Manhattan","created_date":"2026-09-09T15:06:00.000","inspection_count":2,"latest_inspection_date":"2026-09-11T13:18:43.000","latest_work_order_status":null,"latest_work_order_type":null,"max_risk_rating":"8.0","risk_assessment_count":2,"service_request_id":"06AC053E-9CDC-430A-999D-60CC64CEEE9F","source":"3-1-1 Call Center","status":"Open","work_order_count":0},"type":"Feature"},{"geometry":{"coordinates":[-74.142078,40.551844],"type":"Point"},"id":"06ACAA15-6721-4455-AFE1-37C46325A69B","properties":{"borough":"Staten Island","created_date":"2026-09-03T20:11:00.000","inspection_count":0,"latest_inspection_date":null,"latest_work_order_status":null,"latest_work_order_type":null,"max_risk_rating":null,"risk_assessment_count":0,"service_request_id":"06ACAA15-6721-4455-AFE1-37C46325A69B","source":"3-1-1 Call Center","status":"Open","work_order_count":0},"type":"Feature"},{"geometry":{"coordinates":[-73.920096,40.76533],"type":"Point"},"id":"06C51CE9-6E19-4750-AA02-7A4F6E91DFEE","properties":{"borough":"Queens","created_date":"2026-09-02T19:23:00.000","inspection_count":0,"latest_inspection_date":null,"latest_work_order_status":null,"latest_work_order_type":null,"max_risk_rating":null,"risk_assessment_count":0,"service_request_id":"06C51CE9-6E19-4750-AA02-7A4F6E91DFEE","source":"3-1-1 Call Center","status":"Open","work_order_count":0},"type":"Feature"},{"geometry":{"coordinates":[-73.950333,40.747437],"type":"Point"},"id":"06D43D78-CB3F-480C-8115-20C80EAE90F2","properties":{"borough":"Queens","created_date":"2026-09-02T22:00:00.000","inspection_count":0,"latest_inspection_date":null,"latest_work_order_status":null,"latest_work_order_type":null,"max_risk_rating":null,"risk_assessment_count":0,"service_request_id":"06D43D78-CB3F-480C-8115-20C80EAE90F2","source":"3-1-1 Call Center","status":"Open","work_order_count":0},"type":"Feature"},{"geometry":{"coordinates":[-73.967892,40.69117],"type":"Point"},"id":"06DAE2E1-9CA0-4A2B-85F6-FFDA23A2E65D","properties":{"borough":"Brooklyn","created_date":"2026-09-19T11:21:01.000","inspection_count":0,"latest_inspection_date":null,"latest_work_order_status":null,"latest_work_order_type":null,"max_risk_rating":null,"risk_assessment_count":0,"service_request_id":"06DAE2E1-9CA0-4A2B-85F6-FFDA23A2E65D","source":"Department of Parks and Recreation - Public Web Site","status":"Open","work_order_count":0},"type":"Feature"},{"geometry":{"coordinates":[-73.974177,40.785257],"type":"Point"},"id":"06E831D1-2B07-425B-8E88-C5F1A4155CCF","properties":{"borough":"Manhattan","created_date":"2026-09-08T09:30:02.000","inspection_count":0,"latest_inspection_date":null,"latest_work_order_status":null,"latest_work_order_type":null,"max_risk_rating":null,"risk_assessment_count":0,"service_request_id":"06E831D1-2B07-425B-8E88-C5F1A4155CCF","source":"Department of Parks and Recreation - Public Web Site","status":"Closed","work_order_count":0},"type":"Feature"},{"geometry":{"coordinates":[-74.206977,40.539232],"type":"Point"},"id":"06F73E3C-6425-4AC8-B2A1-A3D2D5AB0A80","properties":{"borough":"Staten Island","created_date":"2026-09-17T11:45:00.000","inspection_count":0,"latest_inspection_date":null,"latest_work_order_status":null,"latest_work_order_type":null,"max_risk_rating":null,"risk_assessment_count":0,"service_request_id":"06F73E3C-6425-4AC8-B2A1-A3D2D5AB0A80","source":"3-1-1 Call Center","status":"Open","work_order_count":0},"type":"Feature"},{"geometry":{"coordinates":[-73.963115,40.650804],"type":"Point"},"id":"06F7A77B-20F0-43E4-9960-9C48203FFDF6","properties":{"borough":"Brooklyn","created_date":"2026-09-01T16:22:20.000","inspection_count":0,"latest_inspection_date":null,"latest_work_order_status":null,"latest_work_order_type":null,"max_risk_rating":null,"risk_assessment_count":0,"service_request_id":"06F7A77B-20F0-43E4-9960-9C48203FFDF6","source":"Department of Parks and Recreation - Public Web Site","status":"Open","work_order_count":0},"type":"Feature"},{"geometry":{"coordinates":[-73.818475,40.713849],"type":"Point"},"id":"06F97286-5BB3-4316-B841-D6076000CD8F","properties":{"borough":"Queens","created_date":"2026-09-10T12:09:00.000","inspection_count":0,"latest_inspection_date":null,"latest_work_order_status":null,"latest_work_order_type":null,"max_risk_rating":null,"risk_assessment_count":0,"service_request_id":"06F97286-5BB3-4316-B841-D6076000CD8F","source":"3-1-1 Call Center","status":"Open","work_order_count":0},"type":"Feature"},{"geometry":{"coordinates":[-73.749406,40.683392],"type":"Point"},"id":"06FDB8BC-9FCE-406C-9D6E-21057C41E001","properties":{"borough":"Queens","created_date":"2026-09-03T19:53:07.000","inspection_count":0,"latest_inspection_date":null,"latest_work_order_status":null,"latest_work_order_type":null,"max_risk_rating":null,"risk_assessment_count":0,"service_request_id":"06FDB8BC-9FCE-406C-9D6E-21057C41E001","source":"3-1-1 Call Center","status":"Closed","work_order_count":0},"type":"Feature"},{"geometry":{"coordinates":[-74.137156,40.629316],"type":"Point"},"id":"07176846-F8D4-4402-B93C-64647B49E6AB","properties":{"borough":"Staten Island","created_date":"2026-09-12T19:24:00.000","inspection_count":0,"latest_inspection_date":null,"latest_work_order_status":null,"latest_work_order_type":null,"max_risk_rating":null,"risk_assessment_count":0,"service_request_id":"07176846-F8D4-4402-B93C-64647B49E6AB","source":"3-1-1 Call Center","status":"Open","work_order_count":0},"type":"Feature"},{"geometry":{"coordinates":[-73.809862,40.696886],"type":"Point"},"id":"073A52F2-4964-49BB-A9B9-E68B1CCDC237","properties":{"borough":"Queens","created_date":"2026-09-14T14:46:00.000","inspection_count":0,"latest_inspection_date":null,"latest_work_order_status":null,"latest_work_order_type":null,"max_risk_rating":null,"risk_assessment_count":0,"service_request_id":"073A52F2-4964-49BB-A9B9-E68B1CCDC237","source":"3-1-1 Call Center","status":"Open","work_order_count":0},"type":"Feature"},{"geometry":{"coordinates":[-73.87208,40.720036],"type":"Point"},"id":"0752A0BD-DF9C-4ADB-8524-0A4898B7FD83","properties":{"borough":"Queens","created_date":"2026-09-06T21:25:00.000","inspection_count":0,"latest_inspection_date":null,"latest_work_order_status":null,"latest_work_order_type":null,"max_risk_rating":null,"risk_assessment_count":0,"service_request_id":"0752A0BD-DF9C-4ADB-8524-0A4898B7FD83","source":"3-1-1 Call Center","status":"Open","work_order_count":0},"type":"Feature"},{"geometry":{"coordinates":[-74.008447,40.651546],"type":"Point"},"id":"07563BAA-1D66-44D4-8434-61A2666751FC","properties":{"borough":"Brooklyn","created_date":"2026-09-23T00:33:27.000","inspection_count":0,"latest_inspection_date":null,"latest_work_order_status":null,"latest_work_order_type":null,"max_risk_rating":null,"risk_assessment_count":0,"service_request_id":"07563BAA-1D66-44D4-8434-61A2666751FC","source":"3-1-1 Call Center","status":"Open","work_order_count":0},"type":"Feature"},{"geometry":{"coordinates":[-73.792171,40.760046],"type":"Point"},"id":"0762B566-35F1-417B-BBA8-ED0D83681187","properties":{"borough":"Queens","created_date":"2026-09-17T23:45:00.000","inspection_count":0,"latest_inspection_date":null,"latest_work_order_status":null,"latest_work_order_type":null,"max_risk_rating":null,"risk_assessment_count":0,"service_request_id":"0762B566-35F1-417B-BBA8-ED0D83681187","source":"Department of Parks and Recreation - Public Web Site","status":"Open","work_order_count":0},"type":"Feature"},{"geometry":{"coordinates":[-74.086198,40.61652],"type":"Point"},"id":"0762F79C-1CC9-4D84-B4EB-64DA4E6575D5","properties":{"borough":"Staten Island","created_date":"2026-09-11T14:39:00.000","inspection_count":0,"latest_inspection_date":null,"latest_work_order_status":null,"latest_work_order_type":null,"max_risk_rating":null,"risk_assessment_count":0,"service_request_id":"0762F79C-1CC9-4D84-B4EB-64DA4E6575D5","source":"3-1-1 Call Center","status":"Open","work_order_count":0},"type":"Feature"},{"geometry":{"coordinates":[-73.974177,40.785257],"type":"Point"},"id":"076BBECE-9365-4C67-A4F8-C08FA823C0D3","properties":{"borough":"Manhattan","created_date":"2026-09-08T13:30:01.000","inspection_count":0,"latest_inspection_date":null,"latest_work_order_status":null,"latest_work_order_type":null,"max_risk_rating":null,"risk_assessment_count":0,"service_request_id":"076BBECE-9365-4C67-A4F8-C08FA823C0D3","source":"Department of Parks and Recreation - Public Web Site","status":"Closed","work_order_count":0},"type":"Feature"},{"geometry":{"coordinates":[-73.755611,40.711241],"type":"Point"},"id":"076F434D-8794-47E2-9916-1F6048025B0F","properties":{"borough":"Queens","created_date":"2026-09-16T01:22:00.000","inspection_count":0,"latest_inspection_date":null,"latest_work_order_status":null,"latest_work_order_type":null,"max_risk_rating":null,"risk_assessment_count":0,"service_request_id":"076F434D-8794-47E2-9916-1F6048025B0F","source":"3-1-1 Call Center","status":"Open","work_order_count":0},"type":"Feature"},{"geometry":{"coordinates":[-73.916493,40.777261],"type":"Point"},"id":"0777A4EF-3F0D-4528-8BF8-E534AA19A083","properties":{"borough":"Queens","created_date":"2026-09-05T21:29:00.000","inspection_count":0,"latest_inspection_date":null,"latest_work_order_status":null,"latest_work_order_type":null,"max_risk_rating":null,"risk_assessment_count":0,"service_request_id":"0777A4EF-3F0D-4528-8BF8-E534AA19A083","source":"3-1-1 Call Center","status":"Open","work_order_count":0},"type":"Feature"},{"geometry":{"coordinates":[-73.813695,40.752592],"type":"Point"},"id":"078F1C29-9A14-41CA-A544-9F14F1D05342","properties":{"borough":"Queens","created_date":"2026-09-08T20:50:00.000","inspection_count":0,"latest_inspection_date":null,"latest_work_order_status":null,"latest_work_order_type":null,"max_risk_rating":null,"risk_assessment_count":0,"service_request_id":"078F1C29-9A14-41CA-A544-9F14F1D05342","source":"3-1-1 Call Center","status":"Open","work_order_count":0},"type":"Feature"},{"geometry":{"coordinates":[-74.00814,40.733944],"type":"Point"},"id":"079266FE-4CBE-42EF-8156-E9C9249B077E","properties":{"borough":"Manhattan","created_date":"2026-09-02T15:37:49.000","inspection_count":0,"latest_inspection_date":null,"latest_work_order_status":null,"latest_work_order_type":null,"max_risk_rating":null,"risk_assessment_count":0,"service_request_id":"079266FE-4CBE-42EF-8156-E9C9249B077E","source":"3-1-1 Call Center","status":"Open","work_order_count":0},"type":"Feature"},{"geometry":{"coordinates":[-73.974177,40.785257],"type":"Point"},"id":"0796119E-17B9-4284-8E41-FB643067FA7F","properties":{"borough":"Manhattan","created_date":"2026-09-08T01:15:02.000","inspection_count":0,"latest_inspection_date":null,"latest_work_order_status":null,"latest_work_order_type":null,"max_risk_rating":null,"risk_assessment_count":0,"service_request_id":"0796119E-17B9-4284-8E41-FB643067FA7F","source":"Department of Parks and Recreation - Public Web Site","status":"Closed","work_order_count":0},"type":"Feature"},{"geometry":{"coordinates":[-73.757384,40.708689],"type":"Point"},"id":"07AF2B99-6AC9-49BF-A6AD-5EE2A38E4FF6","properties":{"borough":"Queens","created_date":"2026-09-18T19:17:00.000","inspection_count":0,"latest_inspection_date":null,"latest_work_order_status":null,"latest_work_order_type":null,"max_risk_rating":null,"risk_assessment_count":0,"service_request_id":"07AF2B99-6AC9-49BF-A6AD-5EE2A38E4FF6","source":"3-1-1 Call Center","status":"Open","work_order_count":0},"type":"Feature"},{"geometry":{"coordinates":[-73.778173,40.74472],"type":"Point"},"id":"07BE6C01-FB33-417F-AFA9-0F0A16CA0C59","properties":{"borough":"Queens","created_date":"2026-09-21T16:00:00.000","inspection_count":0,"latest_inspection_date":null,"latest_work_order_status":null,"latest_work_order_type":null,"max_risk_rating":null,"risk_assessment_count":0,"service_request_id":"07BE6C01-FB33-417F-AFA9-0F0A16CA0C59","source":"3-1-1 Call Center","status":"Open","work_order_count":0},"type":"Feature"},{"geometry":{"coordinates":[-74.019668,40.645001],"type":"Point"},"id":"07C00813-A6EC-4990-BA2E-D336934FDC4B","properties":{"borough":"Brooklyn","created_date":"2026-09-22T18:25:44.000","inspection_count":0,"latest_inspection_date":null,"latest_work_order_status":null,"latest_work_order_type":null,"max_risk_rating":null,"risk_assessment_count":0,"service_request_id":"07C00813-A6EC-4990-BA2E-D336934FDC4B","source":"3-1-1 Call Center","status":"Open","work_order_count":0},"type":"Feature"},{"geometry":{"coordinates":[-73.86016,40.742881],"type":"Point"},"id":"07C9472E-ACA2-44B3-83EA-89242C6E0B20","properties":{"borough":"Queens","created_date":"2026-09-02T19:12:00.000","inspection_count":0,"latest_inspection_date":null,"latest_work_order_status":null,"latest_work_order_type":null,"max_risk_rating":null,"risk_assessment_count":0,"service_request_id":"07C9472E-ACA2-44B3-83EA-89242C6E0B20","source":"3-1-1 Call Center","status":"Open","work_order_count":0},"type":"Feature"},{"geometry":{"coordinates":[-73.751015,40.738258],"type":"Point"},"id":"07DBF982-A52F-4A8F-8AD7-FFC17855855F","properties":{"borough":"Queens","created_date":"2026-09-02T18:32:00.000","inspection_count":1,"latest_inspection_date":"2026-09-07T16:16:26.000","latest_work_order_status":"Closed","latest_work_order_type":"Tree Down","max_risk_rating":null,"risk_assessment_count":0,"service_request_id":"07DBF982-A52F-4A8F-8AD7-FFC17855855F","source":"3-1-1 Call Center","status":"Open","work_order_count":1},"type":"Feature"},{"geometry":{"coordinates":[-73.974177,40.785257],"type":"Point"},"id":"0861EB17-A88B-480B-AD38-6BF75FD4E243","properties":{"borough":"Manhattan","created_date":"2026-09-08T12:35:02.000","inspection_count":0,"latest_inspection_date":null,"latest_work_order_status":null,"latest_work_order_type":null,"max_risk_rating":null,"risk_assessment_count":0,"service_request_id":"0861EB17-A88B-480B-AD38-6BF75FD4E243","source":"Department of Parks and Recreation - Public Web Site","status":"Closed","work_order_count":0},"type":"Feature"},{"geometry":{"coordinates":[-73.720852,40.726093],"type":"Point"},"id":"0877E0BC-3288-4C0F-8EAD-6BA84B4B9703","properties":{"borough":"Queens","created_date":"2026-09-13T01:13:00.000","inspection_count":0,"latest_inspection_date":null,"latest_work_order_status":null,"latest_work_order_type":null,"max_risk_rating":null,"risk_assessment_count":0,"service_request_id":"0877E0BC-3288-4C0F-8EAD-6BA84B4B9703","source":"3-1-1 Call Center","status":"Open","work_order_count":0},"type":"Feature"},{"geometry":{"coordinates":[-73.757607,40.597698],"type":"Point"},"id":"0897094E-310B-4DD3-9F58-71E2DB49055A","properties":{"borough":"Queens","created_date":"2026-09-01T21:43:00.000","inspection_count":0,"latest_inspection_date":null,"latest_work_order_status":null,"latest_work_order_type":null,"max_risk_rating":null,"risk_assessment_count":0,"service_request_id":"0897094E-310B-4DD3-9F58-71E2DB49055A","source":"3-1-1 Call Center","status":"Open","work_order_count":0},"type":"Feature"},{"geometry":{"coordinates":[-73.960138,40.615072],"type":"Point"},"id":"08A27299-CE8E-42C1-842A-8766AD2CB1BC","properties":{"borough":"Brooklyn","created_date":"2026-09-07T23:45:00.000","inspection_count":0,"latest_inspection_date":null,"latest_work_order_status":null,"latest_work_order_type":null,"max_risk_rating":null,"risk_assessment_count":0,"service_request_id":"08A27299-CE8E-42C1-842A-8766AD2CB1BC","source":"Department of Parks and Recreation - Public Web Site","status":"Closed","work_order_count":0},"type":"Feature"},{"geometry":{"coordinates":[-74.118934,40.570837],"type":"Point"},"id":"08AFBA5C-9FAC-46A8-B308-40FC946B8E93","properties":{"borough":"Staten Island","created_date":"2026-09-14T15:46:00.000","inspection_count":1,"latest_inspection_date":"2026-09-16T16:21:08.000","latest_work_order_status":null,"latest_work_order_type":null,"max_risk_rating":"9.0","risk_assessment_count":1,"service_request_id":"08AFBA5C-9FAC-46A8-B308-40FC946B8E93","source":"3-1-1 Call Center","status":"Open","work_order_count":0},"type":"Feature"},{"geometry":{"coordinates":[-74.003483,40.616306],"type":"Point"},"id":"08D1DD7C-E72D-431F-BD53-1A5FC3D0BC3C","properties":{"borough":"Brooklyn","created_date":"2026-09-12T13:55:02.000","inspection_count":0,"latest_inspection_date":null,"latest_work_order_status":null,"latest_work_order_type":null,"max_risk_rating":null,"risk_assessment_count":0,"service_request_id":"08D1DD7C-E72D-431F-BD53-1A5FC3D0BC3C","source":"Department of Parks and Recreation - Public Web Site","status":"Open","work_order_count":0},"type":"Feature"},{"geometry":{"coordinates":[-74.131979,40.556703],"type":"Point"},"id":"08E2ED2B-7AB3-4476-9941-2A3E621ED472","properties":{"borough":"Staten Island","created_date":"2026-09-23T13:56:27.000","inspection_count":0,"latest_inspection_date":null,"latest_work_order_status":null,"latest_work_order_type":null,"max_risk_rating":null,"risk_assessment_count":0,"service_request_id":"08E2ED2B-7AB3-4476-9941-2A3E621ED472","source":"3-1-1 Call Center","status":"Open","work_order_count":0},"type":"Feature"},{"geometry":{"coordinates":[-73.942682,40.713484],"type":"Point"},"id":"08EBA3B1-419C-4BA9-91C1-32165E884B24","properties":{"borough":"Brooklyn","created_date":"2026-09-23T20:08:57.000","inspection_count":0,"latest_inspection_date":null,"latest_work_order_status":null,"latest_work_order_type":null,"max_risk_rating":null,"risk_assessment_count":0,"service_request_id":"08EBA3B1-419C-4BA9-91C1-32165E884B24","source":"Department of Parks and Recreation - Public Web Site","status":"Open","work_order_count":0},"type":"Feature"},{"geometry":{"coordinates":[-73.730508,40.653382],"type":"Point"},"id":"08ED21AB-9A8B-489D-8F06-FFDC49A2F4FD","properties":{"borough":"Queens","created_date":"2026-09-17T20:25:00.000","inspection_count":0,"latest_inspection_date":null,"latest_work_order_status":null,"latest_work_order_type":null,"max_risk_rating":null,"risk_assessment_count":0,"service_request_id":"08ED21AB-9A8B-489D-8F06-FFDC49A2F4FD","source":"3-1-1 Call Center","status":"Open","work_order_count":0},"type":"Feature"},{"geometry":{"coordinates":[-74.158836,40.535029],"type":"Point"},"id":"0909D309-45B7-49F6-AC49-99B12B92154F","properties":{"borough":"Staten Island","created_date":"2026-09-07T13:46:00.000","inspection_count":1,"latest_inspection_date":"2026-08-11T12:53:22.000","latest_work_order_status":null,"latest_work_order_type":null,"max_risk_rating":"6.0","risk_assessment_count":2,"service_request_id":"0909D309-45B7-49F6-AC49-99B12B92154F","source":"3-1-1 Call Center","status":"Closed","work_order_count":0},"type":"Feature"},{"geometry":{"coordinates":[-73.995349,40.681952],"type":"Point"},"id":"09188368-D454-42CE-B911-436036EFCA7F","properties":{"borough":"Brooklyn","created_date":"2026-09-21T21:07:00.000","inspection_count":0,"latest_inspection_date":null,"latest_work_order_status":null,"latest_work_order_type":null,"max_risk_rating":null,"risk_assessment_count":0,"service_request_id":"09188368-D454-42CE-B911-436036EFCA7F","source":"3-1-1 Call Center","status":"Open","work_order_count":0},"type":"Feature"},{"geometry":{"coordinates":[-73.897159,40.869992],"type":"Point"},"id":"0918FAFA-F8EC-4241-8691-B7120209EB5C","properties":{"borough":"Bronx","created_date":"2026-09-13T12:08:01.000","inspection_count":0,"latest_inspection_date":null,"latest_work_order_status":null,"latest_work_order_type":null,"max_risk_rating":null,"risk_assessment_count":0,"service_request_id":"0918FAFA-F8EC-4241-8691-B7120209EB5C","source":"3-1-1 Call Center","status":"Closed","work_order_count":0},"type":"Feature"},{"geometry":{"coordinates":[-73.864986,40.858187],"type":"Point"},"id":"092127B2-DE24-4D28-8CBE-9D554E05B373","properties":{"borough":"Bronx","created_date":"2026-09-02T19:51:02.000","inspection_count":0,"latest_inspection_date":null,"latest_work_order_status":null,"latest_work_order_type":null,"max_risk_rating":null,"risk_assessment_count":0,"service_request_id":"092127B2-DE24-4D28-8CBE-9D554E05B373","source":"3-1-1 Call Center","status":"Closed","work_order_count":0},"type":"Feature"},{"geometry":{"coordinates":[-73.992226,40.659431],"type":"Point"},"id":"092DE73F-31B0-4A68-AF64-7C2817F3183C","properties":{"borough":"Brooklyn","created_date":"2026-09-22T16:25:58.000","inspection_count":0,"latest_inspection_date":null,"latest_work_order_status":null,"latest_work_order_type":null,"max_risk_rating":null,"risk_assessment_count":0,"service_request_id":"092DE73F-31B0-4A68-AF64-7C2817F3183C","source":"3-1-1 Call Center","status":"Open","work_order_count":0},"type":"Feature"},{"geometry":{"coordinates":[-73.975046,40.605431],"type":"Point"},"id":"0930CA87-28C2-4CB6-9591-0C8CCFBF8A25","properties":{"borough":"Brooklyn","created_date":"2026-09-23T17:47:00.000","inspection_count":0,"latest_inspection_date":null,"latest_work_order_status":null,"latest_work_order_type":null,"max_risk_rating":null,"risk_assessment_count":0,"service_request_id":"0930CA87-28C2-4CB6-9591-0C8CCFBF8A25","source":"3-1-1 Call Center","status":"Open","work_order_count":0},"type":"Feature"},{"geometry":{"coordinates":[-73.77555,40.775698],"type":"Point"},"id":"0932A75E-EBD4-4E8E-9F6D-37E98351A923","properties":{"borough":"Queens","created_date":"2026-09-08T19:03:00.000","inspection_count":0,"latest_inspection_date":null,"latest_work_order_status":null,"latest_work_order_type":null,"max_risk_rating":null,"risk_assessment_count":0,"service_request_id":"0932A75E-EBD4-4E8E-9F6D-37E98351A923","source":"3-1-1 Call Center","status":"Open","work_order_count":0},"type":"Feature"},{"geometry":{"coordinates":[-73.974177,40.785257],"type":"Point"},"id":"0943787F-3E3E-4290-87A1-98CFBD0D75AB","properties":{"borough":"Manhattan","created_date":"2026-09-08T14:30:02.000","inspection_count":0,"latest_inspection_date":null,"latest_work_order_status":null,"latest_work_order_type":null,"max_risk_rating":null,"risk_assessment_count":0,"service_request_id":"0943787F-3E3E-4290-87A1-98CFBD0D75AB","source":"Department of Parks and Recreation - Public Web Site","status":"Closed","work_order_count":0},"type":"Feature"},{"geometry":{"coordinates":[-73.90778,40.675872],"type":"Point"},"id":"09577B08-C470-4610-AD09-9860A8617D5F","properties":{"borough":"Brooklyn","created_date":"2026-09-17T16:30:58.000","inspection_count":0,"latest_inspection_date":null,"latest_work_order_status":null,"latest_work_order_type":null,"max_risk_rating":null,"risk_assessment_count":0,"service_request_id":"09577B08-C470-4610-AD09-9860A8617D5F","source":"Department of Parks and Recreation - Public Web Site","status":"Open","work_order_count":0},"type":"Feature"},{"geometry":{"coordinates":[-73.733696,40.764114],"type":"Point"},"id":"0959DD4C-0EED-4586-8E7A-A0AC33375D31","properties":{"borough":"Queens","created_date":"2026-09-06T20:28:00.000","inspection_count":2,"latest_inspection_date":"2026-09-08T04:00:00.000","latest_work_order_status":"Open","latest_work_order_type":"Tree Removal","max_risk_rating":"8.0","risk_assessment_count":5,"service_request_id":"0959DD4C-0EED-4586-8E7A-A0AC33375D31","source":"3-1-1 Call Center","status":"Open","work_order_count":1},"type":"Feature"},{"geometry":{"coordinates":[-73.778965,40.696381],"type":"Point"},"id":"09B87C03-AF0C-4493-B023-333A59EFAA8E","properties":{"borough":"Queens","created_date":"2026-09-03T17:53:00.000","inspection_count":0,"latest_inspection_date":null,"latest_work_order_status":null,"latest_work_order_type":null,"max_risk_rating":null,"risk_assessment_count":0,"service_request_id":"09B87C03-AF0C-4493-B023-333A59EFAA8E","source":"3-1-1 Call Center","status":"Open","work_order_count":0},"type":"Feature"},{"geometry":{"coordinates":[-74.090415,40.599628],"type":"Point"},"id":"09DA25A5-482E-4DE4-AA79-B63D5641DC12","properties":{"borough":"Staten Island","created_date":"2026-09-03T18:17:00.000","inspection_count":0,"latest_inspection_date":null,"latest_work_order_status":null,"latest_work_order_type":null,"max_risk_rating":null,"risk_assessment_count":0,"service_request_id":"09DA25A5-482E-4DE4-AA79-B63D5641DC12","source":"3-1-1 Call Center","status":"Open","work_order_count":0},"type":"Feature"},{"geometry":{"coordinates":[-73.857311,40.856608],"type":"Point"},"id":"09E39962-8781-4B87-B342-14D30915D2C7","properties":{"borough":"Bronx","created_date":"2026-09-24T15:55:45.000","inspection_count":0,"latest_inspection_date":null,"latest_work_order_status":null,"latest_work_order_type":null,"max_risk_rating":null,"risk_assessment_count":0,"service_request_id":"09E39962-8781-4B87-B342-14D30915D2C7","source":"3-1-1 Call Center","status":"Closed","work_order_count":0},"type":"Feature"},{"geometry":{"coordinates":[-73.786869,40.690039],"type":"Point"},"id":"09E8FE1E-1C15-47BE-927B-D701565F27D7","properties":{"borough":"Queens","created_date":"2026-09-22T14:19:00.000","inspection_count":0,"latest_inspection_date":null,"latest_work_order_status":null,"latest_work_order_type":null,"max_risk_rating":null,"risk_assessment_count":0,"service_request_id":"09E8FE1E-1C15-47BE-927B-D701565F27D7","source":"3-1-1 Call Center","status":"Open","work_order_count":0},"type":"Feature"},{"geometry":{"coordinates":[-74.003483,40.616306],"type":"Point"},"id":"09F214B8-867D-4AD0-9BAA-94482BDFB454","properties":{"borough":"Brooklyn","created_date":"2026-09-12T18:10:02.000","inspection_count":0,"latest_inspection_date":null,"latest_work_order_status":null,"latest_work_order_type":null,"max_risk_rating":null,"risk_assessment_count":0,"service_request_id":"09F214B8-867D-4AD0-9BAA-94482BDFB454","source":"Department of Parks and Recreation - Public Web Site","status":"Open","work_order_count":0},"type":"Feature"},{"geometry":{"coordinates":[-73.94095,40.68934],"type":"Point"},"id":"09F94FCA-0006-485F-A32E-48821596454E","properties":{"borough":"Brooklyn","created_date":"2026-09-17T13:54:27.000","inspection_count":0,"latest_inspection_date":null,"latest_work_order_status":null,"latest_work_order_type":null,"max_risk_rating":null,"risk_assessment_count":0,"service_request_id":"09F94FCA-0006-485F-A32E-48821596454E","source":"3-1-1 Call Center","status":"Open","work_order_count":0},"type":"Feature"},{"geometry":{"coordinates":[-73.840117,40.789472],"type":"Point"},"id":"09FC86E0-700D-4968-A9FE-16AFC1625E70","properties":{"borough":"Queens","created_date":"2026-09-25T15:42:48.000","inspection_count":0,"latest_inspection_date":null,"latest_work_order_status":null,"latest_work_order_type":null,"max_risk_rating":null,"risk_assessment_count":0,"service_request_id":"09FC86E0-700D-4968-A9FE-16AFC1625E70","source":"Department of Parks and Recreation - Public Web Site","status":"Open","work_order_count":0},"type":"Feature"},{"geometry":{"coordinates":[-73.99012,40.761394],"type":"Point"},"id":"0A037D7B-B39A-4645-A4B0-25AE616B01EC","properties":{"borough":"Manhattan","created_date":"2026-09-02T17:52:00.000","inspection_count":0,"latest_inspection_date":null,"latest_work_order_status":null,"latest_work_order_type":null,"max_risk_rating":null,"risk_assessment_count":0,"service_request_id":"0A037D7B-B39A-4645-A4B0-25AE616B01EC","source":"DPR -Public Tree Map","status":"Open","work_order_count":0},"type":"Feature"},{"geometry":{"coordinates":[-73.724785,40.73283],"type":"Point"},"id":"0A1D2D6E-FD78-4F8F-A38E-B910D4B87360","properties":{"borough":"Queens","created_date":"2026-09-02T21:35:00.000","inspection_count":0,"latest_inspection_date":null,"latest_work_order_status":null,"latest_work_order_type":null,"max_risk_rating":null,"risk_assessment_count":0,"service_request_id":"0A1D2D6E-FD78-4F8F-A38E-B910D4B87360","source":"3-1-1 Call Center","status":"Open","work_order_count":0},"type":"Feature"},{"geometry":{"coordinates":[-73.974177,40.785257],"type":"Point"},"id":"0A257113-4F25-4006-A77C-B9F8DF8D0860","properties":{"borough":"Manhattan","created_date":"2026-09-07T17:45:02.000","inspection_count":0,"latest_inspection_date":null,"latest_work_order_status":null,"latest_work_order_type":null,"max_risk_rating":null,"risk_assessment_count":0,"service_request_id":"0A257113-4F25-4006-A77C-B9F8DF8D0860","source":"Department of Parks and Recreation - Public Web Site","status":"Closed","work_order_count":0},"type":"Feature"},{"geometry":{"coordinates":[-74.068608,40.611559],"type":"Point"},"id":"0A382F28-4453-45AC-A5E9-CB7B60C97C1D","properties":{"borough":"Staten Island","created_date":"2026-09-04T01:49:49.000","inspection_count":0,"latest_inspection_date":null,"latest_work_order_status":null,"latest_work_order_type":null,"max_risk_rating":null,"risk_assessment_count":0,"service_request_id":"0A382F28-4453-45AC-A5E9-CB7B60C97C1D","source":"3-1-1 Call Center","status":"Closed","work_order_count":0},"type":"Feature"},{"geometry":{"coordinates":[-73.738985,40.718766],"type":"Point"},"id":"0A444DE4-48FA-4D9E-9F52-2C3C95A07AFF","properties":{"borough":"Queens","created_date":"2026-09-02T14:56:00.000","inspection_count":0,"latest_inspection_date":null,"latest_work_order_status":null,"latest_work_order_type":null,"max_risk_rating":null,"risk_assessment_count":0,"service_request_id":"0A444DE4-48FA-4D9E-9F52-2C3C95A07AFF","source":"3-1-1 Call Center","status":"Open","work_order_count":0},"type":"Feature"},{"geometry":{"coordinates":[-73.749691,40.725704],"type":"Point"},"id":"0A4A656A-B344-4149-84CB-E8DBA956D030","properties":{"borough":"Queens","created_date":"2026-09-05T03:36:00.000","inspection_count":0,"latest_inspection_date":null,"latest_work_order_status":null,"latest_work_order_type":null,"max_risk_rating":null,"risk_assessment_count":0,"service_request_id":"0A4A656A-B344-4149-84CB-E8DBA956D030","source":"3-1-1 Call Center","status":"Open","work_order_count":0},"type":"Feature"},{"geometry":{"coordinates":[-73.901945,40.704089],"type":"Point"},"id":"0A63AE95-5816-4AAE-BA7B-4394206EF8E4","properties":{"borough":"Queens","created_date":"2026-09-19T18:32:00.000","inspection_count":1,"latest_inspection_date":"2026-09-21T13:26:38.000","latest_work_order_status":"Closed","latest_work_order_type":"Limb Down","max_risk_rating":"7.0","risk_assessment_count":1,"service_request_id":"0A63AE95-5816-4AAE-BA7B-4394206EF8E4","source":"DPR -Public Tree Map","status":"Closed","work_order_count":1},"type":"Feature"},{"geometry":{"coordinates":[-74.152775,40.545199],"type":"Point"},"id":"0A6B6597-CC1F-46AC-ADF1-58E8487B117C","properties":{"borough":"Staten Island","created_date":"2026-09-16T14:13:20.000","inspection_count":0,"latest_inspection_date":null,"latest_work_order_status":null,"latest_work_order_type":null,"max_risk_rating":null,"risk_assessment_count":0,"service_request_id":"0A6B6597-CC1F-46AC-ADF1-58E8487B117C","source":"3-1-1 Call Center","status":"Closed","work_order_count":0},"type":"Feature"},{"geometry":{"coordinates":[-73.95687,40.599779],"type":"Point"},"id":"0A742DCA-FDF4-4A1F-BC58-960B1FFDBF73","properties":{"borough":"Brooklyn","created_date":"2026-09-25T04:41:48.000","inspection_count":0,"latest_inspection_date":null,"latest_work_order_status":null,"latest_work_order_type":null,"max_risk_rating":null,"risk_assessment_count":0,"service_request_id":"0A742DCA-FDF4-4A1F-BC58-960B1FFDBF73","source":"Department of Parks and Recreation - Public Web Site","status":"Open","work_order_count":0},"type":"Feature"},{"geometry":{"coordinates":[-73.974177,40.785257],"type":"Point"},"id":"0A7FCE9E-2F80-4796-9907-410C372322B2","properties":{"borough":"Manhattan","created_date":"2026-09-09T08:10:02.000","inspection_count":0,"latest_inspection_date":null,"latest_work_order_status":null,"latest_work_order_type":null,"max_risk_rating":null,"risk_assessment_count":0,"service_request_id":"0A7FCE9E-2F80-4796-9907-410C372322B2","source":"Department of Parks and Recreation - Public Web Site","status":"Closed","work_order_count":0},"type":"Feature"},{"geometry":{"coordinates":[-73.974177,40.785257],"type":"Point"},"id":"0A843836-7FD8-4351-A2BB-1008A2A3BCF7","properties":{"borough":"Manhattan","created_date":"2026-09-09T14:20:02.000","inspection_count":0,"latest_inspection_date":null,"latest_work_order_status":null,"latest_work_order_type":null,"max_risk_rating":null,"risk_assessment_count":0,"service_request_id":"0A843836-7FD8-4351-A2BB-1008A2A3BCF7","source":"Department of Parks and Recreation - Public Web Site","status":"Closed","work_order_count":0},"type":"Feature"},{"geometry":{"coordinates":[-73.91066,40.64673],"type":"Point"},"id":"0A921D41-8A33-42E0-9175-C188D87CA798","properties":{"borough":"Brooklyn","created_date":"2026-09-03T12:11:16.000","inspection_count":0,"latest_inspection_date":null,"latest_work_order_status":null,"latest_work_order_type":null,"max_risk_rating":null,"risk_assessment_count":0,"service_request_id":"0A921D41-8A33-42E0-9175-C188D87CA798","source":"3-1-1 Call Center","status":"Open","work_order_count":0},"type":"Feature"},{"geometry":{"coordinates":[-73.942601,40.602405],"type":"Point"},"id":"0A99D86A-C025-401B-888E-93BB94BCF8FF","properties":{"borough":"Brooklyn","created_date":"2026-09-13T14:00:00.000","inspection_count":1,"latest_inspection_date":"2026-09-17T18:35:13.000","latest_work_order_status":null,"latest_work_order_type":null,"max_risk_rating":"9.0","risk_assessment_count":1,"service_request_id":"0A99D86A-C025-401B-888E-93BB94BCF8FF","source":"3-1-1 Call Center","status":"Closed","work_order_count":0},"type":"Feature"},{"geometry":{"coordinates":[-74.124248,40.563664],"type":"Point"},"id":"0AA95984-07BB-4660-8B67-5F9BC35154F8","properties":{"borough":"Staten Island","created_date":"2026-09-03T02:10:01.000","inspection_count":0,"latest_inspection_date":null,"latest_work_order_status":null,"latest_work_order_type":null,"max_risk_rating":null,"risk_assessment_count":0,"service_request_id":"0AA95984-07BB-4660-8B67-5F9BC35154F8","source":"3-1-1 Call Center","status":"Open","work_order_count":0},"type":"Feature"},{"geometry":{"coordinates":[-74.003483,40.616306],"type":"Point"},"id":"0ABF46E6-6535-45D0-89FE-99B349D0A98E","properties":{"borough":"Brooklyn","created_date":"2026-09-12T16:50:02.000","inspection_count":0,"latest_inspection_date":null,"latest_work_order_status":null,"latest_work_order_type":null,"max_risk_rating":null,"risk_assessment_count":0,"service_request_id":"0ABF46E6-6535-45D0-89FE-99B349D0A98E","source":"Department of Parks and Recreation - Public Web Site","status":"Open","work_order_count":0},"type":"Feature"},{"geometry":{"coordinates":[-74.003483,40.616306],"type":"Point"},"id":"0ABFA371-FEB7-43F4-8008-C3D816BF8D12","properties":{"borough":"Brooklyn","created_date":"2026-09-11T23:50:02.000","inspection_count":0,"latest_inspection_date":null,"latest_work_order_status":null,"latest_work_order_type":null,"max_risk_rating":null,"risk_assessment_count":0,"service_request_id":"0ABFA371-FEB7-43F4-8008-C3D816BF8D12","source":"Department of Parks and Recreation - Public Web Site","status":"Open","work_order_count":0},"type":"Feature"},{"geometry":{"coordinates":[-74.148109,40.607254],"type":"Point"},"id":"0AC4D8E3-FFAE-43EF-B937-982033249958","properties":{"borough":"Staten Island","created_date":"2026-09-11T02:09:00.000","inspection_count":0,"latest_inspection_date":null,"latest_work_order_status":null,"latest_work_order_type":null,"max_risk_rating":null,"risk_assessment_count":0,"service_request_id":"0AC4D8E3-FFAE-43EF-B937-982033249958","source":"3-1-1 Call Center","status":"Open","work_order_count":0},"type":"Feature"},{"geometry":{"coordinates":[-73.974177,40.785257],"type":"Point"},"id":"0AD14AA7-7BE5-499F-AB89-6D3F42606BC9","properties":{"borough":"Manhattan","created_date":"2026-09-07T10:25:02.000","inspection_count":0,"latest_inspection_date":null,"latest_work_order_status":null,"latest_work_order_type":null,"max_risk_rating":null,"risk_assessment_count":0,"service_request_id":"0AD14AA7-7BE5-499F-AB89-6D3F42606BC9","source":"Department of Parks and Recreation - Public Web Site","status":"Closed","work_order_count":0},"type":"Feature"},{"geometry":{"coordinates":[-73.95538,40.653494],"type":"Point"},"id":"0AD742FA-B5B4-457B-8B7F-8874E7E36F38","properties":{"borough":"Brooklyn","created_date":"2026-09-07T12:38:03.000","inspection_count":0,"latest_inspection_date":null,"latest_work_order_status":null,"latest_work_order_type":null,"max_risk_rating":null,"risk_assessment_count":0,"service_request_id":"0AD742FA-B5B4-457B-8B7F-8874E7E36F38","source":"3-1-1 Call Center","status":"Closed","work_order_count":0},"type":"Feature"},{"geometry":{"coordinates":[-73.974177,40.785257],"type":"Point"},"id":"0AE1460D-5045-4A34-BD23-D79985F09D0F","properties":{"borough":"Manhattan","created_date":"2026-09-09T07:10:02.000","inspection_count":0,"latest_inspection_date":null,"latest_work_order_status":null,"latest_work_order_type":null,"max_risk_rating":null,"risk_assessment_count":0,"service_request_id":"0AE1460D-5045-4A34-BD23-D79985F09D0F","source":"Department of Parks and Recreation - Public Web Site","status":"Closed","work_order_count":0},"type":"Feature"},{"geometry":{"coordinates":[-73.99493,40.737855],"type":"Point"},"id":"0AE4758B-D923-4338-8858-56EB43B473B7","properties":{"borough":"Manhattan","created_date":"2026-09-18T17:56:00.000","inspection_count":0,"latest_inspection_date":null,"latest_work_order_status":null,"latest_work_order_type":null,"max_risk_rating":null,"risk_assessment_count":0,"service_request_id":"0AE4758B-D923-4338-8858-56EB43B473B7","source":"3-1-1 Call Center","status":"Open","work_order_count":0},"type":"Feature"},{"geometry":{"coordinates":[-73.883812,40.723941],"type":"Point"},"id":"0AF6F58C-868B-4441-A497-93644DCC57ED","properties":{"borough":"Queens","created_date":"2026-09-17T19:37:00.000","inspection_count":0,"latest_inspection_date":null,"latest_work_order_status":null,"latest_work_order_type":null,"max_risk_rating":null,"risk_assessment_count":0,"service_request_id":"0AF6F58C-868B-4441-A497-93644DCC57ED","source":"Department of Parks and Recreation - Public Web Site","status":"Open","work_order_count":0},"type":"Feature"},{"geometry":{"coordinates":[-73.921612,40.74735],"type":"Point"},"id":"0AFA41FA-B3F9-4F63-9B47-50A3852D13F6","properties":{"borough":"Queens","created_date":"2026-09-23T18:37:37.000","inspection_count":0,"latest_inspection_date":null,"latest_work_order_status":null,"latest_work_order_type":null,"max_risk_rating":null,"risk_assessment_count":0,"service_request_id":"0AFA41FA-B3F9-4F63-9B47-50A3852D13F6","source":"3-1-1 Call Center","status":"Open","work_order_count":0},"type":"Feature"},{"geometry":{"coordinates":[-73.847856,40.708652],"type":"Point"},"id":"0AFE4FB9-5881-479E-9313-F8A693C952E7","properties":{"borough":"Queens","created_date":"2026-09-16T13:28:00.000","inspection_count":0,"latest_inspection_date":null,"latest_work_order_status":null,"latest_work_order_type":null,"max_risk_rating":null,"risk_assessment_count":0,"service_request_id":"0AFE4FB9-5881-479E-9313-F8A693C952E7","source":"3-1-1 Call Center","status":"Open","work_order_count":0},"type":"Feature"},{"geometry":{"coordinates":[-73.835027,40.580153],"type":"Point"},"id":"0AFEAC74-ED49-4204-A2A9-363C48D0DB4B","properties":{"borough":"Queens","created_date":"2026-09-04T12:52:00.000","inspection_count":0,"latest_inspection_date":null,"latest_work_order_status":null,"latest_work_order_type":null,"max_risk_rating":null,"risk_assessment_count":0,"service_request_id":"0AFEAC74-ED49-4204-A2A9-363C48D0DB4B","source":"3-1-1 Call Center","status":"Open","work_order_count":0},"type":"Feature"},{"geometry":{"coordinates":[-73.822836,40.70011],"type":"Point"},"id":"0B006E44-F23B-4AC9-B604-1ED131E7FF96","properties":{"borough":"Queens","created_date":"2026-09-04T21:24:44.000","inspection_count":0,"latest_inspection_date":null,"latest_work_order_status":null,"latest_work_order_type":null,"max_risk_rating":null,"risk_assessment_count":0,"service_request_id":"0B006E44-F23B-4AC9-B604-1ED131E7FF96","source":"Department of Parks and Recreation - Public Web Site","status":"Open","work_order_count":0},"type":"Feature"},{"geometry":{"coordinates":[-73.773718,40.713358],"type":"Point"},"id":"0B1B65B8-7D0A-40B5-8BDB-2919B3C43055","properties":{"borough":"Queens","created_date":"2026-09-14T12:23:00.000","inspection_count":0,"latest_inspection_date":null,"latest_work_order_status":null,"latest_work_order_type":null,"max_risk_rating":null,"risk_assessment_count":0,"service_request_id":"0B1B65B8-7D0A-40B5-8BDB-2919B3C43055","source":"3-1-1 Call Center","status":"Closed","work_order_count":0},"type":"Feature"},{"geometry":{"coordinates":[-73.974177,40.785257],"type":"Point"},"id":"0B2E3007-5846-46A1-9BC2-90CBE7B47DB9","properties":{"borough":"Manhattan","created_date":"2026-09-08T21:35:02.000","inspection_count":0,"latest_inspection_date":null,"latest_work_order_status":null,"latest_work_order_type":null,"max_risk_rating":null,"risk_assessment_count":0,"service_request_id":"0B2E3007-5846-46A1-9BC2-90CBE7B47DB9","source":"Department of Parks and Recreation - Public Web Site","status":"Closed","work_order_count":0},"type":"Feature"},{"geometry":{"coordinates":[-73.951222,40.68581],"type":"Point"},"id":"0B3A8724-C6F4-400B-8043-3ACF1FE7953B","properties":{"borough":"Brooklyn","created_date":"2026-09-13T21:40:00.000","inspection_count":0,"latest_inspection_date":null,"latest_work_order_status":null,"latest_work_order_type":null,"max_risk_rating":null,"risk_assessment_count":0,"service_request_id":"0B3A8724-C6F4-400B-8043-3ACF1FE7953B","source":"3-1-1 Call Center","status":"Open","work_order_count":0},"type":"Feature"},{"geometry":{"coordinates":[-73.974177,40.785257],"type":"Point"},"id":"0B56BF16-D3B8-4F41-8E08-09B9F3E8B6CC","properties":{"borough":"Manhattan","created_date":"2026-09-08T15:30:02.000","inspection_count":0,"latest_inspection_date":null,"latest_work_order_status":null,"latest_work_order_type":null,"max_risk_rating":null,"risk_assessment_count":0,"service_request_id":"0B56BF16-D3B8-4F41-8E08-09B9F3E8B6CC","source":"Department of Parks and Recreation - Public Web Site","status":"Closed","work_order_count":0},"type":"Feature"},{"geometry":{"coordinates":[-73.974177,40.785257],"type":"Point"},"id":"0B6240F5-104E-4C6E-BD61-9090D51A45EB","properties":{"borough":"Manhattan","created_date":"2026-09-08T09:05:01.000","inspection_count":0,"latest_inspection_date":null,"latest_work_order_status":null,"latest_work_order_type":null,"max_risk_rating":null,"risk_assessment_count":0,"service_request_id":"0B6240F5-104E-4C6E-BD61-9090D51A45EB","source":"Department of Parks and Recreation - Public Web Site","status":"Closed","work_order_count":0},"type":"Feature"},{"geometry":{"coordinates":[-73.974177,40.785257],"type":"Point"},"id":"0B6783E2-FAC7-4400-A830-B690EFDC5DAB","properties":{"borough":"Manhattan","created_date":"2026-09-08T12:50:02.000","inspection_count":0,"latest_inspection_date":null,"latest_work_order_status":null,"latest_work_order_type":null,"max_risk_rating":null,"risk_assessment_count":0,"service_request_id":"0B6783E2-FAC7-4400-A830-B690EFDC5DAB","source":"Department of Parks and Recreation - Public Web Site","status":"Closed","work_order_count":0},"type":"Feature"},{"geometry":{"coordinates":[-73.974177,40.785257],"type":"Point"},"id":"0B69F72E-E1A3-4D03-832D-48FDAF8BBDCF","properties":{"borough":"Manhattan","created_date":"2026-09-07T20:05:02.000","inspection_count":0,"latest_inspection_date":null,"latest_work_order_status":null,"latest_work_order_type":null,"max_risk_rating":null,"risk_assessment_count":0,"service_request_id":"0B69F72E-E1A3-4D03-832D-48FDAF8BBDCF","source":"Department of Parks and Recreation - Public Web Site","status":"Closed","work_order_count":0},"type":"Feature"},{"geometry":{"coordinates":[-73.926742,40.772073],"type":"Point"},"id":"0B6F4663-84BA-4AF4-8266-242193D0E772","properties":{"borough":"Queens","created_date":"2026-09-12T14:03:00.000","inspection_count":0,"latest_inspection_date":null,"latest_work_order_status":null,"latest_work_order_type":null,"max_risk_rating":null,"risk_assessment_count":0,"service_request_id":"0B6F4663-84BA-4AF4-8266-242193D0E772","source":"DPR -Public Tree Map","status":"Open","work_order_count":0},"type":"Feature"},{"geometry":{"coordinates":[-73.91965,40.842157],"type":"Point"},"id":"0B720A5C-24D3-4501-8E4F-5FF9A57D55E6","properties":{"borough":"Bronx","created_date":"2026-09-15T17:27:11.000","inspection_count":0,"latest_inspection_date":null,"latest_work_order_status":null,"latest_work_order_type":null,"max_risk_rating":null,"risk_assessment_count":0,"service_request_id":"0B720A5C-24D3-4501-8E4F-5FF9A57D55E6","source":"3-1-1 Call Center","status":"Closed","work_order_count":0},"type":"Feature"},{"geometry":{"coordinates":[-73.975252,40.67334],"type":"Point"},"id":"0B9F3CC0-3743-47C7-B71F-9DD1E8E97972","properties":{"borough":"Brooklyn","created_date":"2026-09-05T17:31:00.000","inspection_count":0,"latest_inspection_date":null,"latest_work_order_status":null,"latest_work_order_type":null,"max_risk_rating":null,"risk_assessment_count":0,"service_request_id":"0B9F3CC0-3743-47C7-B71F-9DD1E8E97972","source":"3-1-1 Call Center","status":"Open","work_order_count":0},"type":"Feature"},{"geometry":{"coordinates":[-74.092088,40.577756],"type":"Point"},"id":"0BA9F7F2-8858-4B0B-BA6C-59DDDC9BE1E0","properties":{"borough":"Staten Island","created_date":"2026-09-22T16:15:00.000","inspection_count":0,"latest_inspection_date":null,"latest_work_order_status":null,"latest_work_order_type":null,"max_risk_rating":null,"risk_assessment_count":0,"service_request_id":"0BA9F7F2-8858-4B0B-BA6C-59DDDC9BE1E0","source":"3-1-1 Call Center","status":"Open","work_order_count":0},"type":"Feature"},{"geometry":{"coordinates":[-74.154877,40.56394],"type":"Point"},"id":"0BAF4957-FA8A-4A79-9C4F-D2FA5A2CC349","properties":{"borough":"Staten Island","created_date":"2026-09-22T13:13:33.000","inspection_count":0,"latest_inspection_date":null,"latest_work_order_status":null,"latest_work_order_type":null,"max_risk_rating":null,"risk_assessment_count":0,"service_request_id":"0BAF4957-FA8A-4A79-9C4F-D2FA5A2CC349","source":"Department of Parks and Recreation - Public Web Site","status":"Open","work_order_count":0},"type":"Feature"},{"geometry":{"coordinates":[-73.791631,40.596818],"type":"Point"},"id":"0BB199FB-BCFD-445A-BEBE-C38D2001D2C8","properties":{"borough":"Queens","created_date":"2026-09-22T20:28:00.000","inspection_count":0,"latest_inspection_date":null,"latest_work_order_status":null,"latest_work_order_type":null,"max_risk_rating":null,"risk_assessment_count":0,"service_request_id":"0BB199FB-BCFD-445A-BEBE-C38D2001D2C8","source":"3-1-1 Call Center","status":"Open","work_order_count":0},"type":"Feature"},{"geometry":{"coordinates":[-73.996977,40.631852],"type":"Point"},"id":"0BBAAE2A-B1A4-4474-B8F0-B62D2147C2FD","properties":{"borough":"Brooklyn","created_date":"2026-09-25T13:14:12.000","inspection_count":0,"latest_inspection_date":null,"latest_work_order_status":null,"latest_work_order_type":null,"max_risk_rating":null,"risk_assessment_count":0,"service_request_id":"0BBAAE2A-B1A4-4474-B8F0-B62D2147C2FD","source":"3-1-1 Call Center","status":"Open","work_order_count":0},"type":"Feature"},{"geometry":{"coordinates":[-73.804711,40.715655],"type":"Point"},"id":"0BBC7026-40A9-423B-949D-FAFAADD4F76B","properties":{"borough":"Queens","created_date":"2026-09-21T18:08:00.000","inspection_count":0,"latest_inspection_date":null,"latest_work_order_status":null,"latest_work_order_type":null,"max_risk_rating":null,"risk_assessment_count":0,"service_request_id":"0BBC7026-40A9-423B-949D-FAFAADD4F76B","source":"Department of Parks and Recreation - Public Web Site","status":"Open","work_order_count":0},"type":"Feature"},{"geometry":{"coordinates":[-74.020201,40.644054],"type":"Point"},"id":"0BEA4F04-23EC-497F-874A-17991ED12F39","properties":{"borough":"Brooklyn","created_date":"2026-09-03T19:59:25.000","inspection_count":0,"latest_inspection_date":null,"latest_work_order_status":null,"latest_work_order_type":null,"max_risk_rating":null,"risk_assessment_count":0,"service_request_id":"0BEA4F04-23EC-497F-874A-17991ED12F39","source":"Department of Parks and Recreation - Public Web Site","status":"Open","work_order_count":0},"type":"Feature"},{"geometry":{"coordinates":[-73.765638,40.600451],"type":"Point"},"id":"0BFBC86B-B940-4734-B2F7-BCAFEF69A949","properties":{"borough":"Queens","created_date":"2026-09-02T14:35:00.000","inspection_count":0,"latest_inspection_date":null,"latest_work_order_status":null,"latest_work_order_type":null,"max_risk_rating":null,"risk_assessment_count":0,"service_request_id":"0BFBC86B-B940-4734-B2F7-BCAFEF69A949","source":"DPR -Public Tree Map","status":"Open","work_order_count":0},"type":"Feature"},{"geometry":{"coordinates":[-73.974177,40.785257],"type":"Point"},"id":"0C00F8B8-E11E-40A3-BE54-561897565213","properties":{"borough":"Manhattan","created_date":"2026-09-08T18:55:02.000","inspection_count":0,"latest_inspection_date":null,"latest_work_order_status":null,"latest_work_order_type":null,"max_risk_rating":null,"risk_assessment_count":0,"service_request_id":"0C00F8B8-E11E-40A3-BE54-561897565213","source":"Department of Parks and Recreation - Public Web Site","status":"Closed","work_order_count":0},"type":"Feature"},{"geometry":{"coordinates":[-73.956035,40.747223],"type":"Point"},"id":"0C1559A6-EE77-4DD8-9939-00465DC4650C","properties":{"borough":"Queens","created_date":"2026-09-25T12:13:00.000","inspection_count":0,"latest_inspection_date":null,"latest_work_order_status":null,"latest_work_order_type":null,"max_risk_rating":null,"risk_assessment_count":0,"service_request_id":"0C1559A6-EE77-4DD8-9939-00465DC4650C","source":"3-1-1 Call Center","status":"Open","work_order_count":0},"type":"Feature"},{"geometry":{"coordinates":[-73.926745,40.769182],"type":"Point"},"id":"0C16F46B-FD24-4F90-9EE1-D4796C07DAA4","properties":{"borough":"Queens","created_date":"2026-09-12T18:28:00.000","inspection_count":0,"latest_inspection_date":null,"latest_work_order_status":null,"latest_work_order_type":null,"max_risk_rating":null,"risk_assessment_count":0,"service_request_id":"0C16F46B-FD24-4F90-9EE1-D4796C07DAA4","source":"3-1-1 Call Center","status":"Open","work_order_count":0},"type":"Feature"},{"geometry":{"coordinates":[-73.977823,40.647122],"type":"Point"},"id":"0C176395-5491-4EF7-90B8-DF92D395D487","properties":{"borough":"Brooklyn","created_date":"2026-09-17T14:21:29.000","inspection_count":0,"latest_inspection_date":null,"latest_work_order_status":null,"latest_work_order_type":null,"max_risk_rating":null,"risk_assessment_count":0,"service_request_id":"0C176395-5491-4EF7-90B8-DF92D395D487","source":"Department of Parks and Recreation - Public Web Site","status":"Open","work_order_count":0},"type":"Feature"},{"geometry":{"coordinates":[-74.194504,40.541927],"type":"Point"},"id":"0C2788A6-85FA-4C85-9C84-72CB97D32835","properties":{"borough":"Staten Island","created_date":"2026-09-05T16:15:56.000","inspection_count":0,"latest_inspection_date":null,"latest_work_order_status":null,"latest_work_order_type":null,"max_risk_rating":null,"risk_assessment_count":0,"service_request_id":"0C2788A6-85FA-4C85-9C84-72CB97D32835","source":"3-1-1 Call Center","status":"Closed","work_order_count":0},"type":"Feature"},{"geometry":{"coordinates":[-73.943802,40.715076],"type":"Point"},"id":"0C3BE8C6-3ABB-4253-AA9A-7CAD340D3336","properties":{"borough":"Brooklyn","created_date":"2026-09-14T17:07:19.000","inspection_count":0,"latest_inspection_date":null,"latest_work_order_status":null,"latest_work_order_type":null,"max_risk_rating":null,"risk_assessment_count":0,"service_request_id":"0C3BE8C6-3ABB-4253-AA9A-7CAD340D3336","source":"Department of Parks and Recreation - Public Web Site","status":"Open","work_order_count":0},"type":"Feature"},{"geometry":{"coordinates":[-73.926855,40.758382],"type":"Point"},"id":"0C46BD56-17D1-453F-9C93-2AC68D6AC6E6","properties":{"borough":"Queens","created_date":"2026-09-20T17:39:00.000","inspection_count":0,"latest_inspection_date":null,"latest_work_order_status":null,"latest_work_order_type":null,"max_risk_rating":null,"risk_assessment_count":0,"service_request_id":"0C46BD56-17D1-453F-9C93-2AC68D6AC6E6","source":"3-1-1 Call Center","status":"Open","work_order_count":0},"type":"Feature"},{"geometry":{"coordinates":[-73.936839,40.613865],"type":"Point"},"id":"0C517107-DD16-4B23-AB42-AE3BC918B79A","properties":{"borough":"Brooklyn","created_date":"2026-09-05T03:06:15.000","inspection_count":0,"latest_inspection_date":null,"latest_work_order_status":null,"latest_work_order_type":null,"max_risk_rating":null,"risk_assessment_count":0,"service_request_id":"0C517107-DD16-4B23-AB42-AE3BC918B79A","source":"DPR -Public Tree Map","status":"Open","work_order_count":0},"type":"Feature"},{"geometry":{"coordinates":[-73.722266,40.757332],"type":"Point"},"id":"0C666E9F-6E8C-4B21-AAE9-B8E2C6A85D35","properties":{"borough":"Queens","created_date":"2026-09-22T16:44:00.000","inspection_count":0,"latest_inspection_date":null,"latest_work_order_status":null,"latest_work_order_type":null,"max_risk_rating":null,"risk_assessment_count":0,"service_request_id":"0C666E9F-6E8C-4B21-AAE9-B8E2C6A85D35","source":"3-1-1 Call Center","status":"Open","work_order_count":0},"type":"Feature"},{"geometry":{"coordinates":[-74.113728,40.578324],"type":"Point"},"id":"0C6AC5DE-399A-421E-8FCE-248C58CCC574","properties":{"borough":"Staten Island","created_date":"2026-09-15T18:34:00.000","inspection_count":0,"latest_inspection_date":null,"latest_work_order_status":null,"latest_work_order_type":null,"max_risk_rating":null,"risk_assessment_count":0,"service_request_id":"0C6AC5DE-399A-421E-8FCE-248C58CCC574","source":"3-1-1 Call Center","status":"Open","work_order_count":0},"type":"Feature"},{"geometry":{"coordinates":[-73.974177,40.785257],"type":"Point"},"id":"0C6DDD31-2334-4FA3-AA66-EA4CEED822C7","properties":{"borough":"Manhattan","created_date":"2026-09-08T05:20:02.000","inspection_count":0,"latest_inspection_date":null,"latest_work_order_status":null,"latest_work_order_type":null,"max_risk_rating":null,"risk_assessment_count":0,"service_request_id":"0C6DDD31-2334-4FA3-AA66-EA4CEED822C7","source":"Department of Parks and Recreation - Public Web Site","status":"Closed","work_order_count":0},"type":"Feature"},{"geometry":{"coordinates":[-73.949464,40.712035],"type":"Point"},"id":"0C6EC249-BC06-47B8-B556-CD5845794294","properties":{"borough":"Brooklyn","created_date":"2026-09-15T15:33:35.000","inspection_count":0,"latest_inspection_date":null,"latest_work_order_status":null,"latest_work_order_type":null,"max_risk_rating":null,"risk_assessment_count":0,"service_request_id":"0C6EC249-BC06-47B8-B556-CD5845794294","source":"3-1-1 Call Center","status":"Closed","work_order_count":0},"type":"Feature"},{"geometry":{"coordinates":[-73.974177,40.785257],"type":"Point"},"id":"0C71DB21-3701-434E-8329-3A835B252D6A","properties":{"borough":"Manhattan","created_date":"2026-09-07T12:25:02.000","inspection_count":0,"latest_inspection_date":null,"latest_work_order_status":null,"latest_work_order_type":null,"max_risk_rating":null,"risk_assessment_count":0,"service_request_id":"0C71DB21-3701-434E-8329-3A835B252D6A","source":"Department of Parks and Recreation - Public Web Site","status":"Closed","work_order_count":0},"type":"Feature"},{"geometry":{"coordinates":[-73.901638,40.712205],"type":"Point"},"id":"0C815BDB-B7B5-445C-9FE7-BDAC4BE1149D","properties":{"borough":"Queens","created_date":"2026-09-16T09:46:00.000","inspection_count":0,"latest_inspection_date":null,"latest_work_order_status":null,"latest_work_order_type":null,"max_risk_rating":null,"risk_assessment_count":0,"service_request_id":"0C815BDB-B7B5-445C-9FE7-BDAC4BE1149D","source":"3-1-1 Call Center","status":"Open","work_order_count":0},"type":"Feature"},{"geometry":{"coordinates":[-73.990806,40.759604],"type":"Point"},"id":"0C928C5C-134C-4C47-A64C-E9AA97194D72","properties":{"borough":"Manhattan","created_date":"2026-09-06T10:55:21.000","inspection_count":0,"latest_inspection_date":null,"latest_work_order_status":null,"latest_work_order_type":null,"max_risk_rating":null,"risk_assessment_count":0,"service_request_id":"0C928C5C-134C-4C47-A64C-E9AA97194D72","source":"Department of Parks and Recreation - Public Web Site","status":"Open","work_order_count":0},"type":"Feature"},{"geometry":{"coordinates":[-73.97679,40.656295],"type":"Point"},"id":"0CB9A666-A612-4922-AFBA-B0062A824D42","properties":{"borough":"Brooklyn","created_date":"2026-09-24T17:01:00.000","inspection_count":0,"latest_inspection_date":null,"latest_work_order_status":null,"latest_work_order_type":null,"max_risk_rating":null,"risk_assessment_count":0,"service_request_id":"0CB9A666-A612-4922-AFBA-B0062A824D42","source":"3-1-1 Call Center","status":"Closed","work_order_count":0},"type":"Feature"},{"geometry":{"coordinates":[-73.962463,40.631808],"type":"Point"},"id":"0CC8C8A5-9FC9-42AE-8E2D-D0BB06D92C18","properties":{"borough":"Brooklyn","created_date":"2026-09-24T00:29:27.000","inspection_count":0,"latest_inspection_date":null,"latest_work_order_status":null,"latest_work_order_type":null,"max_risk_rating":null,"risk_assessment_count":0,"service_request_id":"0CC8C8A5-9FC9-42AE-8E2D-D0BB06D92C18","source":"Department of Parks and Recreation - Public Web Site","status":"Open","work_order_count":0},"type":"Feature"},{"geometry":{"coordinates":[-73.893121,40.705549],"type":"Point"},"id":"0CD723F0-17B3-443B-9B7C-3DF4C6F3164D","properties":{"borough":"Queens","created_date":"2026-09-17T23:28:00.000","inspection_count":0,"latest_inspection_date":null,"latest_work_order_status":null,"latest_work_order_type":null,"max_risk_rating":null,"risk_assessment_count":0,"service_request_id":"0CD723F0-17B3-443B-9B7C-3DF4C6F3164D","source":"3-1-1 Call Center","status":"Open","work_order_count":0},"type":"Feature"},{"geometry":{"coordinates":[-74.003483,40.616306],"type":"Point"},"id":"0CDDF83A-C6EA-4A44-A203-63251B311EF1","properties":{"borough":"Brooklyn","created_date":"2026-09-12T09:15:02.000","inspection_count":0,"latest_inspection_date":null,"latest_work_order_status":null,"latest_work_order_type":null,"max_risk_rating":null,"risk_assessment_count":0,"service_request_id":"0CDDF83A-C6EA-4A44-A203-63251B311EF1","source":"Department of Parks and Recreation - Public Web Site","status":"Open","work_order_count":0},"type":"Feature"},{"geometry":{"coordinates":[-74.003483,40.616306],"type":"Point"},"id":"0CE842CC-672A-4DCC-96E9-591D01DA260D","properties":{"borough":"Brooklyn","created_date":"2026-09-12T00:45:02.000","inspection_count":0,"latest_inspection_date":null,"latest_work_order_status":null,"latest_work_order_type":null,"max_risk_rating":null,"risk_assessment_count":0,"service_request_id":"0CE842CC-672A-4DCC-96E9-591D01DA260D","source":"Department of Parks and Recreation - Public Web Site","status":"Open","work_order_count":0},"type":"Feature"},{"geometry":{"coordinates":[-73.81358,40.747119],"type":"Point"},"id":"0CF4D419-58FB-4F93-94F8-AC00854DD896","properties":{"borough":"Queens","created_date":"2026-09-01T16:30:00.000","inspection_count":0,"latest_inspection_date":null,"latest_work_order_status":null,"latest_work_order_type":null,"max_risk_rating":null,"risk_assessment_count":0,"service_request_id":"0CF4D419-58FB-4F93-94F8-AC00854DD896","source":"3-1-1 Call Center","status":"Open","work_order_count":0},"type":"Feature"},{"geometry":{"coordinates":[-73.974177,40.785257],"type":"Point"},"id":"0D0085BC-2382-47B0-992E-E5AFBCE663F2","properties":{"borough":"Manhattan","created_date":"2026-09-08T00:15:02.000","inspection_count":0,"latest_inspection_date":null,"latest_work_order_status":null,"latest_work_order_type":null,"max_risk_rating":null,"risk_assessment_count":0,"service_request_id":"0D0085BC-2382-47B0-992E-E5AFBCE663F2","source":"Department of Parks and Recreation - Public Web Site","status":"Closed","work_order_count":0},"type":"Feature"},{"geometry":{"coordinates":[-74.003483,40.616306],"type":"Point"},"id":"0D101E5E-898C-4611-A673-DECBAFADDAA2","properties":{"borough":"Brooklyn","created_date":"2026-09-12T14:50:02.000","inspection_count":0,"latest_inspection_date":null,"latest_work_order_status":null,"latest_work_order_type":null,"max_risk_rating":null,"risk_assessment_count":0,"service_request_id":"0D101E5E-898C-4611-A673-DECBAFADDAA2","source":"Department of Parks and Recreation - Public Web Site","status":"Open","work_order_count":0},"type":"Feature"},{"geometry":{"coordinates":[-73.974177,40.785257],"type":"Point"},"id":"0D1EC72C-0000-44F1-8B7F-91C1CC02263F","properties":{"borough":"Manhattan","created_date":"2026-09-07T15:35:02.000","inspection_count":0,"latest_inspection_date":null,"latest_work_order_status":null,"latest_work_order_type":null,"max_risk_rating":null,"risk_assessment_count":0,"service_request_id":"0D1EC72C-0000-44F1-8B7F-91C1CC02263F","source":"Department of Parks and Recreation - Public Web Site","status":"Closed","work_order_count":0},"type":"Feature"},{"geometry":{"coordinates":[-73.974177,40.785257],"type":"Point"},"id":"0D2C1FF3-7EBD-4802-BDA7-37AA46767B0D","properties":{"borough":"Manhattan","created_date":"2026-09-07T20:10:02.000","inspection_count":0,"latest_inspection_date":null,"latest_work_order_status":null,"latest_work_order_type":null,"max_risk_rating":null,"risk_assessment_count":0,"service_request_id":"0D2C1FF3-7EBD-4802-BDA7-37AA46767B0D","source":"Department of Parks and Recreation - Public Web Site","status":"Closed","work_order_count":0},"type":"Feature"},{"geometry":{"coordinates":[-74.113127,40.561628],"type":"Point"},"id":"0D2DB6A4-527F-469A-BD9E-AA3DA7DCA09D","properties":{"borough":"Staten Island","created_date":"2026-09-25T00:22:00.000","inspection_count":0,"latest_inspection_date":null,"latest_work_order_status":null,"latest_work_order_type":null,"max_risk_rating":null,"risk_assessment_count":0,"service_request_id":"0D2DB6A4-527F-469A-BD9E-AA3DA7DCA09D","source":"3-1-1 Call Center","status":"Closed","work_order_count":0},"type":"Feature"},{"geometry":{"coordinates":[-73.833881,40.689452],"type":"Point"},"id":"0D3BB832-EE1F-49B9-8532-C8926FE28002","properties":{"borough":"Queens","created_date":"2026-09-02T21:01:00.000","inspection_count":0,"latest_inspection_date":null,"latest_work_order_status":null,"latest_work_order_type":null,"max_risk_rating":null,"risk_assessment_count":0,"service_request_id":"0D3BB832-EE1F-49B9-8532-C8926FE28002","source":"3-1-1 Call Center","status":"Open","work_order_count":0},"type":"Feature"},{"geometry":{"coordinates":[-73.974177,40.785257],"type":"Point"},"id":"0D41010F-43A9-4D34-AE1C-DCF6757AAD17","properties":{"borough":"Manhattan","created_date":"2026-09-07T13:10:02.000","inspection_count":0,"latest_inspection_date":null,"latest_work_order_status":null,"latest_work_order_type":null,"max_risk_rating":null,"risk_assessment_count":0,"service_request_id":"0D41010F-43A9-4D34-AE1C-DCF6757AAD17","source":"Department of Parks and Recreation - Public Web Site","status":"Closed","work_order_count":0},"type":"Feature"},{"geometry":{"coordinates":[-73.974177,40.785257],"type":"Point"},"id":"0D4EF5FE-429E-43DA-AF06-DEC578F27E41","properties":{"borough":"Manhattan","created_date":"2026-09-08T15:50:02.000","inspection_count":0,"latest_inspection_date":null,"latest_work_order_status":null,"latest_work_order_type":null,"max_risk_rating":null,"risk_assessment_count":0,"service_request_id":"0D4EF5FE-429E-43DA-AF06-DEC578F27E41","source":"Department of Parks and Recreation - Public Web Site","status":"Closed","work_order_count":0},"type":"Feature"},{"geometry":{"coordinates":[-73.904363,40.720581],"type":"Point"},"id":"0D501545-E99C-4D34-88D0-B24F386B45EC","properties":{"borough":"Queens","created_date":"2026-09-21T20:43:00.000","inspection_count":0,"latest_inspection_date":null,"latest_work_order_status":null,"latest_work_order_type":null,"max_risk_rating":null,"risk_assessment_count":0,"service_request_id":"0D501545-E99C-4D34-88D0-B24F386B45EC","source":"3-1-1 Call Center","status":"Open","work_order_count":0},"type":"Feature"},{"geometry":{"coordinates":[-73.792449,40.763529],"type":"Point"},"id":"0D522B1E-4681-476D-99CC-290DFC3E7860","properties":{"borough":"Queens","created_date":"2026-09-22T19:01:17.000","inspection_count":0,"latest_inspection_date":null,"latest_work_order_status":null,"latest_work_order_type":null,"max_risk_rating":null,"risk_assessment_count":0,"service_request_id":"0D522B1E-4681-476D-99CC-290DFC3E7860","source":"3-1-1 Call Center","status":"Open","work_order_count":0},"type":"Feature"},{"geometry":{"coordinates":[-74.118657,40.566725],"type":"Point"},"id":"0D54598B-EF45-4A8E-8BC1-83959FC9E60F","properties":{"borough":"Staten Island","created_date":"2026-09-25T21:32:18.000","inspection_count":0,"latest_inspection_date":null,"latest_work_order_status":null,"latest_work_order_type":null,"max_risk_rating":null,"risk_assessment_count":0,"service_request_id":"0D54598B-EF45-4A8E-8BC1-83959FC9E60F","source":"Department of Parks and Recreation - Public Web Site","status":"Open","work_order_count":0},"type":"Feature"},{"geometry":{"coordinates":[-73.992641,40.679847],"type":"Point"},"id":"0D79244B-1C4C-4FCD-B858-E01A62E4F09F","properties":{"borough":"Brooklyn","created_date":"2026-09-20T19:32:00.000","inspection_count":0,"latest_inspection_date":null,"latest_work_order_status":null,"latest_work_order_type":null,"max_risk_rating":null,"risk_assessment_count":0,"service_request_id":"0D79244B-1C4C-4FCD-B858-E01A62E4F09F","source":"3-1-1 Call Center","status":"Closed","work_order_count":0},"type":"Feature"},{"geometry":{"coordinates":[-73.856221,40.753589],"type":"Point"},"id":"0D7D1B54-ABE5-463F-802E-F8AD06D045B5","properties":{"borough":"Queens","created_date":"2026-09-21T13:59:27.000","inspection_count":0,"latest_inspection_date":null,"latest_work_order_status":null,"latest_work_order_type":null,"max_risk_rating":null,"risk_assessment_count":0,"service_request_id":"0D7D1B54-ABE5-463F-802E-F8AD06D045B5","source":"Department of Parks and Recreation - Public Web Site","status":"Open","work_order_count":0},"type":"Feature"},{"geometry":{"coordinates":[-73.974177,40.785257],"type":"Point"},"id":"0D853766-8187-4559-848F-248BC0974CF7","properties":{"borough":"Manhattan","created_date":"2026-09-08T23:50:02.000","inspection_count":0,"latest_inspection_date":null,"latest_work_order_status":null,"latest_work_order_type":null,"max_risk_rating":null,"risk_assessment_count":0,"service_request_id":"0D853766-8187-4559-848F-248BC0974CF7","source":"Department of Parks and Recreation - Public Web Site","status":"Closed","work_order_count":0},"type":"Feature"},{"geometry":{"coordinates":[-73.942662,40.74532],"type":"Point"},"id":"0D9733B0-88D2-40FC-BCD4-C82392179B36","properties":{"borough":"Queens","created_date":"2026-09-16T17:40:00.000","inspection_count":0,"latest_inspection_date":null,"latest_work_order_status":null,"latest_work_order_type":null,"max_risk_rating":null,"risk_assessment_count":0,"service_request_id":"0D9733B0-88D2-40FC-BCD4-C82392179B36","source":"3-1-1 Call Center","status":"Open","work_order_count":0},"type":"Feature"},{"geometry":{"coordinates":[-73.925694,40.873486],"type":"Point"},"id":"0DB642D2-2AE8-46E8-9496-302A6D1B4EC4","properties":{"borough":"Manhattan","created_date":"2026-09-13T19:24:00.000","inspection_count":0,"latest_inspection_date":null,"latest_work_order_status":null,"latest_work_order_type":null,"max_risk_rating":null,"risk_assessment_count":0,"service_request_id":"0DB642D2-2AE8-46E8-9496-302A6D1B4EC4","source":"AMPS","status":"Closed","work_order_count":0},"type":"Feature"},{"geometry":{"coordinates":[-74.003483,40.616306],"type":"Point"},"id":"0DB8E4AA-6BEF-46F9-B614-B4A70916FCB1","properties":{"borough":"Brooklyn","created_date":"2026-09-12T05:30:02.000","inspection_count":0,"latest_inspection_date":null,"latest_work_order_status":null,"latest_work_order_type":null,"max_risk_rating":null,"risk_assessment_count":0,"service_request_id":"0DB8E4AA-6BEF-46F9-B614-B4A70916FCB1","source":"Department of Parks and Recreation - Public Web Site","status":"Open","work_order_count":0},"type":"Feature"},{"geometry":{"coordinates":[-73.841092,40.679071],"type":"Point"},"id":"0DC17DA3-BC90-4597-BAC1-AC19968F1AE7","properties":{"borough":"Queens","created_date":"2026-09-16T20:46:00.000","inspection_count":0,"latest_inspection_date":null,"latest_work_order_status":null,"latest_work_order_type":null,"max_risk_rating":null,"risk_assessment_count":0,"service_request_id":"0DC17DA3-BC90-4597-BAC1-AC19968F1AE7","source":"3-1-1 Call Center","status":"Open","work_order_count":0},"type":"Feature"},{"geometry":{"coordinates":[-74.003483,40.616306],"type":"Point"},"id":"0DCEDC99-82F5-423C-BDF4-6160B0984476","properties":{"borough":"Brooklyn","created_date":"2026-09-12T08:20:02.000","inspection_count":0,"latest_inspection_date":null,"latest_work_order_status":null,"latest_work_order_type":null,"max_risk_rating":null,"risk_assessment_count":0,"service_request_id":"0DCEDC99-82F5-423C-BDF4-6160B0984476","source":"Department of Parks and Recreation - Public Web Site","status":"Open","work_order_count":0},"type":"Feature"},{"geometry":{"coordinates":[-73.992536,40.620884],"type":"Point"},"id":"0DE6CAD8-CC0D-4CF4-B54B-937DFBB1E56E","properties":{"borough":"Brooklyn","created_date":"2026-09-15T14:46:00.000","inspection_count":0,"latest_inspection_date":null,"latest_work_order_status":null,"latest_work_order_type":null,"max_risk_rating":null,"risk_assessment_count":0,"service_request_id":"0DE6CAD8-CC0D-4CF4-B54B-937DFBB1E56E","source":"3-1-1 Call Center","status":"Open","work_order_count":0},"type":"Feature"},{"geometry":{"coordinates":[-73.966631,40.609732],"type":"Point"},"id":"0DEBDC41-BF3E-48FE-9264-EB8CD50FF5E7","properties":{"borough":"Brooklyn","created_date":"2026-09-25T01:57:00.000","inspection_count":0,"latest_inspection_date":null,"latest_work_order_status":null,"latest_work_order_type":null,"max_risk_rating":null,"risk_assessment_count":0,"service_request_id":"0DEBDC41-BF3E-48FE-9264-EB8CD50FF5E7","source":"Department of Parks and Recreation - Public Web Site","status":"Closed","work_order_count":0},"type":"Feature"},{"geometry":{"coordinates":[-73.882467,40.721755],"type":"Point"},"id":"0DF02056-E631-49E4-A807-CB4F382C4ED4","properties":{"borough":"Queens","created_date":"2026-09-20T22:55:00.000","inspection_count":0,"latest_inspection_date":null,"latest_work_order_status":null,"latest_work_order_type":null,"max_risk_rating":null,"risk_assessment_count":0,"service_request_id":"0DF02056-E631-49E4-A807-CB4F382C4ED4","source":"3-1-1 Call Center","status":"Open","work_order_count":0},"type":"Feature"},{"geometry":{"coordinates":[-74.003483,40.616306],"type":"Point"},"id":"0E0414C7-9934-4DF6-9271-A3957ACF4C33","properties":{"borough":"Brooklyn","created_date":"2026-09-12T02:35:02.000","inspection_count":0,"latest_inspection_date":null,"latest_work_order_status":null,"latest_work_order_type":null,"max_risk_rating":null,"risk_assessment_count":0,"service_request_id":"0E0414C7-9934-4DF6-9271-A3957ACF4C33","source":"Department of Parks and Recreation - Public Web Site","status":"Open","work_order_count":0},"type":"Feature"},{"geometry":{"coordinates":[-73.815268,40.757958],"type":"Point"},"id":"0E1364F8-FBF0-4054-BB43-6B5E34160696","properties":{"borough":"Queens","created_date":"2026-09-23T20:29:00.000","inspection_count":0,"latest_inspection_date":null,"latest_work_order_status":null,"latest_work_order_type":null,"max_risk_rating":null,"risk_assessment_count":0,"service_request_id":"0E1364F8-FBF0-4054-BB43-6B5E34160696","source":"3-1-1 Call Center","status":"Closed","work_order_count":0},"type":"Feature"},{"geometry":{"coordinates":[-73.925753,40.704466],"type":"Point"},"id":"0E1DA27D-66CE-460C-8E1F-A823387914AD","properties":{"borough":"Brooklyn","created_date":"2026-09-06T19:27:53.000","inspection_count":0,"latest_inspection_date":null,"latest_work_order_status":null,"latest_work_order_type":null,"max_risk_rating":null,"risk_assessment_count":0,"service_request_id":"0E1DA27D-66CE-460C-8E1F-A823387914AD","source":"Department of Parks and Recreation - Public Web Site","status":"Open","work_order_count":0},"type":"Feature"},{"geometry":{"coordinates":[-73.871848,40.703784],"type":"Point"},"id":"0E4327BC-29E3-43B9-97B0-522CE1BBDADC","properties":{"borough":"Queens","created_date":"2026-09-14T17:01:09.000","inspection_count":0,"latest_inspection_date":null,"latest_work_order_status":null,"latest_work_order_type":null,"max_risk_rating":null,"risk_assessment_count":0,"service_request_id":"0E4327BC-29E3-43B9-97B0-522CE1BBDADC","source":"Department of Parks and Recreation - Public Web Site","status":"Open","work_order_count":0},"type":"Feature"},{"geometry":{"coordinates":[-73.975082,40.616665],"type":"Point"},"id":"0E5EBFD3-42E6-414D-8F6C-337EA6D7026B","properties":{"borough":"Brooklyn","created_date":"2026-09-05T13:02:00.000","inspection_count":0,"latest_inspection_date":null,"latest_work_order_status":null,"latest_work_order_type":null,"max_risk_rating":null,"risk_assessment_count":0,"service_request_id":"0E5EBFD3-42E6-414D-8F6C-337EA6D7026B","source":"3-1-1 Call Center","status":"Open","work_order_count":0},"type":"Feature"},{"geometry":{"coordinates":[-73.812913,40.761105],"type":"Point"},"id":"0E688649-C6F1-4EB3-8CDE-E5C67599D7B9","properties":{"borough":"Queens","created_date":"2026-09-08T19:13:00.000","inspection_count":0,"latest_inspection_date":null,"latest_work_order_status":null,"latest_work_order_type":null,"max_risk_rating":null,"risk_assessment_count":0,"service_request_id":"0E688649-C6F1-4EB3-8CDE-E5C67599D7B9","source":"3-1-1 Call Center","status":"Open","work_order_count":0},"type":"Feature"},{"geometry":{"coordinates":[-74.003483,40.616306],"type":"Point"},"id":"0E774C86-0793-4124-A21A-D6CC177585B9","properties":{"borough":"Brooklyn","created_date":"2026-09-12T07:30:02.000","inspection_count":0,"latest_inspection_date":null,"latest_work_order_status":null,"latest_work_order_type":null,"max_risk_rating":null,"risk_assessment_count":0,"service_request_id":"0E774C86-0793-4124-A21A-D6CC177585B9","source":"Department of Parks and Recreation - Public Web Site","status":"Open","work_order_count":0},"type":"Feature"},{"geometry":{"coordinates":[-73.904784,40.701354],"type":"Point"},"id":"0E8C8A0B-2D17-44D7-A979-668640648EDA","properties":{"borough":"Queens","created_date":"2026-09-02T13:27:00.000","inspection_count":0,"latest_inspection_date":null,"latest_work_order_status":null,"latest_work_order_type":null,"max_risk_rating":null,"risk_assessment_count":0,"service_request_id":"0E8C8A0B-2D17-44D7-A979-668640648EDA","source":"3-1-1 Call Center","status":"Open","work_order_count":0},"type":"Feature"},{"geometry":{"coordinates":[-73.8067,40.729143],"type":"Point"},"id":"0EA82D9F-6B1B-4256-9907-EF4B63B037DE","properties":{"borough":"Queens","created_date":"2026-09-25T12:37:00.000","inspection_count":0,"latest_inspection_date":null,"latest_work_order_status":null,"latest_work_order_type":null,"max_risk_rating":null,"risk_assessment_count":0,"service_request_id":"0EA82D9F-6B1B-4256-9907-EF4B63B037DE","source":"3-1-1 Call Center","status":"Open","work_order_count":0},"type":"Feature"},{"geometry":{"coordinates":[-73.984973,40.663197],"type":"Point"},"id":"0EABB571-938C-4ACA-8DD3-17F4F541F2FF","properties":{"borough":"Brooklyn","created_date":"2026-09-21T00:27:21.000","inspection_count":0,"latest_inspection_date":null,"latest_work_order_status":null,"latest_work_order_type":null,"max_risk_rating":null,"risk_assessment_count":0,"service_request_id":"0EABB571-938C-4ACA-8DD3-17F4F541F2FF","source":"3-1-1 Call Center","status":"Closed","work_order_count":0},"type":"Feature"},{"geometry":{"coordinates":[-73.817644,40.669391],"type":"Point"},"id":"0EC54EC6-AF35-4222-88A3-0CE6295F4D9A","properties":{"borough":"Queens","created_date":"2026-09-20T20:22:17.000","inspection_count":0,"latest_inspection_date":null,"latest_work_order_status":null,"latest_work_order_type":null,"max_risk_rating":null,"risk_assessment_count":0,"service_request_id":"0EC54EC6-AF35-4222-88A3-0CE6295F4D9A","source":"Department of Parks and Recreation - Public Web Site","status":"Open","work_order_count":0},"type":"Feature"},{"geometry":{"coordinates":[-73.838696,40.879768],"type":"Point"},"id":"0EC6FA81-8154-46F3-887A-3613EC14FDCF","properties":{"borough":"Bronx","created_date":"2026-09-13T23:09:02.000","inspection_count":0,"latest_inspection_date":null,"latest_work_order_status":null,"latest_work_order_type":null,"max_risk_rating":null,"risk_assessment_count":0,"service_request_id":"0EC6FA81-8154-46F3-887A-3613EC14FDCF","source":"3-1-1 Call Center","status":"Closed","work_order_count":0},"type":"Feature"},{"geometry":{"coordinates":[-73.864148,40.695124],"type":"Point"},"id":"0EC71800-7A21-4B7E-91C5-2AE7A45A0B1A","properties":{"borough":"Queens","created_date":"2026-09-06T16:46:00.000","inspection_count":0,"latest_inspection_date":null,"latest_work_order_status":null,"latest_work_order_type":null,"max_risk_rating":null,"risk_assessment_count":0,"service_request_id":"0EC71800-7A21-4B7E-91C5-2AE7A45A0B1A","source":"Department of Parks and Recreation - Public Web Site","status":"Open","work_order_count":0},"type":"Feature"},{"geometry":{"coordinates":[-73.974177,40.785257],"type":"Point"},"id":"0ECB8F3F-8430-4A36-A3AA-58FF47B30005","properties":{"borough":"Manhattan","created_date":"2026-09-09T13:30:02.000","inspection_count":0,"latest_inspection_date":null,"latest_work_order_status":null,"latest_work_order_type":null,"max_risk_rating":null,"risk_assessment_count":0,"service_request_id":"0ECB8F3F-8430-4A36-A3AA-58FF47B30005","source":"Department of Parks and Recreation - Public Web Site","status":"Closed","work_order_count":0},"type":"Feature"},{"geometry":{"coordinates":[-73.987538,40.727197],"type":"Point"},"id":"0ED4A7C8-FC94-461D-8E43-B02EC0D3EB73","properties":{"borough":"Manhattan","created_date":"2026-09-17T15:15:26.000","inspection_count":0,"latest_inspection_date":null,"latest_work_order_status":null,"latest_work_order_type":null,"max_risk_rating":null,"risk_assessment_count":0,"service_request_id":"0ED4A7C8-FC94-461D-8E43-B02EC0D3EB73","source":"Department of Parks and Recreation - Public Web Site","status":"Open","work_order_count":0},"type":"Feature"},{"geometry":{"coordinates":[-73.92859,40.833366],"type":"Point"},"id":"0EDFE700-C0B0-4B85-B077-65EAE64178BA","properties":{"borough":"Bronx","created_date":"2026-09-22T19:04:08.000","inspection_count":0,"latest_inspection_date":null,"latest_work_order_status":null,"latest_work_order_type":null,"max_risk_rating":null,"risk_assessment_count":0,"service_request_id":"0EDFE700-C0B0-4B85-B077-65EAE64178BA","source":"3-1-1 Call Center","status":"Open","work_order_count":0},"type":"Feature"},{"geometry":{"coordinates":[-73.987993,40.664339],"type":"Point"},"id":"0EF0C65C-7B97-4A34-804C-5FBE72B53636","properties":{"borough":"Brooklyn","created_date":"2026-09-14T13:46:37.000","inspection_count":0,"latest_inspection_date":null,"latest_work_order_status":null,"latest_work_order_type":null,"max_risk_rating":null,"risk_assessment_count":0,"service_request_id":"0EF0C65C-7B97-4A34-804C-5FBE72B53636","source":"3-1-1 Call Center","status":"Open","work_order_count":0},"type":"Feature"},{"geometry":{"coordinates":[-73.974177,40.785257],"type":"Point"},"id":"0EF30D06-4C75-4446-BBB7-34C973701FFC","properties":{"borough":"Manhattan","created_date":"2026-09-08T13:20:02.000","inspection_count":0,"latest_inspection_date":null,"latest_work_order_status":null,"latest_work_order_type":null,"max_risk_rating":null,"risk_assessment_count":0,"service_request_id":"0EF30D06-4C75-4446-BBB7-34C973701FFC","source":"Department of Parks and Recreation - Public Web Site","status":"Closed","work_order_count":0},"type":"Feature"},{"geometry":{"coordinates":[-73.942929,40.588972],"type":"Point"},"id":"0EF50AF5-FF30-493A-B324-8AB48BFB5CF4","properties":{"borough":"Brooklyn","created_date":"2026-09-22T22:48:00.000","inspection_count":0,"latest_inspection_date":null,"latest_work_order_status":null,"latest_work_order_type":null,"max_risk_rating":null,"risk_assessment_count":0,"service_request_id":"0EF50AF5-FF30-493A-B324-8AB48BFB5CF4","source":"3-1-1 Call Center","status":"Open","work_order_count":0},"type":"Feature"},{"geometry":{"coordinates":[-73.860155,40.695358],"type":"Point"},"id":"0EF575C3-8213-4971-A9F3-9E09ADCB59CD","properties":{"borough":"Queens","created_date":"2026-09-11T16:24:00.000","inspection_count":0,"latest_inspection_date":null,"latest_work_order_status":null,"latest_work_order_type":null,"max_risk_rating":null,"risk_assessment_count":0,"service_request_id":"0EF575C3-8213-4971-A9F3-9E09ADCB59CD","source":"3-1-1 Call Center","status":"Open","work_order_count":0},"type":"Feature"},{"geometry":{"coordinates":[-73.944604,40.662174],"type":"Point"},"id":"0EF7F542-59F6-48FA-938F-2C1837200F30","properties":{"borough":"Brooklyn","created_date":"2026-09-08T00:57:46.000","inspection_count":0,"latest_inspection_date":null,"latest_work_order_status":null,"latest_work_order_type":null,"max_risk_rating":null,"risk_assessment_count":0,"service_request_id":"0EF7F542-59F6-48FA-938F-2C1837200F30","source":"Department of Parks and Recreation - Public Web Site","status":"Open","work_order_count":0},"type":"Feature"},{"geometry":{"coordinates":[-73.904755,40.706495],"type":"Point"},"id":"0EFAB017-A728-45DC-AB36-555ABF9705A0","properties":{"borough":"Queens","created_date":"2026-09-06T18:42:00.000","inspection_count":0,"latest_inspection_date":null,"latest_work_order_status":null,"latest_work_order_type":null,"max_risk_rating":null,"risk_assessment_count":0,"service_request_id":"0EFAB017-A728-45DC-AB36-555ABF9705A0","source":"3-1-1 Call Center","status":"Open","work_order_count":0},"type":"Feature"},{"geometry":{"coordinates":[-73.822934,40.781275],"type":"Point"},"id":"0F0099FB-01C0-4017-BD6A-F1FD78D07408","properties":{"borough":"Queens","created_date":"2026-09-24T11:58:00.000","inspection_count":0,"latest_inspection_date":null,"latest_work_order_status":null,"latest_work_order_type":null,"max_risk_rating":null,"risk_assessment_count":0,"service_request_id":"0F0099FB-01C0-4017-BD6A-F1FD78D07408","source":"DPR -Public Tree Map","status":"Closed","work_order_count":0},"type":"Feature"},{"geometry":{"coordinates":[-74.136137,40.615569],"type":"Point"},"id":"0F1257C1-594A-4DD4-808D-DB5A8D2E67CF","properties":{"borough":"Staten Island","created_date":"2026-09-11T13:39:00.000","inspection_count":0,"latest_inspection_date":null,"latest_work_order_status":null,"latest_work_order_type":null,"max_risk_rating":null,"risk_assessment_count":0,"service_request_id":"0F1257C1-594A-4DD4-808D-DB5A8D2E67CF","source":"3-1-1 Call Center","status":"Closed","work_order_count":0},"type":"Feature"},{"geometry":{"coordinates":[-73.892363,40.721419],"type":"Point"},"id":"0F1865CF-AB4D-460C-B11E-11B6A3E127CE","properties":{"borough":"Queens","created_date":"2026-09-22T20:16:00.000","inspection_count":0,"latest_inspection_date":null,"latest_work_order_status":null,"latest_work_order_type":null,"max_risk_rating":null,"risk_assessment_count":0,"service_request_id":"0F1865CF-AB4D-460C-B11E-11B6A3E127CE","source":"3-1-1 Call Center","status":"Open","work_order_count":0},"type":"Feature"},{"geometry":{"coordinates":[-74.089616,40.611088],"type":"Point"},"id":"0F1DC59A-665E-4E8F-9652-8CAE33CC2554","properties":{"borough":"Staten Island","created_date":"2026-09-03T15:14:30.000","inspection_count":0,"latest_inspection_date":null,"latest_work_order_status":null,"latest_work_order_type":null,"max_risk_rating":null,"risk_assessment_count":0,"service_request_id":"0F1DC59A-665E-4E8F-9652-8CAE33CC2554","source":"3-1-1 Call Center","status":"Closed","work_order_count":0},"type":"Feature"},{"geometry":{"coordinates":[-73.977917,40.605588],"type":"Point"},"id":"0F21BEC7-71AD-404B-89E9-0BB2CF408CFC","properties":{"borough":"Brooklyn","created_date":"2026-09-10T19:34:00.000","inspection_count":0,"latest_inspection_date":null,"latest_work_order_status":null,"latest_work_order_type":null,"max_risk_rating":null,"risk_assessment_count":0,"service_request_id":"0F21BEC7-71AD-404B-89E9-0BB2CF408CFC","source":"3-1-1 Call Center","status":"Open","work_order_count":0},"type":"Feature"},{"geometry":{"coordinates":[-73.797842,40.766053],"type":"Point"},"id":"0F4289A8-29A5-4090-A5EB-4CCA31493A43","properties":{"borough":"Queens","created_date":"2026-09-09T15:30:50.000","inspection_count":0,"latest_inspection_date":null,"latest_work_order_status":null,"latest_work_order_type":null,"max_risk_rating":null,"risk_assessment_count":0,"service_request_id":"0F4289A8-29A5-4090-A5EB-4CCA31493A43","source":"Department of Parks and Recreation - Public Web Site","status":"Open","work_order_count":0},"type":"Feature"},{"geometry":{"coordinates":[-74.104929,40.633289],"type":"Point"},"id":"0F42E869-D230-4788-B51D-D021A4E571E2","properties":{"borough":"Staten Island","created_date":"2026-09-21T16:02:00.000","inspection_count":0,"latest_inspection_date":null,"latest_work_order_status":null,"latest_work_order_type":null,"max_risk_rating":null,"risk_assessment_count":0,"service_request_id":"0F42E869-D230-4788-B51D-D021A4E571E2","source":"3-1-1 Call Center","status":"Open","work_order_count":0},"type":"Feature"},{"geometry":{"coordinates":[-73.819029,40.690193],"type":"Point"},"id":"0F4DC198-D180-45A0-A119-848698803407","properties":{"borough":"Queens","created_date":"2026-09-24T16:16:00.000","inspection_count":0,"latest_inspection_date":null,"latest_work_order_status":null,"latest_work_order_type":null,"max_risk_rating":null,"risk_assessment_count":0,"service_request_id":"0F4DC198-D180-45A0-A119-848698803407","source":"3-1-1 Call Center","status":"Open","work_order_count":0},"type":"Feature"},{"geometry":{"coordinates":[-74.003483,40.616306],"type":"Point"},"id":"0F545DEB-E582-4B40-9FA4-75D344EB16C8","properties":{"borough":"Brooklyn","created_date":"2026-09-11T23:15:02.000","inspection_count":0,"latest_inspection_date":null,"latest_work_order_status":null,"latest_work_order_type":null,"max_risk_rating":null,"risk_assessment_count":0,"service_request_id":"0F545DEB-E582-4B40-9FA4-75D344EB16C8","source":"Department of Parks and Recreation - Public Web Site","status":"Open","work_order_count":0},"type":"Feature"},{"geometry":{"coordinates":[-73.974177,40.785257],"type":"Point"},"id":"0F5707A7-1D20-4AC3-83EE-1905756A5C34","properties":{"borough":"Manhattan","created_date":"2026-09-07T18:50:02.000","inspection_count":0,"latest_inspection_date":null,"latest_work_order_status":null,"latest_work_order_type":null,"max_risk_rating":null,"risk_assessment_count":0,"service_request_id":"0F5707A7-1D20-4AC3-83EE-1905756A5C34","source":"Department of Parks and Recreation - Public Web Site","status":"Closed","work_order_count":0},"type":"Feature"},{"geometry":{"coordinates":[-73.974177,40.785257],"type":"Point"},"id":"0F5E3BE7-9F7F-401A-ADE3-2387CD74ADB6","properties":{"borough":"Manhattan","created_date":"2026-09-09T09:55:02.000","inspection_count":0,"latest_inspection_date":null,"latest_work_order_status":null,"latest_work_order_type":null,"max_risk_rating":null,"risk_assessment_count":0,"service_request_id":"0F5E3BE7-9F7F-401A-ADE3-2387CD74ADB6","source":"Department of Parks and Recreation - Public Web Site","status":"Closed","work_order_count":0},"type":"Feature"},{"geometry":{"coordinates":[-74.082073,40.624733],"type":"Point"},"id":"0F63A930-291B-4CED-88AC-9804442684AE","properties":{"borough":"Staten Island","created_date":"2026-09-17T22:29:37.000","inspection_count":0,"latest_inspection_date":null,"latest_work_order_status":null,"latest_work_order_type":null,"max_risk_rating":null,"risk_assessment_count":0,"service_request_id":"0F63A930-291B-4CED-88AC-9804442684AE","source":"3-1-1 Call Center","status":"Open","work_order_count":0},"type":"Feature"},{"geometry":{"coordinates":[-73.892818,40.703438],"type":"Point"},"id":"0F757B57-75AE-4892-A30B-FE95E446E3A4","properties":{"borough":"Queens","created_date":"2026-09-10T11:33:00.000","inspection_count":0,"latest_inspection_date":null,"latest_work_order_status":null,"latest_work_order_type":null,"max_risk_rating":null,"risk_assessment_count":0,"service_request_id":"0F757B57-75AE-4892-A30B-FE95E446E3A4","source":"DPR -Public Tree Map","status":"Open","work_order_count":0},"type":"Feature"},{"geometry":{"coordinates":[-73.817561,40.722318],"type":"Point"},"id":"0F78F8D1-088D-458A-9288-0F733E38E713","properties":{"borough":"Queens","created_date":"2026-09-17T19:43:00.000","inspection_count":0,"latest_inspection_date":null,"latest_work_order_status":null,"latest_work_order_type":null,"max_risk_rating":null,"risk_assessment_count":0,"service_request_id":"0F78F8D1-088D-458A-9288-0F733E38E713","source":"3-1-1 Call Center","status":"Closed","work_order_count":0},"type":"Feature"},{"geometry":{"coordinates":[-73.80241,40.731353],"type":"Point"},"id":"0F7D7F8B-F738-4773-9D1C-7AC0442867D8","properties":{"borough":"Queens","created_date":"2026-09-03T10:56:37.000","inspection_count":0,"latest_inspection_date":null,"latest_work_order_status":null,"latest_work_order_type":null,"max_risk_rating":null,"risk_assessment_count":0,"service_request_id":"0F7D7F8B-F738-4773-9D1C-7AC0442867D8","source":"Department of Parks and Recreation - Public Web Site","status":"Open","work_order_count":0},"type":"Feature"},{"geometry":{"coordinates":[-74.209085,40.526495],"type":"Point"},"id":"0F7D9ECD-F8BA-4DDD-8C5F-4F0C6CB98FF9","properties":{"borough":"Staten Island","created_date":"2026-09-15T13:24:00.000","inspection_count":0,"latest_inspection_date":null,"latest_work_order_status":null,"latest_work_order_type":null,"max_risk_rating":null,"risk_assessment_count":0,"service_request_id":"0F7D9ECD-F8BA-4DDD-8C5F-4F0C6CB98FF9","source":"3-1-1 Call Center","status":"Closed","work_order_count":0},"type":"Feature"},{"geometry":{"coordinates":[-73.876773,40.724348],"type":"Point"},"id":"0F802870-D279-42A8-AF27-4E1FF92F5FEC","properties":{"borough":"Queens","created_date":"2026-09-08T20:05:00.000","inspection_count":0,"latest_inspection_date":null,"latest_work_order_status":null,"latest_work_order_type":null,"max_risk_rating":null,"risk_assessment_count":0,"service_request_id":"0F802870-D279-42A8-AF27-4E1FF92F5FEC","source":"3-1-1 Call Center","status":"Open","work_order_count":0},"type":"Feature"},{"geometry":{"coordinates":[-73.975373,40.657392],"type":"Point"},"id":"0F8A0E48-807A-4639-A8A1-3353C9DB99D0","properties":{"borough":"Brooklyn","created_date":"2026-09-18T16:31:23.000","inspection_count":0,"latest_inspection_date":null,"latest_work_order_status":null,"latest_work_order_type":null,"max_risk_rating":null,"risk_assessment_count":0,"service_request_id":"0F8A0E48-807A-4639-A8A1-3353C9DB99D0","source":"3-1-1 Call Center","status":"Open","work_order_count":0},"type":"Feature"},{"geometry":{"coordinates":[-73.875904,40.743637],"type":"Point"},"id":"0F8D7064-98F9-4E7D-8BC9-AAACEB058FEF","properties":{"borough":"Queens","created_date":"2026-09-12T21:54:00.000","inspection_count":0,"latest_inspection_date":null,"latest_work_order_status":null,"latest_work_order_type":null,"max_risk_rating":null,"risk_assessment_count":0,"service_request_id":"0F8D7064-98F9-4E7D-8BC9-AAACEB058FEF","source":"3-1-1 Call Center","status":"Closed","work_order_count":0},"type":"Feature"},{"geometry":{"coordinates":[-73.822688,40.734115],"type":"Point"},"id":"0F92CE9E-42CE-4B23-A3B6-4615E5D32ADE","properties":{"borough":"Queens","created_date":"2026-09-17T16:37:00.000","inspection_count":0,"latest_inspection_date":null,"latest_work_order_status":null,"latest_work_order_type":null,"max_risk_rating":null,"risk_assessment_count":0,"service_request_id":"0F92CE9E-42CE-4B23-A3B6-4615E5D32ADE","source":"Department of Parks and Recreation - Public Web Site","status":"Open","work_order_count":0},"type":"Feature"},{"geometry":{"coordinates":[-74.14951,40.618218],"type":"Point"},"id":"0F97974E-BA1C-4BA7-8E09-8CA7E08CC452","properties":{"borough":"Staten Island","created_date":"2026-09-02T14:03:00.000","inspection_count":0,"latest_inspection_date":null,"latest_work_order_status":null,"latest_work_order_type":null,"max_risk_rating":null,"risk_assessment_count":0,"service_request_id":"0F97974E-BA1C-4BA7-8E09-8CA7E08CC452","source":"3-1-1 Call Center","status":"Open","work_order_count":0},"type":"Feature"},{"geometry":{"coordinates":[-73.91648,40.778889],"type":"Point"},"id":"0F98A724-CE8C-4ECA-9521-2F720F9C5066","properties":{"borough":"Queens","created_date":"2026-09-21T14:37:00.000","inspection_count":0,"latest_inspection_date":null,"latest_work_order_status":null,"latest_work_order_type":null,"max_risk_rating":null,"risk_assessment_count":0,"service_request_id":"0F98A724-CE8C-4ECA-9521-2F720F9C5066","source":"3-1-1 Call Center","status":"Open","work_order_count":0},"type":"Feature"},{"geometry":{"coordinates":[-73.905603,40.861521],"type":"Point"},"id":"0FA750A1-20F5-4C90-B9DD-8A157C5EF426","properties":{"borough":"Bronx","created_date":"2026-09-13T17:05:53.000","inspection_count":0,"latest_inspection_date":null,"latest_work_order_status":null,"latest_work_order_type":null,"max_risk_rating":null,"risk_assessment_count":0,"service_request_id":"0FA750A1-20F5-4C90-B9DD-8A157C5EF426","source":"3-1-1 Call Center","status":"Open","work_order_count":0},"type":"Feature"},{"geometry":{"coordinates":[-73.804042,40.689389],"type":"Point"},"id":"0FB52534-563E-41F3-B156-475BB2357125","properties":{"borough":"Queens","created_date":"2026-09-21T13:52:00.000","inspection_count":0,"latest_inspection_date":null,"latest_work_order_status":null,"latest_work_order_type":null,"max_risk_rating":null,"risk_assessment_count":0,"service_request_id":"0FB52534-563E-41F3-B156-475BB2357125","source":"3-1-1 Call Center","status":"Open","work_order_count":0},"type":"Feature"},{"geometry":{"coordinates":[-73.955698,40.613956],"type":"Point"},"id":"0FBDDA91-7762-4E96-8F6D-18D57AFECB06","properties":{"borough":"Brooklyn","created_date":"2026-09-24T12:01:00.000","inspection_count":0,"latest_inspection_date":null,"latest_work_order_status":null,"latest_work_order_type":null,"max_risk_rating":null,"risk_assessment_count":0,"service_request_id":"0FBDDA91-7762-4E96-8F6D-18D57AFECB06","source":"3-1-1 Call Center","status":"Open","work_order_count":0},"type":"Feature"},{"geometry":{"coordinates":[-73.947477,40.597404],"type":"Point"},"id":"0FD8DE44-9C38-4690-BB22-474695587537","properties":{"borough":"Brooklyn","created_date":"2026-09-19T00:01:34.000","inspection_count":0,"latest_inspection_date":null,"latest_work_order_status":null,"latest_work_order_type":null,"max_risk_rating":null,"risk_assessment_count":0,"service_request_id":"0FD8DE44-9C38-4690-BB22-474695587537","source":"Department of Parks and Recreation - Public Web Site","status":"Open","work_order_count":0},"type":"Feature"},{"geometry":{"coordinates":[-73.812434,40.749266],"type":"Point"},"id":"0FDE4906-BEAA-4BB7-8212-695D9138522D","properties":{"borough":"Queens","created_date":"2026-09-23T16:32:00.000","inspection_count":0,"latest_inspection_date":null,"latest_work_order_status":null,"latest_work_order_type":null,"max_risk_rating":null,"risk_assessment_count":0,"service_request_id":"0FDE4906-BEAA-4BB7-8212-695D9138522D","source":"3-1-1 Call Center","status":"Open","work_order_count":0},"type":"Feature"},{"geometry":{"coordinates":[-74.090439,40.601432],"type":"Point"},"id":"0FE4B8F3-E18B-420A-9BC8-B9FE44381BFC","properties":{"borough":"Staten Island","created_date":"2026-09-25T16:34:13.000","inspection_count":0,"latest_inspection_date":null,"latest_work_order_status":null,"latest_work_order_type":null,"max_risk_rating":null,"risk_assessment_count":0,"service_request_id":"0FE4B8F3-E18B-420A-9BC8-B9FE44381BFC","source":"3-1-1 Call Center","status":"Closed","work_order_count":0},"type":"Feature"},{"geometry":{"coordinates":[-73.813457,40.739527],"type":"Point"},"id":"0FFB164E-6482-4597-93F0-14F86808DCE3","properties":{"borough":"Queens","created_date":"2026-09-02T13:37:00.000","inspection_count":0,"latest_inspection_date":null,"latest_work_order_status":null,"latest_work_order_type":null,"max_risk_rating":null,"risk_assessment_count":0,"service_request_id":"0FFB164E-6482-4597-93F0-14F86808DCE3","source":"3-1-1 Call Center","status":"Open","work_order_count":0},"type":"Feature"},{"geometry":{"coordinates":[-73.906802,40.717912],"type":"Point"},"id":"0FFCD606-9A87-44AE-98C0-3CD94D831D72","properties":{"borough":"Queens","created_date":"2026-09-01T17:51:00.000","inspection_count":0,"latest_inspection_date":null,"latest_work_order_status":null,"latest_work_order_type":null,"max_risk_rating":null,"risk_assessment_count":0,"service_request_id":"0FFCD606-9A87-44AE-98C0-3CD94D831D72","source":"3-1-1 Call Center","status":"Open","work_order_count":0},"type":"Feature"},{"geometry":{"coordinates":[-73.776319,40.687417],"type":"Point"},"id":"10059DD3-7B0E-42F3-B92A-2D8F7717AB4C","properties":{"borough":"Queens","created_date":"2026-09-21T14:31:00.000","inspection_count":0,"latest_inspection_date":null,"latest_work_order_status":null,"latest_work_order_type":null,"max_risk_rating":null,"risk_assessment_count":0,"service_request_id":"10059DD3-7B0E-42F3-B92A-2D8F7717AB4C","source":"3-1-1 Call Center","status":"Closed","work_order_count":0},"type":"Feature"},{"geometry":{"coordinates":[-74.003483,40.616306],"type":"Point"},"id":"10067BFE-73D0-4477-944F-B6B027479F6C","properties":{"borough":"Brooklyn","created_date":"2026-09-12T00:00:02.000","inspection_count":0,"latest_inspection_date":null,"latest_work_order_status":null,"latest_work_order_type":null,"max_risk_rating":null,"risk_assessment_count":0,"service_request_id":"10067BFE-73D0-4477-944F-B6B027479F6C","source":"Department of Parks and Recreation - Public Web Site","status":"Open","work_order_count":0},"type":"Feature"},{"geometry":{"coordinates":[-73.989604,40.577535],"type":"Point"},"id":"10073292-D61C-46DB-919D-174AB83ACE2F","properties":{"borough":"Brooklyn","created_date":"2026-09-22T18:42:00.000","inspection_count":0,"latest_inspection_date":null,"latest_work_order_status":null,"latest_work_order_type":null,"max_risk_rating":null,"risk_assessment_count":0,"service_request_id":"10073292-D61C-46DB-919D-174AB83ACE2F","source":"3-1-1 Call Center","status":"Open","work_order_count":0},"type":"Feature"},{"geometry":{"coordinates":[-73.787497,40.712311],"type":"Point"},"id":"1008EBC5-64F6-4E6A-998E-9084DBC70E9A","properties":{"borough":"Queens","created_date":"2026-09-17T20:24:00.000","inspection_count":0,"latest_inspection_date":null,"latest_work_order_status":null,"latest_work_order_type":null,"max_risk_rating":null,"risk_assessment_count":0,"service_request_id":"1008EBC5-64F6-4E6A-998E-9084DBC70E9A","source":"3-1-1 Call Center","status":"Open","work_order_count":0},"type":"Feature"},{"geometry":{"coordinates":[-74.008945,40.651847],"type":"Point"},"id":"100BEC78-DC87-49BD-95B6-FAF8E0E278DF","properties":{"borough":"Brooklyn","created_date":"2026-09-21T13:00:11.000","inspection_count":0,"latest_inspection_date":null,"latest_work_order_status":null,"latest_work_order_type":null,"max_risk_rating":null,"risk_assessment_count":0,"service_request_id":"100BEC78-DC87-49BD-95B6-FAF8E0E278DF","source":"3-1-1 Call Center","status":"Open","work_order_count":0},"type":"Feature"},{"geometry":{"coordinates":[-74.033877,40.625306],"type":"Point"},"id":"100C845D-5275-453C-AC53-1FABD19EE9BC","properties":{"borough":"Brooklyn","created_date":"2026-09-02T21:11:12.000","inspection_count":0,"latest_inspection_date":null,"latest_work_order_status":null,"latest_work_order_type":null,"max_risk_rating":null,"risk_assessment_count":0,"service_request_id":"100C845D-5275-453C-AC53-1FABD19EE9BC","source":"3-1-1 Call Center","status":"Open","work_order_count":0},"type":"Feature"},{"geometry":{"coordinates":[-73.848739,40.712128],"type":"Point"},"id":"1014CB3D-D932-4250-8335-3740E478CA7D","properties":{"borough":"Queens","created_date":"2026-09-17T19:07:00.000","inspection_count":0,"latest_inspection_date":null,"latest_work_order_status":null,"latest_work_order_type":null,"max_risk_rating":null,"risk_assessment_count":0,"service_request_id":"1014CB3D-D932-4250-8335-3740E478CA7D","source":"3-1-1 Call Center","status":"Open","work_order_count":0},"type":"Feature"},{"geometry":{"coordinates":[-74.003483,40.616306],"type":"Point"},"id":"1031F241-1D1B-4799-A6F9-A7D98D6FF1F0","properties":{"borough":"Brooklyn","created_date":"2026-09-12T04:15:02.000","inspection_count":0,"latest_inspection_date":null,"latest_work_order_status":null,"latest_work_order_type":null,"max_risk_rating":null,"risk_assessment_count":0,"service_request_id":"1031F241-1D1B-4799-A6F9-A7D98D6FF1F0","source":"Department of Parks and Recreation - Public Web Site","status":"Open","work_order_count":0},"type":"Feature"},{"geometry":{"coordinates":[-73.992099,40.659492],"type":"Point"},"id":"10389446-476D-4FD1-A5C1-EFBF34F85BAA","properties":{"borough":"Brooklyn","created_date":"2026-09-24T20:24:00.000","inspection_count":0,"latest_inspection_date":null,"latest_work_order_status":null,"latest_work_order_type":null,"max_risk_rating":null,"risk_assessment_count":0,"service_request_id":"10389446-476D-4FD1-A5C1-EFBF34F85BAA","source":"3-1-1 Call Center","status":"Open","work_order_count":0},"type":"Feature"},{"geometry":{"coordinates":[-74.003483,40.616306],"type":"Point"},"id":"103A3600-FF46-44BC-9EB9-8D69FAC76AC0","properties":{"borough":"Brooklyn","created_date":"2026-09-12T20:30:02.000","inspection_count":0,"latest_inspection_date":null,"latest_work_order_status":null,"latest_work_order_type":null,"max_risk_rating":null,"risk_assessment_count":0,"service_request_id":"103A3600-FF46-44BC-9EB9-8D69FAC76AC0","source":"Department of Parks and Recreation - Public Web Site","status":"Open","work_order_count":0},"type":"Feature"},{"geometry":{"coordinates":[-73.954647,40.638705],"type":"Point"},"id":"103A9046-D804-482E-86BD-74772157C228","properties":{"borough":"Brooklyn","created_date":"2026-09-17T20:33:02.000","inspection_count":0,"latest_inspection_date":null,"latest_work_order_status":null,"latest_work_order_type":null,"max_risk_rating":null,"risk_assessment_count":0,"service_request_id":"103A9046-D804-482E-86BD-74772157C228","source":"Department of Parks and Recreation - Public Web Site","status":"Open","work_order_count":0},"type":"Feature"},{"geometry":{"coordinates":[-73.93472,40.75854],"type":"Point"},"id":"1050D305-245B-406E-BD46-938B7C35728A","properties":{"borough":"Queens","created_date":"2026-09-22T16:28:00.000","inspection_count":0,"latest_inspection_date":null,"latest_work_order_status":null,"latest_work_order_type":null,"max_risk_rating":null,"risk_assessment_count":0,"service_request_id":"1050D305-245B-406E-BD46-938B7C35728A","source":"3-1-1 Call Center","status":"Open","work_order_count":0},"type":"Feature"},{"geometry":{"coordinates":[-73.949028,40.621905],"type":"Point"},"id":"1059627C-13AF-4DD5-87D3-600E63C17054","properties":{"borough":"Brooklyn","created_date":"2026-09-14T21:38:09.000","inspection_count":0,"latest_inspection_date":null,"latest_work_order_status":null,"latest_work_order_type":null,"max_risk_rating":null,"risk_assessment_count":0,"service_request_id":"1059627C-13AF-4DD5-87D3-600E63C17054","source":"3-1-1 Call Center","status":"Open","work_order_count":0},"type":"Feature"},{"geometry":{"coordinates":[-73.762597,40.759033],"type":"Point"},"id":"105DA468-9447-4DA4-BEF3-8304DCFF6F71","properties":{"borough":"Queens","created_date":"2026-09-14T12:28:00.000","inspection_count":0,"latest_inspection_date":null,"latest_work_order_status":null,"latest_work_order_type":null,"max_risk_rating":null,"risk_assessment_count":0,"service_request_id":"105DA468-9447-4DA4-BEF3-8304DCFF6F71","source":"Department of Parks and Recreation - Public Web Site","status":"Closed","work_order_count":0},"type":"Feature"},{"geometry":{"coordinates":[-74.032507,40.630766],"type":"Point"},"id":"107A2200-5C53-41CF-8C7F-AF58564BB8D9","properties":{"borough":"Brooklyn","created_date":"2026-09-02T17:10:49.000","inspection_count":0,"latest_inspection_date":null,"latest_work_order_status":null,"latest_work_order_type":null,"max_risk_rating":null,"risk_assessment_count":0,"service_request_id":"107A2200-5C53-41CF-8C7F-AF58564BB8D9","source":"3-1-1 Call Center","status":"Open","work_order_count":0},"type":"Feature"},{"geometry":{"coordinates":[-73.779156,40.747607],"type":"Point"},"id":"10819E5B-0E57-4A2F-B7EF-8BDB3DB13DD8","properties":{"borough":"Queens","created_date":"2026-09-17T14:54:00.000","inspection_count":0,"latest_inspection_date":null,"latest_work_order_status":null,"latest_work_order_type":null,"max_risk_rating":null,"risk_assessment_count":0,"service_request_id":"10819E5B-0E57-4A2F-B7EF-8BDB3DB13DD8","source":"3-1-1 Call Center","status":"Open","work_order_count":0},"type":"Feature"},{"geometry":{"coordinates":[-73.758496,40.737292],"type":"Point"},"id":"1086CB52-E255-4F83-9383-DE2E1953E612","properties":{"borough":"Queens","created_date":"2026-09-04T12:26:00.000","inspection_count":1,"latest_inspection_date":"2026-09-04T04:00:00.000","latest_work_order_status":"Closed","latest_work_order_type":"Hanging Limb","max_risk_rating":"9.0","risk_assessment_count":1,"service_request_id":"1086CB52-E255-4F83-9383-DE2E1953E612","source":"3-1-1 Call Center","status":"Closed","work_order_count":1},"type":"Feature"},{"geometry":{"coordinates":[-74.003483,40.616306],"type":"Point"},"id":"108AABCC-EB29-4E9C-9351-69CE8E3B4CB9","properties":{"borough":"Brooklyn","created_date":"2026-09-12T07:25:02.000","inspection_count":0,"latest_inspection_date":null,"latest_work_order_status":null,"latest_work_order_type":null,"max_risk_rating":null,"risk_assessment_count":0,"service_request_id":"108AABCC-EB29-4E9C-9351-69CE8E3B4CB9","source":"Department of Parks and Recreation - Public Web Site","status":"Open","work_order_count":0},"type":"Feature"},{"geometry":{"coordinates":[-73.809161,40.737826],"type":"Point"},"id":"109A7315-E069-463A-A595-F3257E49037F","properties":{"borough":"Queens","created_date":"2026-09-12T16:45:00.000","inspection_count":1,"latest_inspection_date":"2026-09-14T04:00:00.000","latest_work_order_status":"Open","latest_work_order_type":"Tree Removal","max_risk_rating":"8.0","risk_assessment_count":1,"service_request_id":"109A7315-E069-463A-A595-F3257E49037F","source":"Department of Parks and Recreation - Public Web Site","status":"Open","work_order_count":1},"type":"Feature"},{"geometry":{"coordinates":[-73.943655,40.646707],"type":"Point"},"id":"10A2CB61-5A53-4054-B365-0DBC35DEE257","properties":{"borough":"Brooklyn","created_date":"2026-09-13T21:33:00.000","inspection_count":0,"latest_inspection_date":null,"latest_work_order_status":null,"latest_work_order_type":null,"max_risk_rating":null,"risk_assessment_count":0,"service_request_id":"10A2CB61-5A53-4054-B365-0DBC35DEE257","source":"3-1-1 Call Center","status":"Open","work_order_count":0},"type":"Feature"},{"geometry":{"coordinates":[-73.790723,40.733907],"type":"Point"},"id":"10A7D0CA-4F45-4F55-93D8-2AB390650A2A","properties":{"borough":"Queens","created_date":"2026-09-15T14:32:00.000","inspection_count":0,"latest_inspection_date":null,"latest_work_order_status":null,"latest_work_order_type":null,"max_risk_rating":null,"risk_assessment_count":0,"service_request_id":"10A7D0CA-4F45-4F55-93D8-2AB390650A2A","source":"3-1-1 Call Center","status":"Open","work_order_count":0},"type":"Feature"},{"geometry":{"coordinates":[-73.897156,40.713378],"type":"Point"},"id":"10AA9EA9-CF7A-44E7-A166-BF7A711ED7F0","properties":{"borough":"Queens","created_date":"2026-09-11T19:37:00.000","inspection_count":0,"latest_inspection_date":null,"latest_work_order_status":null,"latest_work_order_type":null,"max_risk_rating":null,"risk_assessment_count":0,"service_request_id":"10AA9EA9-CF7A-44E7-A166-BF7A711ED7F0","source":"Department of Parks and Recreation - Public Web Site","status":"Open","work_order_count":0},"type":"Feature"},{"geometry":{"coordinates":[-73.851264,40.710718],"type":"Point"},"id":"10D74789-056C-41F2-9BDD-AF197B1F5215","properties":{"borough":"Queens","created_date":"2026-09-23T12:29:00.000","inspection_count":0,"latest_inspection_date":null,"latest_work_order_status":null,"latest_work_order_type":null,"max_risk_rating":null,"risk_assessment_count":0,"service_request_id":"10D74789-056C-41F2-9BDD-AF197B1F5215","source":"3-1-1 Call Center","status":"Open","work_order_count":0},"type":"Feature"},{"geometry":{"coordinates":[-73.974177,40.785257],"type":"Point"},"id":"10DFAB96-7AB5-453E-8976-9A93A574C947","properties":{"borough":"Manhattan","created_date":"2026-09-07T10:35:02.000","inspection_count":0,"latest_inspection_date":null,"latest_work_order_status":null,"latest_work_order_type":null,"max_risk_rating":null,"risk_assessment_count":0,"service_request_id":"10DFAB96-7AB5-453E-8976-9A93A574C947","source":"Department of Parks and Recreation - Public Web Site","status":"Closed","work_order_count":0},"type":"Feature"},{"geometry":{"coordinates":[-74.145437,40.552542],"type":"Point"},"id":"10E1054D-7FEE-40F5-927D-B7701E3CEC26","properties":{"borough":"Staten Island","created_date":"2026-09-22T14:58:00.000","inspection_count":0,"latest_inspection_date":null,"latest_work_order_status":null,"latest_work_order_type":null,"max_risk_rating":null,"risk_assessment_count":0,"service_request_id":"10E1054D-7FEE-40F5-927D-B7701E3CEC26","source":"Department of Parks and Recreation - Public Web Site","status":"Closed","work_order_count":0},"type":"Feature"},{"geometry":{"coordinates":[-74.178979,40.545998],"type":"Point"},"id":"10E3424C-9362-499D-A455-F5A81CF21DCC","properties":{"borough":"Staten Island","created_date":"2026-09-18T08:51:00.000","inspection_count":0,"latest_inspection_date":null,"latest_work_order_status":null,"latest_work_order_type":null,"max_risk_rating":null,"risk_assessment_count":0,"service_request_id":"10E3424C-9362-499D-A455-F5A81CF21DCC","source":"3-1-1 Call Center","status":"Closed","work_order_count":0},"type":"Feature"},{"geometry":{"coordinates":[-74.194446,40.515994],"type":"Point"},"id":"10EFCDC4-020F-4DDA-A26A-8B6E31327B2C","properties":{"borough":"Staten Island","created_date":"2026-09-08T12:58:00.000","inspection_count":0,"latest_inspection_date":null,"latest_work_order_status":null,"latest_work_order_type":null,"max_risk_rating":null,"risk_assessment_count":0,"service_request_id":"10EFCDC4-020F-4DDA-A26A-8B6E31327B2C","source":"3-1-1 Call Center","status":"Closed","work_order_count":0},"type":"Feature"},{"geometry":{"coordinates":[-74.107018,40.618976],"type":"Point"},"id":"10F5F1EA-6D1C-481A-830D-4AC9D98733A7","properties":{"borough":"Staten Island","created_date":"2026-09-21T20:08:00.000","inspection_count":0,"latest_inspection_date":null,"latest_work_order_status":null,"latest_work_order_type":null,"max_risk_rating":null,"risk_assessment_count":0,"service_request_id":"10F5F1EA-6D1C-481A-830D-4AC9D98733A7","source":"Department of Parks and Recreation - Public Web Site","status":"Open","work_order_count":0},"type":"Feature"},{"geometry":{"coordinates":[-74.166274,40.547601],"type":"Point"},"id":"10F9F2CF-0CA4-4FE8-89E1-3B482DCBC152","properties":{"borough":"Staten Island","created_date":"2026-09-23T13:41:00.000","inspection_count":0,"latest_inspection_date":null,"latest_work_order_status":null,"latest_work_order_type":null,"max_risk_rating":null,"risk_assessment_count":0,"service_request_id":"10F9F2CF-0CA4-4FE8-89E1-3B482DCBC152","source":"3-1-1 Call Center","status":"Open","work_order_count":0},"type":"Feature"},{"geometry":{"coordinates":[-74.019105,40.644304],"type":"Point"},"id":"1113AE27-F320-48A0-952F-DD2C40DB8F23","properties":{"borough":"Brooklyn","created_date":"2026-09-05T16:40:00.000","inspection_count":0,"latest_inspection_date":null,"latest_work_order_status":null,"latest_work_order_type":null,"max_risk_rating":null,"risk_assessment_count":0,"service_request_id":"1113AE27-F320-48A0-952F-DD2C40DB8F23","source":"Department of Parks and Recreation - Public Web Site","status":"Closed","work_order_count":0},"type":"Feature"},{"geometry":{"coordinates":[-73.794638,40.684772],"type":"Point"},"id":"1113F1E9-6DF6-4ECF-8D2C-F387D3B95701","properties":{"borough":"Queens","created_date":"2026-09-01T17:42:00.000","inspection_count":0,"latest_inspection_date":null,"latest_work_order_status":null,"latest_work_order_type":null,"max_risk_rating":null,"risk_assessment_count":0,"service_request_id":"1113F1E9-6DF6-4ECF-8D2C-F387D3B95701","source":"Department of Parks and Recreation - Public Web Site","status":"Open","work_order_count":0},"type":"Feature"},{"geometry":{"coordinates":[-73.871629,40.709035],"type":"Point"},"id":"112969B9-3FFE-476F-943F-88C22E43D8CD","properties":{"borough":"Queens","created_date":"2026-09-02T14:49:00.000","inspection_count":0,"latest_inspection_date":null,"latest_work_order_status":null,"latest_work_order_type":null,"max_risk_rating":null,"risk_assessment_count":0,"service_request_id":"112969B9-3FFE-476F-943F-88C22E43D8CD","source":"3-1-1 Call Center","status":"Open","work_order_count":0},"type":"Feature"},{"geometry":{"coordinates":[-73.782497,40.756888],"type":"Point"},"id":"11298C32-0612-4EA0-9ACB-275FD017146B","properties":{"borough":"Queens","created_date":"2026-09-02T17:03:00.000","inspection_count":0,"latest_inspection_date":null,"latest_work_order_status":null,"latest_work_order_type":null,"max_risk_rating":null,"risk_assessment_count":0,"service_request_id":"11298C32-0612-4EA0-9ACB-275FD017146B","source":"3-1-1 Call Center","status":"Open","work_order_count":0},"type":"Feature"},{"geometry":{"coordinates":[-73.94255,40.682125],"type":"Point"},"id":"1133DE00-1ECC-406F-9DCA-32F3E88A45F2","properties":{"borough":"Brooklyn","created_date":"2026-09-01T13:08:57.000","inspection_count":0,"latest_inspection_date":null,"latest_work_order_status":null,"latest_work_order_type":null,"max_risk_rating":null,"risk_assessment_count":0,"service_request_id":"1133DE00-1ECC-406F-9DCA-32F3E88A45F2","source":"3-1-1 Call Center","status":"Open","work_order_count":0},"type":"Feature"},{"geometry":{"coordinates":[-74.098971,40.604449],"type":"Point"},"id":"1173BECC-772E-41A2-B75D-671D53527EAF","properties":{"borough":"Staten Island","created_date":"2026-09-18T11:46:00.000","inspection_count":0,"latest_inspection_date":null,"latest_work_order_status":null,"latest_work_order_type":null,"max_risk_rating":null,"risk_assessment_count":0,"service_request_id":"1173BECC-772E-41A2-B75D-671D53527EAF","source":"3-1-1 Call Center","status":"Closed","work_order_count":0},"type":"Feature"},{"geometry":{"coordinates":[-73.930407,40.612587],"type":"Point"},"id":"117D3501-6935-4844-BCC1-010EBAADE143","properties":{"borough":"Brooklyn","created_date":"2026-09-14T15:26:00.000","inspection_count":1,"latest_inspection_date":"2026-08-04T16:08:13.000","latest_work_order_status":null,"latest_work_order_type":null,"max_risk_rating":"8.0","risk_assessment_count":1,"service_request_id":"117D3501-6935-4844-BCC1-010EBAADE143","source":"Department of Parks and Recreation - Public Web Site","status":"Open","work_order_count":0},"type":"Feature"},{"geometry":{"coordinates":[-73.978908,40.658584],"type":"Point"},"id":"118E5556-C043-4305-A6A6-22995B9A6F61","properties":{"borough":"Brooklyn","created_date":"2026-09-04T16:00:36.000","inspection_count":0,"latest_inspection_date":null,"latest_work_order_status":null,"latest_work_order_type":null,"max_risk_rating":null,"risk_assessment_count":0,"service_request_id":"118E5556-C043-4305-A6A6-22995B9A6F61","source":"Department of Parks and Recreation - Public Web Site","status":"Open","work_order_count":0},"type":"Feature"},{"geometry":{"coordinates":[-73.85799,40.738223],"type":"Point"},"id":"11A02D14-2E84-4415-B5DD-996C9742FA3F","properties":{"borough":"Queens","created_date":"2026-09-09T14:30:00.000","inspection_count":0,"latest_inspection_date":null,"latest_work_order_status":null,"latest_work_order_type":null,"max_risk_rating":null,"risk_assessment_count":0,"service_request_id":"11A02D14-2E84-4415-B5DD-996C9742FA3F","source":"3-1-1 Call Center","status":"Open","work_order_count":0},"type":"Feature"},{"geometry":{"coordinates":[-73.829114,40.752783],"type":"Point"},"id":"11B119FB-115B-4C1C-94D3-663665699DE4","properties":{"borough":"Queens","created_date":"2026-09-09T16:00:03.000","inspection_count":0,"latest_inspection_date":null,"latest_work_order_status":null,"latest_work_order_type":null,"max_risk_rating":null,"risk_assessment_count":0,"service_request_id":"11B119FB-115B-4C1C-94D3-663665699DE4","source":"Department of Parks and Recreation - Public Web Site","status":"Open","work_order_count":0},"type":"Feature"},{"geometry":{"coordinates":[-74.003483,40.616306],"type":"Point"},"id":"11C3FF85-F24C-45E5-AB83-54A50502CD56","properties":{"borough":"Brooklyn","created_date":"2026-09-12T11:15:02.000","inspection_count":0,"latest_inspection_date":null,"latest_work_order_status":null,"latest_work_order_type":null,"max_risk_rating":null,"risk_assessment_count":0,"service_request_id":"11C3FF85-F24C-45E5-AB83-54A50502CD56","source":"Department of Parks and Recreation - Public Web Site","status":"Open","work_order_count":0},"type":"Feature"},{"geometry":{"coordinates":[-73.953141,40.603593],"type":"Point"},"id":"11C93984-289C-466F-88A5-49C49C0C3297","properties":{"borough":"Brooklyn","created_date":"2026-09-16T14:24:30.000","inspection_count":0,"latest_inspection_date":null,"latest_work_order_status":null,"latest_work_order_type":null,"max_risk_rating":null,"risk_assessment_count":0,"service_request_id":"11C93984-289C-466F-88A5-49C49C0C3297","source":"Department of Parks and Recreation - Public Web Site","status":"Open","work_order_count":0},"type":"Feature"},{"geometry":{"coordinates":[-73.995036,40.627949],"type":"Point"},"id":"11E8B222-2359-472F-AA9F-49BAB9BB773A","properties":{"borough":"Brooklyn","created_date":"2026-09-02T15:19:00.000","inspection_count":0,"latest_inspection_date":null,"latest_work_order_status":null,"latest_work_order_type":null,"max_risk_rating":null,"risk_assessment_count":0,"service_request_id":"11E8B222-2359-472F-AA9F-49BAB9BB773A","source":"Department of Parks and Recreation - Public Web Site","status":"Open","work_order_count":0},"type":"Feature"},{"geometry":{"coordinates":[-73.974177,40.785257],"type":"Point"},"id":"11FAA04F-3077-4CEA-B6DC-CECF277858FA","properties":{"borough":"Manhattan","created_date":"2026-09-09T07:15:02.000","inspection_count":0,"latest_inspection_date":null,"latest_work_order_status":null,"latest_work_order_type":null,"max_risk_rating":null,"risk_assessment_count":0,"service_request_id":"11FAA04F-3077-4CEA-B6DC-CECF277858FA","source":"Department of Parks and Recreation - Public Web Site","status":"Closed","work_order_count":0},"type":"Feature"},{"geometry":{"coordinates":[-73.977193,40.592973],"type":"Point"},"id":"11FABFF7-DC0D-4D73-AE12-FC6473A15CD3","properties":{"borough":"Brooklyn","created_date":"2026-09-13T16:13:23.000","inspection_count":0,"latest_inspection_date":null,"latest_work_order_status":null,"latest_work_order_type":null,"max_risk_rating":null,"risk_assessment_count":0,"service_request_id":"11FABFF7-DC0D-4D73-AE12-FC6473A15CD3","source":"3-1-1 Call Center","status":"Closed","work_order_count":0},"type":"Feature"},{"geometry":{"coordinates":[-73.742446,40.691315],"type":"Point"},"id":"1202E559-426A-4A58-9E99-C006CEAFBC00","properties":{"borough":"Queens","created_date":"2026-09-17T15:15:00.000","inspection_count":0,"latest_inspection_date":null,"latest_work_order_status":null,"latest_work_order_type":null,"max_risk_rating":null,"risk_assessment_count":0,"service_request_id":"1202E559-426A-4A58-9E99-C006CEAFBC00","source":"3-1-1 Call Center","status":"Closed","work_order_count":0},"type":"Feature"},{"geometry":{"coordinates":[-73.893558,40.705173],"type":"Point"},"id":"1203A227-ACAA-42B8-A64A-52692C8F7642","properties":{"borough":"Queens","created_date":"2026-09-04T13:04:00.000","inspection_count":0,"latest_inspection_date":null,"latest_work_order_status":null,"latest_work_order_type":null,"max_risk_rating":null,"risk_assessment_count":0,"service_request_id":"1203A227-ACAA-42B8-A64A-52692C8F7642","source":"3-1-1 Call Center","status":"Open","work_order_count":0},"type":"Feature"},{"geometry":{"coordinates":[-74.168005,40.596442],"type":"Point"},"id":"12131675-6415-4BDB-A987-E0A7190B71C0","properties":{"borough":"Staten Island","created_date":"2026-09-02T18:00:00.000","inspection_count":0,"latest_inspection_date":null,"latest_work_order_status":null,"latest_work_order_type":null,"max_risk_rating":null,"risk_assessment_count":0,"service_request_id":"12131675-6415-4BDB-A987-E0A7190B71C0","source":"AMPS","status":"Open","work_order_count":0},"type":"Feature"},{"geometry":{"coordinates":[-73.855706,40.743345],"type":"Point"},"id":"122E3E3F-E69A-4837-9C66-97617073AC2E","properties":{"borough":"Queens","created_date":"2026-09-13T16:42:00.000","inspection_count":0,"latest_inspection_date":null,"latest_work_order_status":null,"latest_work_order_type":null,"max_risk_rating":null,"risk_assessment_count":0,"service_request_id":"122E3E3F-E69A-4837-9C66-97617073AC2E","source":"Department of Parks and Recreation - Public Web Site","status":"Open","work_order_count":0},"type":"Feature"},{"geometry":{"coordinates":[-73.798987,40.73603],"type":"Point"},"id":"122F8DD1-799D-48AA-9756-3AE6AA9D1C90","properties":{"borough":"Queens","created_date":"2026-09-24T13:20:58.000","inspection_count":0,"latest_inspection_date":null,"latest_work_order_status":null,"latest_work_order_type":null,"max_risk_rating":null,"risk_assessment_count":0,"service_request_id":"122F8DD1-799D-48AA-9756-3AE6AA9D1C90","source":"Department of Parks and Recreation - Public Web Site","status":"Open","work_order_count":0},"type":"Feature"},{"geometry":{"coordinates":[-74.161764,40.558952],"type":"Point"},"id":"124A2FC1-D4D0-4D2D-8CD9-C39A17F21F08","properties":{"borough":"Staten Island","created_date":"2026-09-04T13:37:47.000","inspection_count":0,"latest_inspection_date":null,"latest_work_order_status":null,"latest_work_order_type":null,"max_risk_rating":null,"risk_assessment_count":0,"service_request_id":"124A2FC1-D4D0-4D2D-8CD9-C39A17F21F08","source":"3-1-1 Call Center","status":"Open","work_order_count":0},"type":"Feature"},{"geometry":{"coordinates":[-74.035517,40.612405],"type":"Point"},"id":"12502BE7-8A6D-4142-ADBC-E5EFF05BFD7A","properties":{"borough":"Brooklyn","created_date":"2026-09-09T14:56:29.000","inspection_count":0,"latest_inspection_date":null,"latest_work_order_status":null,"latest_work_order_type":null,"max_risk_rating":null,"risk_assessment_count":0,"service_request_id":"12502BE7-8A6D-4142-ADBC-E5EFF05BFD7A","source":"Department of Parks and Recreation - Public Web Site","status":"Open","work_order_count":0},"type":"Feature"},{"geometry":{"coordinates":[-73.739631,40.77316],"type":"Point"},"id":"125BDC33-FCF5-42CE-B983-CA6702F636D4","properties":{"borough":"Queens","created_date":"2026-09-23T15:49:00.000","inspection_count":0,"latest_inspection_date":null,"latest_work_order_status":null,"latest_work_order_type":null,"max_risk_rating":null,"risk_assessment_count":0,"service_request_id":"125BDC33-FCF5-42CE-B983-CA6702F636D4","source":"3-1-1 Call Center","status":"Open","work_order_count":0},"type":"Feature"},{"geometry":{"coordinates":[-74.012112,40.648287],"type":"Point"},"id":"1278EF49-C410-4526-B852-312E1F17C395","properties":{"borough":"Brooklyn","created_date":"2026-09-21T16:11:00.000","inspection_count":0,"latest_inspection_date":null,"latest_work_order_status":null,"latest_work_order_type":null,"max_risk_rating":null,"risk_assessment_count":0,"service_request_id":"1278EF49-C410-4526-B852-312E1F17C395","source":"DPR -Public Tree Map","status":"Open","work_order_count":0},"type":"Feature"},{"geometry":{"coordinates":[-74.18215,40.537289],"type":"Point"},"id":"127D70ED-10BD-4AF8-920A-EC26D1EE5785","properties":{"borough":"Staten Island","created_date":"2026-09-18T18:22:11.000","inspection_count":0,"latest_inspection_date":null,"latest_work_order_status":null,"latest_work_order_type":null,"max_risk_rating":null,"risk_assessment_count":0,"service_request_id":"127D70ED-10BD-4AF8-920A-EC26D1EE5785","source":"Department of Parks and Recreation - Public Web Site","status":"Open","work_order_count":0},"type":"Feature"},{"geometry":{"coordinates":[-74.003483,40.616306],"type":"Point"},"id":"12832FDF-3AB3-4BFC-974E-FF476BE7E97E","properties":{"borough":"Brooklyn","created_date":"2026-09-12T02:20:02.000","inspection_count":0,"latest_inspection_date":null,"latest_work_order_status":null,"latest_work_order_type":null,"max_risk_rating":null,"risk_assessment_count":0,"service_request_id":"12832FDF-3AB3-4BFC-974E-FF476BE7E97E","source":"Department of Parks and Recreation - Public Web Site","status":"Open","work_order_count":0},"type":"Feature"},{"geometry":{"coordinates":[-74.157035,40.5388],"type":"Point"},"id":"1290039B-974F-4128-8117-6FE8A2C511A1","properties":{"borough":"Staten Island","created_date":"2026-09-03T11:51:00.000","inspection_count":0,"latest_inspection_date":null,"latest_work_order_status":null,"latest_work_order_type":null,"max_risk_rating":null,"risk_assessment_count":0,"service_request_id":"1290039B-974F-4128-8117-6FE8A2C511A1","source":"3-1-1 Call Center","status":"Open","work_order_count":0},"type":"Feature"},{"geometry":{"coordinates":[-73.925763,40.692114],"type":"Point"},"id":"12B913B7-0EBC-46B4-8002-F33A9DBD074B","properties":{"borough":"Brooklyn","created_date":"2026-09-02T14:11:00.000","inspection_count":0,"latest_inspection_date":null,"latest_work_order_status":null,"latest_work_order_type":null,"max_risk_rating":null,"risk_assessment_count":0,"service_request_id":"12B913B7-0EBC-46B4-8002-F33A9DBD074B","source":"3-1-1 Call Center","status":"Open","work_order_count":0},"type":"Feature"},{"geometry":{"coordinates":[-73.997442,40.721702],"type":"Point"},"id":"12BE4623-2932-47E7-A9E8-3DDC034CF664","properties":{"borough":"Manhattan","created_date":"2026-09-24T12:30:46.000","inspection_count":0,"latest_inspection_date":null,"latest_work_order_status":null,"latest_work_order_type":null,"max_risk_rating":null,"risk_assessment_count":0,"service_request_id":"12BE4623-2932-47E7-A9E8-3DDC034CF664","source":"3-1-1 Call Center","status":"Open","work_order_count":0},"type":"Feature"},{"geometry":{"coordinates":[-73.857837,40.744215],"type":"Point"},"id":"12C48AF6-E319-46D5-8329-DFD2385176E9","properties":{"borough":"Queens","created_date":"2026-09-02T20:21:00.000","inspection_count":0,"latest_inspection_date":null,"latest_work_order_status":null,"latest_work_order_type":null,"max_risk_rating":null,"risk_assessment_count":0,"service_request_id":"12C48AF6-E319-46D5-8329-DFD2385176E9","source":"Department of Parks and Recreation - Public Web Site","status":"Open","work_order_count":0},"type":"Feature"},{"geometry":{"coordinates":[-74.003483,40.616306],"type":"Point"},"id":"12CF99A5-4406-440E-A170-B03992EF004B","properties":{"borough":"Brooklyn","created_date":"2026-09-12T23:05:01.000","inspection_count":0,"latest_inspection_date":null,"latest_work_order_status":null,"latest_work_order_type":null,"max_risk_rating":null,"risk_assessment_count":0,"service_request_id":"12CF99A5-4406-440E-A170-B03992EF004B","source":"Department of Parks and Recreation - Public Web Site","status":"Open","work_order_count":0},"type":"Feature"},{"geometry":{"coordinates":[-73.916959,40.745681],"type":"Point"},"id":"12DC423A-1ADA-46AA-917C-5D072E02C092","properties":{"borough":"Queens","created_date":"2026-09-15T14:53:00.000","inspection_count":0,"latest_inspection_date":null,"latest_work_order_status":null,"latest_work_order_type":null,"max_risk_rating":null,"risk_assessment_count":0,"service_request_id":"12DC423A-1ADA-46AA-917C-5D072E02C092","source":"3-1-1 Call Center","status":"Open","work_order_count":0},"type":"Feature"},{"geometry":{"coordinates":[-73.843873,40.681493],"type":"Point"},"id":"12E46726-6F13-475F-9188-957537194436","properties":{"borough":"Queens","created_date":"2026-09-06T16:00:00.000","inspection_count":0,"latest_inspection_date":null,"latest_work_order_status":null,"latest_work_order_type":null,"max_risk_rating":null,"risk_assessment_count":0,"service_request_id":"12E46726-6F13-475F-9188-957537194436","source":"3-1-1 Call Center","status":"Open","work_order_count":0},"type":"Feature"},{"geometry":{"coordinates":[-73.97727,40.653962],"type":"Point"},"id":"12E8851E-F175-4F73-91C1-7502A2D94A73","properties":{"borough":"Brooklyn","created_date":"2026-09-21T20:33:00.000","inspection_count":0,"latest_inspection_date":null,"latest_work_order_status":null,"latest_work_order_type":null,"max_risk_rating":null,"risk_assessment_count":0,"service_request_id":"12E8851E-F175-4F73-91C1-7502A2D94A73","source":"Correspondence","status":"Closed","work_order_count":0},"type":"Feature"},{"geometry":{"coordinates":[-73.909439,40.715389],"type":"Point"},"id":"12EA13E7-EF11-4588-951D-740A710C8374","properties":{"borough":"Queens","created_date":"2026-09-10T01:53:00.000","inspection_count":0,"latest_inspection_date":null,"latest_work_order_status":null,"latest_work_order_type":null,"max_risk_rating":null,"risk_assessment_count":0,"service_request_id":"12EA13E7-EF11-4588-951D-740A710C8374","source":"Department of Parks and Recreation - Public Web Site","status":"Open","work_order_count":0},"type":"Feature"},{"geometry":{"coordinates":[-73.844455,40.653142],"type":"Point"},"id":"12EBB7D1-C1E0-43A3-B2B0-727D3C3A8610","properties":{"borough":"Queens","created_date":"2026-09-03T12:39:00.000","inspection_count":1,"latest_inspection_date":"2026-09-04T12:10:17.000","latest_work_order_status":"Open","latest_work_order_type":"Limb Down","max_risk_rating":"9.0","risk_assessment_count":2,"service_request_id":"12EBB7D1-C1E0-43A3-B2B0-727D3C3A8610","source":"3-1-1 Call Center","status":"Open","work_order_count":1},"type":"Feature"},{"geometry":{"coordinates":[-73.920128,40.774854],"type":"Point"},"id":"13092954-24EE-4CD4-A235-E3FBF09EA53C","properties":{"borough":"Queens","created_date":"2026-09-23T15:55:00.000","inspection_count":0,"latest_inspection_date":null,"latest_work_order_status":null,"latest_work_order_type":null,"max_risk_rating":null,"risk_assessment_count":0,"service_request_id":"13092954-24EE-4CD4-A235-E3FBF09EA53C","source":"3-1-1 Call Center","status":"Open","work_order_count":0},"type":"Feature"},{"geometry":{"coordinates":[-73.762412,40.73382],"type":"Point"},"id":"131D92DA-43DE-4B41-89DB-9405C9FD8B2B","properties":{"borough":"Queens","created_date":"2026-09-16T18:35:00.000","inspection_count":1,"latest_inspection_date":"2026-09-18T04:00:00.000","latest_work_order_status":null,"latest_work_order_type":null,"max_risk_rating":null,"risk_assessment_count":0,"service_request_id":"131D92DA-43DE-4B41-89DB-9405C9FD8B2B","source":"3-1-1 Call Center","status":"Closed","work_order_count":0},"type":"Feature"},{"geometry":{"coordinates":[-73.755411,40.680962],"type":"Point"},"id":"131EB634-B3F7-4458-9999-03417F3E9087","properties":{"borough":"Queens","created_date":"2026-09-25T18:59:00.000","inspection_count":0,"latest_inspection_date":null,"latest_work_order_status":null,"latest_work_order_type":null,"max_risk_rating":null,"risk_assessment_count":0,"service_request_id":"131EB634-B3F7-4458-9999-03417F3E9087","source":"3-1-1 Call Center","status":"Open","work_order_count":0},"type":"Feature"},{"geometry":{"coordinates":[-73.864229,40.738341],"type":"Point"},"id":"1334364A-4D68-4F37-8159-63BA380F7AA5","properties":{"borough":"Queens","created_date":"2026-09-08T02:26:00.000","inspection_count":0,"latest_inspection_date":null,"latest_work_order_status":null,"latest_work_order_type":null,"max_risk_rating":null,"risk_assessment_count":0,"service_request_id":"1334364A-4D68-4F37-8159-63BA380F7AA5","source":"3-1-1 Call Center","status":"Closed","work_order_count":0},"type":"Feature"},{"geometry":{"coordinates":[-73.882969,40.750172],"type":"Point"},"id":"1336D875-A60A-438A-9183-4549B7092008","properties":{"borough":"Queens","created_date":"2026-09-20T13:29:38.000","inspection_count":0,"latest_inspection_date":null,"latest_work_order_status":null,"latest_work_order_type":null,"max_risk_rating":null,"risk_assessment_count":0,"service_request_id":"1336D875-A60A-438A-9183-4549B7092008","source":"3-1-1 Call Center","status":"Closed","work_order_count":0},"type":"Feature"},{"geometry":{"coordinates":[-73.988148,40.664413],"type":"Point"},"id":"133D666F-37AC-45E8-921B-E33529513040","properties":{"borough":"Brooklyn","created_date":"2026-09-24T17:10:28.000","inspection_count":0,"latest_inspection_date":null,"latest_work_order_status":null,"latest_work_order_type":null,"max_risk_rating":null,"risk_assessment_count":0,"service_request_id":"133D666F-37AC-45E8-921B-E33529513040","source":"3-1-1 Call Center","status":"Open","work_order_count":0},"type":"Feature"},{"geometry":{"coordinates":[-73.995349,40.681952],"type":"Point"},"id":"13504F8C-26F7-48C1-963F-4CCB63094C9C","properties":{"borough":"Brooklyn","created_date":"2026-09-21T19:30:13.000","inspection_count":0,"latest_inspection_date":null,"latest_work_order_status":null,"latest_work_order_type":null,"max_risk_rating":null,"risk_assessment_count":0,"service_request_id":"13504F8C-26F7-48C1-963F-4CCB63094C9C","source":"3-1-1 Call Center","status":"Open","work_order_count":0},"type":"Feature"},{"geometry":{"coordinates":[-74.108412,40.576883],"type":"Point"},"id":"1351D469-0BF8-4B40-BCF1-10032E405138","properties":{"borough":"Staten Island","created_date":"2026-09-02T16:43:00.000","inspection_count":0,"latest_inspection_date":null,"latest_work_order_status":null,"latest_work_order_type":null,"max_risk_rating":null,"risk_assessment_count":0,"service_request_id":"1351D469-0BF8-4B40-BCF1-10032E405138","source":"3-1-1 Call Center","status":"Closed","work_order_count":0},"type":"Feature"},{"geometry":{"coordinates":[-73.974177,40.785257],"type":"Point"},"id":"1354950C-ACBD-4960-8938-EB61DEC37046","properties":{"borough":"Manhattan","created_date":"2026-09-07T14:30:02.000","inspection_count":0,"latest_inspection_date":null,"latest_work_order_status":null,"latest_work_order_type":null,"max_risk_rating":null,"risk_assessment_count":0,"service_request_id":"1354950C-ACBD-4960-8938-EB61DEC37046","source":"Department of Parks and Recreation - Public Web Site","status":"Closed","work_order_count":0},"type":"Feature"},{"geometry":{"coordinates":[-73.974177,40.785257],"type":"Point"},"id":"136B23DC-BFF3-4DEF-95A5-F973E9E9C7FE","properties":{"borough":"Manhattan","created_date":"2026-09-09T04:10:02.000","inspection_count":0,"latest_inspection_date":null,"latest_work_order_status":null,"latest_work_order_type":null,"max_risk_rating":null,"risk_assessment_count":0,"service_request_id":"136B23DC-BFF3-4DEF-95A5-F973E9E9C7FE","source":"Department of Parks and Recreation - Public Web Site","status":"Closed","work_order_count":0},"type":"Feature"},{"geometry":{"coordinates":[-73.880199,40.702992],"type":"Point"},"id":"137F2843-9839-4403-AC8D-81E704BBFD08","properties":{"borough":"Queens","created_date":"2026-09-08T22:54:00.000","inspection_count":1,"latest_inspection_date":"2026-06-12T04:00:00.000","latest_work_order_status":"Pending","latest_work_order_type":"Tree Removal","max_risk_rating":"8.0","risk_assessment_count":2,"service_request_id":"137F2843-9839-4403-AC8D-81E704BBFD08","source":"3-1-1 Call Center","status":"Open","work_order_count":1},"type":"Feature"},{"geometry":{"coordinates":[-73.966402,40.679261],"type":"Point"},"id":"1382EB1F-EED2-450D-90AC-D650DD7F4E3D","properties":{"borough":"Brooklyn","created_date":"2026-09-24T00:05:00.000","inspection_count":0,"latest_inspection_date":null,"latest_work_order_status":null,"latest_work_order_type":null,"max_risk_rating":null,"risk_assessment_count":0,"service_request_id":"1382EB1F-EED2-450D-90AC-D650DD7F4E3D","source":"3-1-1 Call Center","status":"Closed","work_order_count":0},"type":"Feature"},{"geometry":{"coordinates":[-73.974177,40.785257],"type":"Point"},"id":"13895E4F-FC6E-4E47-8206-F6C0088734A8","properties":{"borough":"Manhattan","created_date":"2026-09-09T04:25:02.000","inspection_count":0,"latest_inspection_date":null,"latest_work_order_status":null,"latest_work_order_type":null,"max_risk_rating":null,"risk_assessment_count":0,"service_request_id":"13895E4F-FC6E-4E47-8206-F6C0088734A8","source":"Department of Parks and Recreation - Public Web Site","status":"Closed","work_order_count":0},"type":"Feature"},{"geometry":{"coordinates":[-73.974177,40.785257],"type":"Point"},"id":"13896691-98B4-4790-8EE5-3208382759F5","properties":{"borough":"Manhattan","created_date":"2026-09-08T21:40:02.000","inspection_count":0,"latest_inspection_date":null,"latest_work_order_status":null,"latest_work_order_type":null,"max_risk_rating":null,"risk_assessment_count":0,"service_request_id":"13896691-98B4-4790-8EE5-3208382759F5","source":"Department of Parks and Recreation - Public Web Site","status":"Closed","work_order_count":0},"type":"Feature"},{"geometry":{"coordinates":[-73.974177,40.785257],"type":"Point"},"id":"13896B24-65B4-46B6-BE73-BD5448168A51","properties":{"borough":"Manhattan","created_date":"2026-09-09T06:50:02.000","inspection_count":0,"latest_inspection_date":null,"latest_work_order_status":null,"latest_work_order_type":null,"max_risk_rating":null,"risk_assessment_count":0,"service_request_id":"13896B24-65B4-46B6-BE73-BD5448168A51","source":"Department of Parks and Recreation - Public Web Site","status":"Closed","work_order_count":0},"type":"Feature"},{"geometry":{"coordinates":[-73.909083,40.746119],"type":"Point"},"id":"138B3500-57A0-4CA6-A4F2-181577A3BEBE","properties":{"borough":"Queens","created_date":"2026-09-24T10:03:00.000","inspection_count":0,"latest_inspection_date":null,"latest_work_order_status":null,"latest_work_order_type":null,"max_risk_rating":null,"risk_assessment_count":0,"service_request_id":"138B3500-57A0-4CA6-A4F2-181577A3BEBE","source":"3-1-1 Call Center","status":"Closed","work_order_count":0},"type":"Feature"},{"geometry":{"coordinates":[-73.924983,40.68293],"type":"Point"},"id":"139527FE-04D4-41A3-B93E-397393D7DE47","properties":{"borough":"Brooklyn","created_date":"2026-09-02T14:58:00.000","inspection_count":0,"latest_inspection_date":null,"latest_work_order_status":null,"latest_work_order_type":null,"max_risk_rating":null,"risk_assessment_count":0,"service_request_id":"139527FE-04D4-41A3-B93E-397393D7DE47","source":"3-1-1 Call Center","status":"Open","work_order_count":0},"type":"Feature"},{"geometry":{"coordinates":[-73.795844,40.767641],"type":"Point"},"id":"1398EA2E-3AFF-4A55-A90F-DC36492AFC94","properties":{"borough":"Queens","created_date":"2026-09-21T21:06:00.000","inspection_count":0,"latest_inspection_date":null,"latest_work_order_status":null,"latest_work_order_type":null,"max_risk_rating":null,"risk_assessment_count":0,"service_request_id":"1398EA2E-3AFF-4A55-A90F-DC36492AFC94","source":"Department of Parks and Recreation - Public Web Site","status":"Open","work_order_count":0},"type":"Feature"},{"geometry":{"coordinates":[-73.974177,40.785257],"type":"Point"},"id":"13A00336-B34E-4CE1-8F57-D2D8313167FA","properties":{"borough":"Manhattan","created_date":"2026-09-08T01:25:02.000","inspection_count":0,"latest_inspection_date":null,"latest_work_order_status":null,"latest_work_order_type":null,"max_risk_rating":null,"risk_assessment_count":0,"service_request_id":"13A00336-B34E-4CE1-8F57-D2D8313167FA","source":"Department of Parks and Recreation - Public Web Site","status":"Closed","work_order_count":0},"type":"Feature"},{"geometry":{"coordinates":[-73.972071,40.796254],"type":"Point"},"id":"13A7AB8D-AD62-465B-819B-442C420C4504","properties":{"borough":"Manhattan","created_date":"2026-09-14T16:08:54.000","inspection_count":0,"latest_inspection_date":null,"latest_work_order_status":null,"latest_work_order_type":null,"max_risk_rating":null,"risk_assessment_count":0,"service_request_id":"13A7AB8D-AD62-465B-819B-442C420C4504","source":"3-1-1 Call Center","status":"Open","work_order_count":0},"type":"Feature"},{"geometry":{"coordinates":[-73.92261,40.683645],"type":"Point"},"id":"13B48475-730F-4D86-BE7B-3D6EDB86438A","properties":{"borough":"Brooklyn","created_date":"2026-09-22T12:38:56.000","inspection_count":0,"latest_inspection_date":null,"latest_work_order_status":null,"latest_work_order_type":null,"max_risk_rating":null,"risk_assessment_count":0,"service_request_id":"13B48475-730F-4D86-BE7B-3D6EDB86438A","source":"Department of Parks and Recreation - Public Web Site","status":"Open","work_order_count":0},"type":"Feature"},{"geometry":{"coordinates":[-74.082073,40.624733],"type":"Point"},"id":"13B800AA-D853-4E9C-929E-3C76FEA4CD91","properties":{"borough":"Staten Island","created_date":"2026-09-16T19:17:00.000","inspection_count":0,"latest_inspection_date":null,"latest_work_order_status":null,"latest_work_order_type":null,"max_risk_rating":null,"risk_assessment_count":0,"service_request_id":"13B800AA-D853-4E9C-929E-3C76FEA4CD91","source":"3-1-1 Call Center","status":"Open","work_order_count":0},"type":"Feature"},{"geometry":{"coordinates":[-73.798659,40.734457],"type":"Point"},"id":"13B96DD1-17FD-4CED-B97B-F28A2BB927BC","properties":{"borough":"Queens","created_date":"2026-09-06T17:34:00.000","inspection_count":0,"latest_inspection_date":null,"latest_work_order_status":null,"latest_work_order_type":null,"max_risk_rating":null,"risk_assessment_count":0,"service_request_id":"13B96DD1-17FD-4CED-B97B-F28A2BB927BC","source":"3-1-1 Call Center","status":"Open","work_order_count":0},"type":"Feature"},{"geometry":{"coordinates":[-73.793397,40.688492],"type":"Point"},"id":"13C984AF-E84D-4A75-87BA-E1747CEE171C","properties":{"borough":"Queens","created_date":"2026-09-13T16:23:48.000","inspection_count":0,"latest_inspection_date":null,"latest_work_order_status":null,"latest_work_order_type":null,"max_risk_rating":null,"risk_assessment_count":0,"service_request_id":"13C984AF-E84D-4A75-87BA-E1747CEE171C","source":"3-1-1 Call Center","status":"Closed","work_order_count":0},"type":"Feature"},{"geometry":{"coordinates":[-73.974177,40.785257],"type":"Point"},"id":"13D5BF0C-7A17-42A1-AF4C-AF7A4153A52B","properties":{"borough":"Manhattan","created_date":"2026-09-08T02:30:02.000","inspection_count":0,"latest_inspection_date":null,"latest_work_order_status":null,"latest_work_order_type":null,"max_risk_rating":null,"risk_assessment_count":0,"service_request_id":"13D5BF0C-7A17-42A1-AF4C-AF7A4153A52B","source":"Department of Parks and Recreation - Public Web Site","status":"Closed","work_order_count":0},"type":"Feature"},{"geometry":{"coordinates":[-73.949732,40.691795],"type":"Point"},"id":"140650BE-AC92-4AC4-A102-2728A094D557","properties":{"borough":"Brooklyn","created_date":"2026-09-16T22:56:00.000","inspection_count":0,"latest_inspection_date":null,"latest_work_order_status":null,"latest_work_order_type":null,"max_risk_rating":null,"risk_assessment_count":0,"service_request_id":"140650BE-AC92-4AC4-A102-2728A094D557","source":"3-1-1 Call Center","status":"Open","work_order_count":0},"type":"Feature"},{"geometry":{"coordinates":[-73.711248,40.746027],"type":"Point"},"id":"141A4912-4097-4894-8DCC-B67940B511E4","properties":{"borough":"Queens","created_date":"2026-09-02T11:23:00.000","inspection_count":0,"latest_inspection_date":null,"latest_work_order_status":null,"latest_work_order_type":null,"max_risk_rating":null,"risk_assessment_count":0,"service_request_id":"141A4912-4097-4894-8DCC-B67940B511E4","source":"3-1-1 Call Center","status":"Open","work_order_count":0},"type":"Feature"},{"geometry":{"coordinates":[-73.980812,40.642503],"type":"Point"},"id":"141E6D80-0C34-4806-A44E-ABFB45D18AB1","properties":{"borough":"Brooklyn","created_date":"2026-09-07T01:11:00.000","inspection_count":0,"latest_inspection_date":null,"latest_work_order_status":null,"latest_work_order_type":null,"max_risk_rating":null,"risk_assessment_count":0,"service_request_id":"141E6D80-0C34-4806-A44E-ABFB45D18AB1","source":"3-1-1 Call Center","status":"Open","work_order_count":0},"type":"Feature"},{"geometry":{"coordinates":[-73.822506,40.705072],"type":"Point"},"id":"142E9CA3-4FD1-4A94-86DB-AF0AE03F47D7","properties":{"borough":"Queens","created_date":"2026-09-16T01:23:00.000","inspection_count":0,"latest_inspection_date":null,"latest_work_order_status":null,"latest_work_order_type":null,"max_risk_rating":null,"risk_assessment_count":0,"service_request_id":"142E9CA3-4FD1-4A94-86DB-AF0AE03F47D7","source":"3-1-1 Call Center","status":"Open","work_order_count":0},"type":"Feature"},{"geometry":{"coordinates":[-73.897398,40.907266],"type":"Point"},"id":"14335671-F7CE-4437-8BF5-A5B638DB51ED","properties":{"borough":"Bronx","created_date":"2026-09-19T17:09:00.000","inspection_count":0,"latest_inspection_date":null,"latest_work_order_status":null,"latest_work_order_type":null,"max_risk_rating":null,"risk_assessment_count":0,"service_request_id":"14335671-F7CE-4437-8BF5-A5B638DB51ED","source":"3-1-1 Call Center","status":"Closed","work_order_count":0},"type":"Feature"},{"geometry":{"coordinates":[-74.003483,40.616306],"type":"Point"},"id":"1450B1F0-E1A0-477E-A9AC-DBBECF337653","properties":{"borough":"Brooklyn","created_date":"2026-09-11T23:00:02.000","inspection_count":0,"latest_inspection_date":null,"latest_work_order_status":null,"latest_work_order_type":null,"max_risk_rating":null,"risk_assessment_count":0,"service_request_id":"1450B1F0-E1A0-477E-A9AC-DBBECF337653","source":"Department of Parks and Recreation - Public Web Site","status":"Open","work_order_count":0},"type":"Feature"},{"geometry":{"coordinates":[-73.721124,40.729055],"type":"Point"},"id":"147B636A-9851-46BB-97F9-8ECB221A2249","properties":{"borough":"Queens","created_date":"2026-09-12T14:02:00.000","inspection_count":0,"latest_inspection_date":null,"latest_work_order_status":null,"latest_work_order_type":null,"max_risk_rating":null,"risk_assessment_count":0,"service_request_id":"147B636A-9851-46BB-97F9-8ECB221A2249","source":"3-1-1 Call Center","status":"Open","work_order_count":0},"type":"Feature"},{"geometry":{"coordinates":[-73.891755,40.700569],"type":"Point"},"id":"1481DDA9-0011-4BD3-9EEE-63A0B89D7635","properties":{"borough":"Queens","created_date":"2026-09-13T19:32:00.000","inspection_count":0,"latest_inspection_date":null,"latest_work_order_status":null,"latest_work_order_type":null,"max_risk_rating":null,"risk_assessment_count":0,"service_request_id":"1481DDA9-0011-4BD3-9EEE-63A0B89D7635","source":"3-1-1 Call Center","status":"Open","work_order_count":0},"type":"Feature"},{"geometry":{"coordinates":[-74.03223,40.631178],"type":"Point"},"id":"149DE2B1-1301-4070-B9E6-DF3BB2D1ABA9","properties":{"borough":"Brooklyn","created_date":"2026-09-09T15:44:33.000","inspection_count":0,"latest_inspection_date":null,"latest_work_order_status":null,"latest_work_order_type":null,"max_risk_rating":null,"risk_assessment_count":0,"service_request_id":"149DE2B1-1301-4070-B9E6-DF3BB2D1ABA9","source":"3-1-1 Call Center","status":"Open","work_order_count":0},"type":"Feature"},{"geometry":{"coordinates":[-74.163604,40.629905],"type":"Point"},"id":"14A09879-96AC-488E-8531-7FCDEE6AECCD","properties":{"borough":"Staten Island","created_date":"2026-09-03T15:51:00.000","inspection_count":0,"latest_inspection_date":null,"latest_work_order_status":null,"latest_work_order_type":null,"max_risk_rating":null,"risk_assessment_count":0,"service_request_id":"14A09879-96AC-488E-8531-7FCDEE6AECCD","source":"3-1-1 Call Center","status":"Open","work_order_count":0},"type":"Feature"},{"geometry":{"coordinates":[-73.823271,40.771411],"type":"Point"},"id":"14A1E65D-539A-4FBD-9306-D6E32ECC10C4","properties":{"borough":"Queens","created_date":"2026-09-24T23:26:00.000","inspection_count":0,"latest_inspection_date":null,"latest_work_order_status":null,"latest_work_order_type":null,"max_risk_rating":null,"risk_assessment_count":0,"service_request_id":"14A1E65D-539A-4FBD-9306-D6E32ECC10C4","source":"3-1-1 Call Center","status":"Open","work_order_count":0},"type":"Feature"},{"geometry":{"coordinates":[-73.70385,40.737812],"type":"Point"},"id":"14A64607-2C02-443F-9B3C-996BD1BE92E1","properties":{"borough":"Queens","created_date":"2026-09-18T16:27:00.000","inspection_count":0,"latest_inspection_date":null,"latest_work_order_status":null,"latest_work_order_type":null,"max_risk_rating":null,"risk_assessment_count":0,"service_request_id":"14A64607-2C02-443F-9B3C-996BD1BE92E1","source":"3-1-1 Call Center","status":"Open","work_order_count":0},"type":"Feature"},{"geometry":{"coordinates":[-73.961983,40.619813],"type":"Point"},"id":"14B2C1EB-35A8-4E83-BC09-20D52F7C30F8","properties":{"borough":"Brooklyn","created_date":"2026-09-23T03:40:55.000","inspection_count":0,"latest_inspection_date":null,"latest_work_order_status":null,"latest_work_order_type":null,"max_risk_rating":null,"risk_assessment_count":0,"service_request_id":"14B2C1EB-35A8-4E83-BC09-20D52F7C30F8","source":"3-1-1 Call Center","status":"Open","work_order_count":0},"type":"Feature"},{"geometry":{"coordinates":[-73.979435,40.784594],"type":"Point"},"id":"14B3C4D7-99CD-4C4E-8540-4FC0CDF31C8A","properties":{"borough":"Manhattan","created_date":"2026-09-05T19:09:00.000","inspection_count":0,"latest_inspection_date":null,"latest_work_order_status":null,"latest_work_order_type":null,"max_risk_rating":null,"risk_assessment_count":0,"service_request_id":"14B3C4D7-99CD-4C4E-8540-4FC0CDF31C8A","source":"Department of Parks and Recreation - Public Web Site","status":"Open","work_order_count":0},"type":"Feature"},{"geometry":{"coordinates":[-73.955667,40.611861],"type":"Point"},"id":"14BC7184-CE0D-4F0C-86E7-3300BBF30DCC","properties":{"borough":"Brooklyn","created_date":"2026-09-14T20:15:35.000","inspection_count":0,"latest_inspection_date":null,"latest_work_order_status":null,"latest_work_order_type":null,"max_risk_rating":null,"risk_assessment_count":0,"service_request_id":"14BC7184-CE0D-4F0C-86E7-3300BBF30DCC","source":"3-1-1 Call Center","status":"Open","work_order_count":0},"type":"Feature"},{"geometry":{"coordinates":[-73.797897,40.675424],"type":"Point"},"id":"14DD3487-58DB-4ABA-B31C-537230C34F5B","properties":{"borough":"Queens","created_date":"2026-09-01T12:39:00.000","inspection_count":0,"latest_inspection_date":null,"latest_work_order_status":null,"latest_work_order_type":null,"max_risk_rating":null,"risk_assessment_count":0,"service_request_id":"14DD3487-58DB-4ABA-B31C-537230C34F5B","source":"3-1-1 Call Center","status":"Open","work_order_count":0},"type":"Feature"},{"geometry":{"coordinates":[-74.154931,40.542385],"type":"Point"},"id":"14FBA45F-2E02-4EC8-9A07-9526E5F871C2","properties":{"borough":"Staten Island","created_date":"2026-09-09T15:23:00.000","inspection_count":0,"latest_inspection_date":null,"latest_work_order_status":null,"latest_work_order_type":null,"max_risk_rating":null,"risk_assessment_count":0,"service_request_id":"14FBA45F-2E02-4EC8-9A07-9526E5F871C2","source":"3-1-1 Call Center","status":"Open","work_order_count":0},"type":"Feature"},{"geometry":{"coordinates":[-73.974177,40.785257],"type":"Point"},"id":"1513EB5B-B825-4A49-8F6E-1B2513163F0D","properties":{"borough":"Manhattan","created_date":"2026-09-08T05:00:02.000","inspection_count":0,"latest_inspection_date":null,"latest_work_order_status":null,"latest_work_order_type":null,"max_risk_rating":null,"risk_assessment_count":0,"service_request_id":"1513EB5B-B825-4A49-8F6E-1B2513163F0D","source":"Department of Parks and Recreation - Public Web Site","status":"Closed","work_order_count":0},"type":"Feature"},{"geometry":{"coordinates":[-74.128146,40.623963],"type":"Point"},"id":"152EAD9B-EE1D-4544-B111-EE50615C65E7","properties":{"borough":"Staten Island","created_date":"2026-09-24T17:12:00.000","inspection_count":0,"latest_inspection_date":null,"latest_work_order_status":null,"latest_work_order_type":null,"max_risk_rating":null,"risk_assessment_count":0,"service_request_id":"152EAD9B-EE1D-4544-B111-EE50615C65E7","source":"3-1-1 Call Center","status":"Closed","work_order_count":0},"type":"Feature"},{"geometry":{"coordinates":[-73.926742,40.772073],"type":"Point"},"id":"1532C76B-3751-4C2B-B795-0D8DC9A8ABF9","properties":{"borough":"Queens","created_date":"2026-09-10T19:56:00.000","inspection_count":0,"latest_inspection_date":null,"latest_work_order_status":null,"latest_work_order_type":null,"max_risk_rating":null,"risk_assessment_count":0,"service_request_id":"1532C76B-3751-4C2B-B795-0D8DC9A8ABF9","source":"3-1-1 Call Center","status":"Open","work_order_count":0},"type":"Feature"},{"geometry":{"coordinates":[-73.871757,40.719457],"type":"Point"},"id":"153619F6-BCE7-426A-BE6C-7612F82FB503","properties":{"borough":"Queens","created_date":"2026-09-01T14:51:53.000","inspection_count":0,"latest_inspection_date":null,"latest_work_order_status":null,"latest_work_order_type":null,"max_risk_rating":null,"risk_assessment_count":0,"service_request_id":"153619F6-BCE7-426A-BE6C-7612F82FB503","source":"Department of Parks and Recreation - Public Web Site","status":"Open","work_order_count":0},"type":"Feature"},{"geometry":{"coordinates":[-73.909913,40.773288],"type":"Point"},"id":"15490837-4930-4DBB-8CA0-358208C29C60","properties":{"borough":"Queens","created_date":"2026-09-08T18:17:00.000","inspection_count":0,"latest_inspection_date":null,"latest_work_order_status":null,"latest_work_order_type":null,"max_risk_rating":null,"risk_assessment_count":0,"service_request_id":"15490837-4930-4DBB-8CA0-358208C29C60","source":"3-1-1 Call Center","status":"Closed","work_order_count":0},"type":"Feature"},{"geometry":{"coordinates":[-73.865182,40.704438],"type":"Point"},"id":"1554ACDD-A833-447C-B061-3F493CC98F04","properties":{"borough":"Queens","created_date":"2026-09-18T15:11:00.000","inspection_count":0,"latest_inspection_date":null,"latest_work_order_status":null,"latest_work_order_type":null,"max_risk_rating":null,"risk_assessment_count":0,"service_request_id":"1554ACDD-A833-447C-B061-3F493CC98F04","source":"3-1-1 Call Center","status":"Open","work_order_count":0},"type":"Feature"},{"geometry":{"coordinates":[-73.967346,40.688489],"type":"Point"},"id":"1555701B-A2DC-402B-942B-2DF1F09C5903","properties":{"borough":"Brooklyn","created_date":"2026-09-19T11:24:04.000","inspection_count":0,"latest_inspection_date":null,"latest_work_order_status":null,"latest_work_order_type":null,"max_risk_rating":null,"risk_assessment_count":0,"service_request_id":"1555701B-A2DC-402B-942B-2DF1F09C5903","source":"Department of Parks and Recreation - Public Web Site","status":"Open","work_order_count":0},"type":"Feature"},{"geometry":{"coordinates":[-73.746361,40.695485],"type":"Point"},"id":"15648551-8FDE-453F-805B-E7F84B1E462E","properties":{"borough":"Queens","created_date":"2026-09-03T00:36:43.000","inspection_count":0,"latest_inspection_date":null,"latest_work_order_status":null,"latest_work_order_type":null,"max_risk_rating":null,"risk_assessment_count":0,"service_request_id":"15648551-8FDE-453F-805B-E7F84B1E462E","source":"Department of Parks and Recreation - Public Web Site","status":"Open","work_order_count":0},"type":"Feature"},{"geometry":{"coordinates":[-73.992536,40.620884],"type":"Point"},"id":"15770085-4082-4E96-8913-174E3816B7B1","properties":{"borough":"Brooklyn","created_date":"2026-09-14T22:11:46.000","inspection_count":0,"latest_inspection_date":null,"latest_work_order_status":null,"latest_work_order_type":null,"max_risk_rating":null,"risk_assessment_count":0,"service_request_id":"15770085-4082-4E96-8913-174E3816B7B1","source":"3-1-1 Call Center","status":"Open","work_order_count":0},"type":"Feature"},{"geometry":{"coordinates":[-73.974177,40.785257],"type":"Point"},"id":"157ED3ED-CBE1-427F-AE67-6E2F8E0C7D39","properties":{"borough":"Manhattan","created_date":"2026-09-08T07:45:02.000","inspection_count":0,"latest_inspection_date":null,"latest_work_order_status":null,"latest_work_order_type":null,"max_risk_rating":null,"risk_assessment_count":0,"service_request_id":"157ED3ED-CBE1-427F-AE67-6E2F8E0C7D39","source":"Department of Parks and Recreation - Public Web Site","status":"Closed","work_order_count":0},"type":"Feature"},{"geometry":{"coordinates":[-73.983976,40.62674],"type":"Point"},"id":"1583D722-AD19-43E3-8D5A-BE3C1FFB9D74","properties":{"borough":"Brooklyn","created_date":"2026-09-25T14:11:00.000","inspection_count":0,"latest_inspection_date":null,"latest_work_order_status":null,"latest_work_order_type":null,"max_risk_rating":null,"risk_assessment_count":0,"service_request_id":"1583D722-AD19-43E3-8D5A-BE3C1FFB9D74","source":"3-1-1 Call Center","status":"Closed","work_order_count":0},"type":"Feature"},{"geometry":{"coordinates":[-73.928306,40.859238],"type":"Point"},"id":"15941DED-9A0E-479E-ADC1-A6CCDDA0B193","properties":{"borough":"Manhattan","created_date":"2026-09-17T16:03:44.000","inspection_count":0,"latest_inspection_date":null,"latest_work_order_status":null,"latest_work_order_type":null,"max_risk_rating":null,"risk_assessment_count":0,"service_request_id":"15941DED-9A0E-479E-ADC1-A6CCDDA0B193","source":"Department of Parks and Recreation - Public Web Site","status":"Open","work_order_count":0},"type":"Feature"},{"geometry":{"coordinates":[-73.91001,40.773205],"type":"Point"},"id":"1597D3AF-897D-4F6A-82F7-B35181B4E2BE","properties":{"borough":"Queens","created_date":"2026-09-17T23:59:00.000","inspection_count":0,"latest_inspection_date":null,"latest_work_order_status":null,"latest_work_order_type":null,"max_risk_rating":null,"risk_assessment_count":0,"service_request_id":"1597D3AF-897D-4F6A-82F7-B35181B4E2BE","source":"3-1-1 Call Center","status":"Open","work_order_count":0},"type":"Feature"},{"geometry":{"coordinates":[-74.14094,40.575541],"type":"Point"},"id":"15A171D4-22B9-4680-A1C1-082328689082","properties":{"borough":"Staten Island","created_date":"2026-09-23T20:25:00.000","inspection_count":0,"latest_inspection_date":null,"latest_work_order_status":null,"latest_work_order_type":null,"max_risk_rating":null,"risk_assessment_count":0,"service_request_id":"15A171D4-22B9-4680-A1C1-082328689082","source":"3-1-1 Call Center","status":"Open","work_order_count":0},"type":"Feature"},{"geometry":{"coordinates":[-73.909913,40.773288],"type":"Point"},"id":"15B423B0-F9E0-4257-B4E9-EC03952C8165","properties":{"borough":"Queens","created_date":"2026-09-08T18:19:00.000","inspection_count":0,"latest_inspection_date":null,"latest_work_order_status":null,"latest_work_order_type":null,"max_risk_rating":null,"risk_assessment_count":0,"service_request_id":"15B423B0-F9E0-4257-B4E9-EC03952C8165","source":"3-1-1 Call Center","status":"Closed","work_order_count":0},"type":"Feature"},{"geometry":{"coordinates":[-73.965134,40.774514],"type":"Point"},"id":"15C1CAA9-DF8A-4580-840A-D0DF94A27356","properties":{"borough":"Manhattan","created_date":"2026-09-09T17:01:00.000","inspection_count":0,"latest_inspection_date":null,"latest_work_order_status":null,"latest_work_order_type":null,"max_risk_rating":null,"risk_assessment_count":0,"service_request_id":"15C1CAA9-DF8A-4580-840A-D0DF94A27356","source":"3-1-1 Call Center","status":"Open","work_order_count":0},"type":"Feature"},{"geometry":{"coordinates":[-73.940992,40.752239],"type":"Point"},"id":"15C3AA47-36AD-4BBF-A0AF-F70C5B0459C3","properties":{"borough":"Queens","created_date":"2026-09-20T14:37:00.000","inspection_count":0,"latest_inspection_date":null,"latest_work_order_status":null,"latest_work_order_type":null,"max_risk_rating":null,"risk_assessment_count":0,"service_request_id":"15C3AA47-36AD-4BBF-A0AF-F70C5B0459C3","source":"Department of Parks and Recreation - Public Web Site","status":"Closed","work_order_count":0},"type":"Feature"},{"geometry":{"coordinates":[-74.003483,40.616306],"type":"Point"},"id":"15C9AF74-9B3D-4D17-A778-DC28649B9061","properties":{"borough":"Brooklyn","created_date":"2026-09-12T14:30:02.000","inspection_count":0,"latest_inspection_date":null,"latest_work_order_status":null,"latest_work_order_type":null,"max_risk_rating":null,"risk_assessment_count":0,"service_request_id":"15C9AF74-9B3D-4D17-A778-DC28649B9061","source":"Department of Parks and Recreation - Public Web Site","status":"Open","work_order_count":0},"type":"Feature"},{"geometry":{"coordinates":[-73.773549,40.754694],"type":"Point"},"id":"15CD5C18-D96C-4372-ACEF-FFC8289079B7","properties":{"borough":"Queens","created_date":"2026-09-05T15:17:00.000","inspection_count":0,"latest_inspection_date":null,"latest_work_order_status":null,"latest_work_order_type":null,"max_risk_rating":null,"risk_assessment_count":0,"service_request_id":"15CD5C18-D96C-4372-ACEF-FFC8289079B7","source":"3-1-1 Call Center","status":"Open","work_order_count":0},"type":"Feature"},{"geometry":{"coordinates":[-74.005585,40.60195],"type":"Point"},"id":"15D24FF1-1098-4390-84E9-A3E4006B6E3D","properties":{"borough":"Brooklyn","created_date":"2026-09-05T17:44:00.000","inspection_count":0,"latest_inspection_date":null,"latest_work_order_status":null,"latest_work_order_type":null,"max_risk_rating":null,"risk_assessment_count":0,"service_request_id":"15D24FF1-1098-4390-84E9-A3E4006B6E3D","source":"3-1-1 Call Center","status":"Open","work_order_count":0},"type":"Feature"},{"geometry":{"coordinates":[-73.974177,40.785257],"type":"Point"},"id":"15DF121B-5C33-42E7-A345-93B58C5F2BED","properties":{"borough":"Manhattan","created_date":"2026-09-07T22:50:02.000","inspection_count":0,"latest_inspection_date":null,"latest_work_order_status":null,"latest_work_order_type":null,"max_risk_rating":null,"risk_assessment_count":0,"service_request_id":"15DF121B-5C33-42E7-A345-93B58C5F2BED","source":"Department of Parks and Recreation - Public Web Site","status":"Closed","work_order_count":0},"type":"Feature"},{"geometry":{"coordinates":[-73.965272,40.674748],"type":"Point"},"id":"15E219E9-CB59-485B-B6D2-7078EEF1F268","properties":{"borough":"Brooklyn","created_date":"2026-09-14T12:33:30.000","inspection_count":0,"latest_inspection_date":null,"latest_work_order_status":null,"latest_work_order_type":null,"max_risk_rating":null,"risk_assessment_count":0,"service_request_id":"15E219E9-CB59-485B-B6D2-7078EEF1F268","source":"3-1-1 Call Center","status":"Open","work_order_count":0},"type":"Feature"},{"geometry":{"coordinates":[-73.815191,40.681661],"type":"Point"},"id":"15E6BA10-0E0E-4FEB-9CDB-220B8D1C2E17","properties":{"borough":"Queens","created_date":"2026-09-17T20:09:00.000","inspection_count":0,"latest_inspection_date":null,"latest_work_order_status":null,"latest_work_order_type":null,"max_risk_rating":null,"risk_assessment_count":0,"service_request_id":"15E6BA10-0E0E-4FEB-9CDB-220B8D1C2E17","source":"3-1-1 Call Center","status":"Open","work_order_count":0},"type":"Feature"},{"geometry":{"coordinates":[-73.748786,40.707493],"type":"Point"},"id":"15F29A98-743D-49DB-A9D5-51E807F1BBDF","properties":{"borough":"Queens","created_date":"2026-09-10T13:22:00.000","inspection_count":0,"latest_inspection_date":null,"latest_work_order_status":null,"latest_work_order_type":null,"max_risk_rating":null,"risk_assessment_count":0,"service_request_id":"15F29A98-743D-49DB-A9D5-51E807F1BBDF","source":"3-1-1 Call Center","status":"Open","work_order_count":0},"type":"Feature"},{"geometry":{"coordinates":[-73.792452,40.774239],"type":"Point"},"id":"15F41A7F-7B38-4931-BFF0-5A77CE3267F0","properties":{"borough":"Queens","created_date":"2026-09-24T17:43:00.000","inspection_count":0,"latest_inspection_date":null,"latest_work_order_status":null,"latest_work_order_type":null,"max_risk_rating":null,"risk_assessment_count":0,"service_request_id":"15F41A7F-7B38-4931-BFF0-5A77CE3267F0","source":"3-1-1 Call Center","status":"Open","work_order_count":0},"type":"Feature"},{"geometry":{"coordinates":[-73.974177,40.785257],"type":"Point"},"id":"160675AC-64CC-4421-B25B-FDBCB3615F17","properties":{"borough":"Manhattan","created_date":"2026-09-07T15:45:02.000","inspection_count":0,"latest_inspection_date":null,"latest_work_order_status":null,"latest_work_order_type":null,"max_risk_rating":null,"risk_assessment_count":0,"service_request_id":"160675AC-64CC-4421-B25B-FDBCB3615F17","source":"Department of Parks and Recreation - Public Web Site","status":"Closed","work_order_count":0},"type":"Feature"},{"geometry":{"coordinates":[-73.974177,40.785257],"type":"Point"},"id":"160796B4-43E4-44DC-9477-D354253EA114","properties":{"borough":"Manhattan","created_date":"2026-09-07T20:15:02.000","inspection_count":0,"latest_inspection_date":null,"latest_work_order_status":null,"latest_work_order_type":null,"max_risk_rating":null,"risk_assessment_count":0,"service_request_id":"160796B4-43E4-44DC-9477-D354253EA114","source":"Department of Parks and Recreation - Public Web Site","status":"Closed","work_order_count":0},"type":"Feature"},{"geometry":{"coordinates":[-74.031905,40.622216],"type":"Point"},"id":"1607A4CB-93E9-48C5-9ECC-3581A5F9A1F8","properties":{"borough":"Brooklyn","created_date":"2026-09-07T20:43:35.000","inspection_count":0,"latest_inspection_date":null,"latest_work_order_status":null,"latest_work_order_type":null,"max_risk_rating":null,"risk_assessment_count":0,"service_request_id":"1607A4CB-93E9-48C5-9ECC-3581A5F9A1F8","source":"Department of Parks and Recreation - Public Web Site","status":"Open","work_order_count":0},"type":"Feature"},{"geometry":{"coordinates":[-73.937488,40.651899],"type":"Point"},"id":"1609DAB2-4AD7-4966-A54D-6665D3E063CE","properties":{"borough":"Brooklyn","created_date":"2026-09-13T19:01:00.000","inspection_count":0,"latest_inspection_date":null,"latest_work_order_status":null,"latest_work_order_type":null,"max_risk_rating":null,"risk_assessment_count":0,"service_request_id":"1609DAB2-4AD7-4966-A54D-6665D3E063CE","source":"3-1-1 Call Center","status":"Open","work_order_count":0},"type":"Feature"},{"geometry":{"coordinates":[-74.003483,40.616306],"type":"Point"},"id":"1611081E-8341-4552-97FB-EE9C7D963A15","properties":{"borough":"Brooklyn","created_date":"2026-09-11T20:05:02.000","inspection_count":0,"latest_inspection_date":null,"latest_work_order_status":null,"latest_work_order_type":null,"max_risk_rating":null,"risk_assessment_count":0,"service_request_id":"1611081E-8341-4552-97FB-EE9C7D963A15","source":"Department of Parks and Recreation - Public Web Site","status":"Open","work_order_count":0},"type":"Feature"},{"geometry":{"coordinates":[-73.787195,40.77636],"type":"Point"},"id":"16228A40-5572-4F31-9D42-FDB5D873BF47","properties":{"borough":"Queens","created_date":"2026-09-14T15:17:00.000","inspection_count":0,"latest_inspection_date":null,"latest_work_order_status":null,"latest_work_order_type":null,"max_risk_rating":null,"risk_assessment_count":0,"service_request_id":"16228A40-5572-4F31-9D42-FDB5D873BF47","source":"3-1-1 Call Center","status":"Open","work_order_count":0},"type":"Feature"},{"geometry":{"coordinates":[-74.15541,40.561101],"type":"Point"},"id":"1623D99E-6B37-471D-B003-C1DB84E0CA02","properties":{"borough":"Staten Island","created_date":"2026-09-21T13:34:00.000","inspection_count":0,"latest_inspection_date":null,"latest_work_order_status":null,"latest_work_order_type":null,"max_risk_rating":null,"risk_assessment_count":0,"service_request_id":"1623D99E-6B37-471D-B003-C1DB84E0CA02","source":"3-1-1 Call Center","status":"Closed","work_order_count":0},"type":"Feature"},{"geometry":{"coordinates":[-73.974177,40.785257],"type":"Point"},"id":"1624761E-B8F8-495F-91AD-D951FA70DA84","properties":{"borough":"Manhattan","created_date":"2026-09-08T00:20:02.000","inspection_count":0,"latest_inspection_date":null,"latest_work_order_status":null,"latest_work_order_type":null,"max_risk_rating":null,"risk_assessment_count":0,"service_request_id":"1624761E-B8F8-495F-91AD-D951FA70DA84","source":"Department of Parks and Recreation - Public Web Site","status":"Closed","work_order_count":0},"type":"Feature"},{"geometry":{"coordinates":[-73.974177,40.785257],"type":"Point"},"id":"16290CE8-9156-47C9-B557-ABE1DD6A5A79","properties":{"borough":"Manhattan","created_date":"2026-09-09T04:40:02.000","inspection_count":0,"latest_inspection_date":null,"latest_work_order_status":null,"latest_work_order_type":null,"max_risk_rating":null,"risk_assessment_count":0,"service_request_id":"16290CE8-9156-47C9-B557-ABE1DD6A5A79","source":"Department of Parks and Recreation - Public Web Site","status":"Closed","work_order_count":0},"type":"Feature"},{"geometry":{"coordinates":[-73.998228,40.616006],"type":"Point"},"id":"162E5BD1-4778-4432-89A4-4F67338CBD14","properties":{"borough":"Brooklyn","created_date":"2026-09-20T19:03:12.000","inspection_count":0,"latest_inspection_date":null,"latest_work_order_status":null,"latest_work_order_type":null,"max_risk_rating":null,"risk_assessment_count":0,"service_request_id":"162E5BD1-4778-4432-89A4-4F67338CBD14","source":"Department of Parks and Recreation - Public Web Site","status":"Open","work_order_count":0},"type":"Feature"},{"geometry":{"coordinates":[-74.166876,40.542201],"type":"Point"},"id":"163B4A48-9070-4CCE-9FB9-625B424EBCF9","properties":{"borough":"Staten Island","created_date":"2026-09-25T13:16:00.000","inspection_count":0,"latest_inspection_date":null,"latest_work_order_status":null,"latest_work_order_type":null,"max_risk_rating":null,"risk_assessment_count":0,"service_request_id":"163B4A48-9070-4CCE-9FB9-625B424EBCF9","source":"3-1-1 Call Center","status":"Closed","work_order_count":0},"type":"Feature"},{"geometry":{"coordinates":[-73.869791,40.671273],"type":"Point"},"id":"1651166D-739A-4DBE-8E7B-B314AA57324D","properties":{"borough":"Brooklyn","created_date":"2026-09-08T15:45:00.000","inspection_count":0,"latest_inspection_date":null,"latest_work_order_status":null,"latest_work_order_type":null,"max_risk_rating":null,"risk_assessment_count":0,"service_request_id":"1651166D-739A-4DBE-8E7B-B314AA57324D","source":"3-1-1 Call Center","status":"Closed","work_order_count":0},"type":"Feature"},{"geometry":{"coordinates":[-73.984615,40.669468],"type":"Point"},"id":"165BD84B-6E7C-407E-A501-CD5DABEF332F","properties":{"borough":"Brooklyn","created_date":"2026-09-10T15:49:05.000","inspection_count":0,"latest_inspection_date":null,"latest_work_order_status":null,"latest_work_order_type":null,"max_risk_rating":null,"risk_assessment_count":0,"service_request_id":"165BD84B-6E7C-407E-A501-CD5DABEF332F","source":"Department of Parks and Recreation - Public Web Site","status":"Open","work_order_count":0},"type":"Feature"},{"geometry":{"coordinates":[-73.891809,40.70515],"type":"Point"},"id":"1675CD4B-B3D1-46EB-B905-0839FCC9BD0D","properties":{"borough":"Queens","created_date":"2026-09-15T00:05:00.000","inspection_count":0,"latest_inspection_date":null,"latest_work_order_status":null,"latest_work_order_type":null,"max_risk_rating":null,"risk_assessment_count":0,"service_request_id":"1675CD4B-B3D1-46EB-B905-0839FCC9BD0D","source":"DPR -Public Tree Map","status":"Open","work_order_count":0},"type":"Feature"},{"geometry":{"coordinates":[-74.003483,40.616306],"type":"Point"},"id":"16862422-7402-4F38-ABCE-DCAA881034A0","properties":{"borough":"Brooklyn","created_date":"2026-09-12T10:20:02.000","inspection_count":0,"latest_inspection_date":null,"latest_work_order_status":null,"latest_work_order_type":null,"max_risk_rating":null,"risk_assessment_count":0,"service_request_id":"16862422-7402-4F38-ABCE-DCAA881034A0","source":"Department of Parks and Recreation - Public Web Site","status":"Open","work_order_count":0},"type":"Feature"},{"geometry":{"coordinates":[-73.974177,40.785257],"type":"Point"},"id":"16AB7265-8597-42B7-A259-EDB5193EF88B","properties":{"borough":"Manhattan","created_date":"2026-09-07T20:30:02.000","inspection_count":0,"latest_inspection_date":null,"latest_work_order_status":null,"latest_work_order_type":null,"max_risk_rating":null,"risk_assessment_count":0,"service_request_id":"16AB7265-8597-42B7-A259-EDB5193EF88B","source":"Department of Parks and Recreation - Public Web Site","status":"Closed","work_order_count":0},"type":"Feature"},{"geometry":{"coordinates":[-73.792502,40.766167],"type":"Point"},"id":"16ACC0E9-9A57-4471-A41C-56AF120F1101","properties":{"borough":"Queens","created_date":"2026-09-10T14:17:00.000","inspection_count":0,"latest_inspection_date":null,"latest_work_order_status":null,"latest_work_order_type":null,"max_risk_rating":null,"risk_assessment_count":0,"service_request_id":"16ACC0E9-9A57-4471-A41C-56AF120F1101","source":"3-1-1 Call Center","status":"Open","work_order_count":0},"type":"Feature"},{"geometry":{"coordinates":[-73.946346,40.62018],"type":"Point"},"id":"16B0609D-1663-4E2F-9735-46C2EA1F21D0","properties":{"borough":"Brooklyn","created_date":"2026-09-24T16:57:00.000","inspection_count":0,"latest_inspection_date":null,"latest_work_order_status":null,"latest_work_order_type":null,"max_risk_rating":null,"risk_assessment_count":0,"service_request_id":"16B0609D-1663-4E2F-9735-46C2EA1F21D0","source":"3-1-1 Call Center","status":"Open","work_order_count":0},"type":"Feature"},{"geometry":{"coordinates":[-73.752758,40.726677],"type":"Point"},"id":"16B2CCCF-378A-443F-854E-0BB06C6047FE","properties":{"borough":"Queens","created_date":"2026-09-07T14:54:00.000","inspection_count":0,"latest_inspection_date":null,"latest_work_order_status":null,"latest_work_order_type":null,"max_risk_rating":null,"risk_assessment_count":0,"service_request_id":"16B2CCCF-378A-443F-854E-0BB06C6047FE","source":"3-1-1 Call Center","status":"Open","work_order_count":0},"type":"Feature"},{"geometry":{"coordinates":[-73.842227,40.659477],"type":"Point"},"id":"16B36714-F692-4F52-9ED2-24EF4D990107","properties":{"borough":"Queens","created_date":"2026-09-19T23:33:00.000","inspection_count":0,"latest_inspection_date":null,"latest_work_order_status":null,"latest_work_order_type":null,"max_risk_rating":null,"risk_assessment_count":0,"service_request_id":"16B36714-F692-4F52-9ED2-24EF4D990107","source":"3-1-1 Call Center","status":"Open","work_order_count":0},"type":"Feature"},{"geometry":{"coordinates":[-73.739013,40.677517],"type":"Point"},"id":"16BBAF11-3F27-4E06-B602-5678867E1C2D","properties":{"borough":"Queens","created_date":"2026-09-17T15:24:00.000","inspection_count":0,"latest_inspection_date":null,"latest_work_order_status":null,"latest_work_order_type":null,"max_risk_rating":null,"risk_assessment_count":0,"service_request_id":"16BBAF11-3F27-4E06-B602-5678867E1C2D","source":"3-1-1 Call Center","status":"Closed","work_order_count":0},"type":"Feature"},{"geometry":{"coordinates":[-73.965542,40.634169],"type":"Point"},"id":"16C8E809-ECA3-4DAA-968B-B17CA955208E","properties":{"borough":"Brooklyn","created_date":"2026-09-11T02:49:14.000","inspection_count":0,"latest_inspection_date":null,"latest_work_order_status":null,"latest_work_order_type":null,"max_risk_rating":null,"risk_assessment_count":0,"service_request_id":"16C8E809-ECA3-4DAA-968B-B17CA955208E","source":"3-1-1 Call Center","status":"Closed","work_order_count":0},"type":"Feature"},{"geometry":{"coordinates":[-73.916174,40.832765],"type":"Point"},"id":"16CBF5DF-6155-43B7-AD1B-C91861579561","properties":{"borough":"Bronx","created_date":"2026-09-01T21:35:39.000","inspection_count":0,"latest_inspection_date":null,"latest_work_order_status":null,"latest_work_order_type":null,"max_risk_rating":null,"risk_assessment_count":0,"service_request_id":"16CBF5DF-6155-43B7-AD1B-C91861579561","source":"3-1-1 Call Center","status":"Closed","work_order_count":0},"type":"Feature"},{"geometry":{"coordinates":[-74.126081,40.606053],"type":"Point"},"id":"16D17AB7-FB9A-4686-9582-96C85F14B80F","properties":{"borough":"Staten Island","created_date":"2026-09-24T23:39:01.000","inspection_count":0,"latest_inspection_date":null,"latest_work_order_status":null,"latest_work_order_type":null,"max_risk_rating":null,"risk_assessment_count":0,"service_request_id":"16D17AB7-FB9A-4686-9582-96C85F14B80F","source":"3-1-1 Call Center","status":"Closed","work_order_count":0},"type":"Feature"},{"geometry":{"coordinates":[-74.003483,40.616306],"type":"Point"},"id":"16EF5FFD-5A7C-4AF7-B976-1DFBF7744CC5","properties":{"borough":"Brooklyn","created_date":"2026-09-11T17:52:47.000","inspection_count":0,"latest_inspection_date":null,"latest_work_order_status":null,"latest_work_order_type":null,"max_risk_rating":null,"risk_assessment_count":0,"service_request_id":"16EF5FFD-5A7C-4AF7-B976-1DFBF7744CC5","source":"Department of Parks and Recreation - Public Web Site","status":"Open","work_order_count":0},"type":"Feature"},{"geometry":{"coordinates":[-73.806634,40.766535],"type":"Point"},"id":"16FF5E87-8F82-4454-800E-2959B428813A","properties":{"borough":"Queens","created_date":"2026-09-03T16:49:00.000","inspection_count":0,"latest_inspection_date":null,"latest_work_order_status":null,"latest_work_order_type":null,"max_risk_rating":null,"risk_assessment_count":0,"service_request_id":"16FF5E87-8F82-4454-800E-2959B428813A","source":"3-1-1 Call Center","status":"Open","work_order_count":0},"type":"Feature"},{"geometry":{"coordinates":[-73.945903,40.776101],"type":"Point"},"id":"1701FBA4-A6CD-4256-B3FF-A8A4910359FD","properties":{"borough":"Manhattan","created_date":"2026-09-25T15:21:03.000","inspection_count":0,"latest_inspection_date":null,"latest_work_order_status":null,"latest_work_order_type":null,"max_risk_rating":null,"risk_assessment_count":0,"service_request_id":"1701FBA4-A6CD-4256-B3FF-A8A4910359FD","source":"Department of Parks and Recreation - Public Web Site","status":"Open","work_order_count":0},"type":"Feature"},{"geometry":{"coordinates":[-73.992413,40.688081],"type":"Point"},"id":"1710212A-1D13-459F-98A5-F99BF541D52D","properties":{"borough":"Brooklyn","created_date":"2026-09-18T11:09:23.000","inspection_count":0,"latest_inspection_date":null,"latest_work_order_status":null,"latest_work_order_type":null,"max_risk_rating":null,"risk_assessment_count":0,"service_request_id":"1710212A-1D13-459F-98A5-F99BF541D52D","source":"3-1-1 Call Center","status":"Open","work_order_count":0},"type":"Feature"},{"geometry":{"coordinates":[-73.974177,40.785257],"type":"Point"},"id":"171B73D5-408D-457E-B5A2-793E1021D6AF","properties":{"borough":"Manhattan","created_date":"2026-09-09T15:30:02.000","inspection_count":0,"latest_inspection_date":null,"latest_work_order_status":null,"latest_work_order_type":null,"max_risk_rating":null,"risk_assessment_count":0,"service_request_id":"171B73D5-408D-457E-B5A2-793E1021D6AF","source":"Department of Parks and Recreation - Public Web Site","status":"Closed","work_order_count":0},"type":"Feature"},{"geometry":{"coordinates":[-73.836995,40.692888],"type":"Point"},"id":"172E4D6A-0B76-43C1-B9DB-025675B04243","properties":{"borough":"Queens","created_date":"2026-09-15T17:54:00.000","inspection_count":0,"latest_inspection_date":null,"latest_work_order_status":null,"latest_work_order_type":null,"max_risk_rating":null,"risk_assessment_count":0,"service_request_id":"172E4D6A-0B76-43C1-B9DB-025675B04243","source":"3-1-1 Call Center","status":"Open","work_order_count":0},"type":"Feature"},{"geometry":{"coordinates":[-73.974177,40.785257],"type":"Point"},"id":"17389835-11AC-40B8-83EC-3150759CA30A","properties":{"borough":"Manhattan","created_date":"2026-09-08T08:30:02.000","inspection_count":0,"latest_inspection_date":null,"latest_work_order_status":null,"latest_work_order_type":null,"max_risk_rating":null,"risk_assessment_count":0,"service_request_id":"17389835-11AC-40B8-83EC-3150759CA30A","source":"Department of Parks and Recreation - Public Web Site","status":"Closed","work_order_count":0},"type":"Feature"},{"geometry":{"coordinates":[-74.005351,40.6468],"type":"Point"},"id":"173A1EAB-175B-416A-9CD1-0E1794D2E7C1","properties":{"borough":"Brooklyn","created_date":"2026-09-10T01:08:31.000","inspection_count":0,"latest_inspection_date":null,"latest_work_order_status":null,"latest_work_order_type":null,"max_risk_rating":null,"risk_assessment_count":0,"service_request_id":"173A1EAB-175B-416A-9CD1-0E1794D2E7C1","source":"3-1-1 Call Center","status":"Open","work_order_count":0},"type":"Feature"},{"geometry":{"coordinates":[-74.140424,40.572986],"type":"Point"},"id":"174AA118-E8B1-4145-823E-C6182E1842CB","properties":{"borough":"Staten Island","created_date":"2026-09-17T13:35:00.000","inspection_count":0,"latest_inspection_date":null,"latest_work_order_status":null,"latest_work_order_type":null,"max_risk_rating":null,"risk_assessment_count":0,"service_request_id":"174AA118-E8B1-4145-823E-C6182E1842CB","source":"3-1-1 Call Center","status":"Closed","work_order_count":0},"type":"Feature"},{"geometry":{"coordinates":[-73.974177,40.785257],"type":"Point"},"id":"1756226C-EF09-4EAD-9DAF-BFC6E789AB7B","properties":{"borough":"Manhattan","created_date":"2026-09-07T21:40:02.000","inspection_count":0,"latest_inspection_date":null,"latest_work_order_status":null,"latest_work_order_type":null,"max_risk_rating":null,"risk_assessment_count":0,"service_request_id":"1756226C-EF09-4EAD-9DAF-BFC6E789AB7B","source":"Department of Parks and Recreation - Public Web Site","status":"Closed","work_order_count":0},"type":"Feature"},{"geometry":{"coordinates":[-74.003483,40.616306],"type":"Point"},"id":"1757747A-03DB-4B21-B22A-006AFFCA74CC","properties":{"borough":"Brooklyn","created_date":"2026-09-12T04:50:02.000","inspection_count":0,"latest_inspection_date":null,"latest_work_order_status":null,"latest_work_order_type":null,"max_risk_rating":null,"risk_assessment_count":0,"service_request_id":"1757747A-03DB-4B21-B22A-006AFFCA74CC","source":"Department of Parks and Recreation - Public Web Site","status":"Open","work_order_count":0},"type":"Feature"},{"geometry":{"coordinates":[-73.738272,40.704579],"type":"Point"},"id":"1766B0F3-0CD7-416A-ABCA-08B7DC49F9E8","properties":{"borough":"Queens","created_date":"2026-09-15T16:47:00.000","inspection_count":0,"latest_inspection_date":null,"latest_work_order_status":null,"latest_work_order_type":null,"max_risk_rating":null,"risk_assessment_count":0,"service_request_id":"1766B0F3-0CD7-416A-ABCA-08B7DC49F9E8","source":"3-1-1 Call Center","status":"Closed","work_order_count":0},"type":"Feature"},{"geometry":{"coordinates":[-74.003483,40.616306],"type":"Point"},"id":"1767AB08-7D85-47AA-AC4E-D3D1C90EB6E0","properties":{"borough":"Brooklyn","created_date":"2026-09-12T00:40:02.000","inspection_count":0,"latest_inspection_date":null,"latest_work_order_status":null,"latest_work_order_type":null,"max_risk_rating":null,"risk_assessment_count":0,"service_request_id":"1767AB08-7D85-47AA-AC4E-D3D1C90EB6E0","source":"Department of Parks and Recreation - Public Web Site","status":"Open","work_order_count":0},"type":"Feature"},{"geometry":{"coordinates":[-73.732966,40.698545],"type":"Point"},"id":"1783CA25-C0E4-435A-B7A4-52200CAB0FA6","properties":{"borough":"Queens","created_date":"2026-09-10T19:21:00.000","inspection_count":0,"latest_inspection_date":null,"latest_work_order_status":null,"latest_work_order_type":null,"max_risk_rating":null,"risk_assessment_count":0,"service_request_id":"1783CA25-C0E4-435A-B7A4-52200CAB0FA6","source":"3-1-1 Call Center","status":"Open","work_order_count":0},"type":"Feature"},{"geometry":{"coordinates":[-73.829242,40.850441],"type":"Point"},"id":"179B7ACD-CBA1-4EA8-9578-81C554BCEA59","properties":{"borough":"Bronx","created_date":"2026-09-01T15:28:00.000","inspection_count":1,"latest_inspection_date":"2026-09-04T04:00:00.000","latest_work_order_status":null,"latest_work_order_type":null,"max_risk_rating":"7.0","risk_assessment_count":1,"service_request_id":"179B7ACD-CBA1-4EA8-9578-81C554BCEA59","source":"3-1-1 Call Center","status":"Closed","work_order_count":0},"type":"Feature"},{"geometry":{"coordinates":[-73.911559,40.748893],"type":"Point"},"id":"17AF1A5B-106B-46EB-B606-DD860B50092A","properties":{"borough":"Queens","created_date":"2026-09-23T13:39:00.000","inspection_count":0,"latest_inspection_date":null,"latest_work_order_status":null,"latest_work_order_type":null,"max_risk_rating":null,"risk_assessment_count":0,"service_request_id":"17AF1A5B-106B-46EB-B606-DD860B50092A","source":"3-1-1 Call Center","status":"Open","work_order_count":0},"type":"Feature"},{"geometry":{"coordinates":[-73.758496,40.737292],"type":"Point"},"id":"17B61ED0-4A66-41CB-AB3D-57C16AD7AB7F","properties":{"borough":"Queens","created_date":"2026-09-03T12:18:00.000","inspection_count":0,"latest_inspection_date":null,"latest_work_order_status":null,"latest_work_order_type":null,"max_risk_rating":null,"risk_assessment_count":0,"service_request_id":"17B61ED0-4A66-41CB-AB3D-57C16AD7AB7F","source":"3-1-1 Call Center","status":"Closed","work_order_count":0},"type":"Feature"},{"geometry":{"coordinates":[-74.103969,40.595266],"type":"Point"},"id":"17C27DBA-4096-4B75-809C-1DB850796789","properties":{"borough":"Staten Island","created_date":"2026-09-21T17:56:00.000","inspection_count":0,"latest_inspection_date":null,"latest_work_order_status":null,"latest_work_order_type":null,"max_risk_rating":null,"risk_assessment_count":0,"service_request_id":"17C27DBA-4096-4B75-809C-1DB850796789","source":"3-1-1 Call Center","status":"Closed","work_order_count":0},"type":"Feature"},{"geometry":{"coordinates":[-73.798917,40.732646],"type":"Point"},"id":"17D0FFCC-F359-431E-86A2-FD4736960B19","properties":{"borough":"Queens","created_date":"2026-09-09T19:35:00.000","inspection_count":0,"latest_inspection_date":null,"latest_work_order_status":null,"latest_work_order_type":null,"max_risk_rating":null,"risk_assessment_count":0,"service_request_id":"17D0FFCC-F359-431E-86A2-FD4736960B19","source":"3-1-1 Call Center","status":"Open","work_order_count":0},"type":"Feature"},{"geometry":{"coordinates":[-73.965974,40.692024],"type":"Point"},"id":"17D6ED63-AE27-4E9B-80BE-78B54C5E1358","properties":{"borough":"Brooklyn","created_date":"2026-09-04T06:08:55.000","inspection_count":0,"latest_inspection_date":null,"latest_work_order_status":null,"latest_work_order_type":null,"max_risk_rating":null,"risk_assessment_count":0,"service_request_id":"17D6ED63-AE27-4E9B-80BE-78B54C5E1358","source":"Department of Parks and Recreation - Public Web Site","status":"Open","work_order_count":0},"type":"Feature"},{"geometry":{"coordinates":[-74.112562,40.632019],"type":"Point"},"id":"17EB39D1-D963-4C27-BAF4-B8320F9A450F","properties":{"borough":"Staten Island","created_date":"2026-09-10T21:24:00.000","inspection_count":1,"latest_inspection_date":"2026-09-11T04:00:00.000","latest_work_order_status":null,"latest_work_order_type":null,"max_risk_rating":null,"risk_assessment_count":0,"service_request_id":"17EB39D1-D963-4C27-BAF4-B8320F9A450F","source":"Department of Parks and Recreation - Public Web Site","status":"Closed","work_order_count":0},"type":"Feature"},{"geometry":{"coordinates":[-74.003483,40.616306],"type":"Point"},"id":"17EC9367-6AB8-439D-AFF3-AAF75E5E53DC","properties":{"borough":"Brooklyn","created_date":"2026-09-12T12:40:02.000","inspection_count":0,"latest_inspection_date":null,"latest_work_order_status":null,"latest_work_order_type":null,"max_risk_rating":null,"risk_assessment_count":0,"service_request_id":"17EC9367-6AB8-439D-AFF3-AAF75E5E53DC","source":"Department of Parks and Recreation - Public Web Site","status":"Open","work_order_count":0},"type":"Feature"},{"geometry":{"coordinates":[-73.974177,40.785257],"type":"Point"},"id":"17F27F3B-66CA-400E-9437-6B18D1551E21","properties":{"borough":"Manhattan","created_date":"2026-09-08T00:30:02.000","inspection_count":0,"latest_inspection_date":null,"latest_work_order_status":null,"latest_work_order_type":null,"max_risk_rating":null,"risk_assessment_count":0,"service_request_id":"17F27F3B-66CA-400E-9437-6B18D1551E21","source":"Department of Parks and Recreation - Public Web Site","status":"Closed","work_order_count":0},"type":"Feature"},{"geometry":{"coordinates":[-73.857891,40.705344],"type":"Point"},"id":"17FF6060-BBEF-4093-9581-BE0CCB206532","properties":{"borough":"Queens","created_date":"2026-09-03T17:25:00.000","inspection_count":0,"latest_inspection_date":null,"latest_work_order_status":null,"latest_work_order_type":null,"max_risk_rating":null,"risk_assessment_count":0,"service_request_id":"17FF6060-BBEF-4093-9581-BE0CCB206532","source":"3-1-1 Call Center","status":"Open","work_order_count":0},"type":"Feature"},{"geometry":{"coordinates":[-74.162476,40.619196],"type":"Point"},"id":"1803044A-732D-4DAC-941B-F92ADABBB360","properties":{"borough":"Staten Island","created_date":"2026-09-19T18:38:55.000","inspection_count":0,"latest_inspection_date":null,"latest_work_order_status":null,"latest_work_order_type":null,"max_risk_rating":null,"risk_assessment_count":0,"service_request_id":"1803044A-732D-4DAC-941B-F92ADABBB360","source":"Department of Parks and Recreation - Public Web Site","status":"Open","work_order_count":0},"type":"Feature"},{"geometry":{"coordinates":[-74.003483,40.616306],"type":"Point"},"id":"18048A47-F2DB-4EB0-BF07-D8026FC820E6","properties":{"borough":"Brooklyn","created_date":"2026-09-12T12:05:02.000","inspection_count":0,"latest_inspection_date":null,"latest_work_order_status":null,"latest_work_order_type":null,"max_risk_rating":null,"risk_assessment_count":0,"service_request_id":"18048A47-F2DB-4EB0-BF07-D8026FC820E6","source":"Department of Parks and Recreation - Public Web Site","status":"Open","work_order_count":0},"type":"Feature"},{"geometry":{"coordinates":[-73.974177,40.785257],"type":"Point"},"id":"18110CE2-135A-480A-BAD5-5E2197F99FE5","properties":{"borough":"Manhattan","created_date":"2026-09-07T14:20:02.000","inspection_count":0,"latest_inspection_date":null,"latest_work_order_status":null,"latest_work_order_type":null,"max_risk_rating":null,"risk_assessment_count":0,"service_request_id":"18110CE2-135A-480A-BAD5-5E2197F99FE5","source":"Department of Parks and Recreation - Public Web Site","status":"Closed","work_order_count":0},"type":"Feature"},{"geometry":{"coordinates":[-73.836291,40.89278],"type":"Point"},"id":"18124530-979B-4B34-8CD5-10920483CABC","properties":{"borough":"Bronx","created_date":"2026-09-17T21:05:58.000","inspection_count":0,"latest_inspection_date":null,"latest_work_order_status":null,"latest_work_order_type":null,"max_risk_rating":null,"risk_assessment_count":0,"service_request_id":"18124530-979B-4B34-8CD5-10920483CABC","source":"Department of Parks and Recreation - Public Web Site","status":"Open","work_order_count":0},"type":"Feature"},{"geometry":{"coordinates":[-74.081063,40.640947],"type":"Point"},"id":"18224B83-28B9-4321-9EA7-BDD51A9CE417","properties":{"borough":"Staten Island","created_date":"2026-09-08T02:38:00.000","inspection_count":0,"latest_inspection_date":null,"latest_work_order_status":null,"latest_work_order_type":null,"max_risk_rating":null,"risk_assessment_count":0,"service_request_id":"18224B83-28B9-4321-9EA7-BDD51A9CE417","source":"Department of Parks and Recreation - Public Web Site","status":"Open","work_order_count":0},"type":"Feature"},{"geometry":{"coordinates":[-73.974177,40.785257],"type":"Point"},"id":"182B19E1-1EDF-4E48-AC47-09E01281688A","properties":{"borough":"Manhattan","created_date":"2026-09-08T13:35:01.000","inspection_count":0,"latest_inspection_date":null,"latest_work_order_status":null,"latest_work_order_type":null,"max_risk_rating":null,"risk_assessment_count":0,"service_request_id":"182B19E1-1EDF-4E48-AC47-09E01281688A","source":"Department of Parks and Recreation - Public Web Site","status":"Closed","work_order_count":0},"type":"Feature"},{"geometry":{"coordinates":[-74.171501,40.538741],"type":"Point"},"id":"183106E7-74EB-46B0-9DA5-4A699C47B54E","properties":{"borough":"Staten Island","created_date":"2026-09-05T19:38:00.000","inspection_count":0,"latest_inspection_date":null,"latest_work_order_status":null,"latest_work_order_type":null,"max_risk_rating":null,"risk_assessment_count":0,"service_request_id":"183106E7-74EB-46B0-9DA5-4A699C47B54E","source":"3-1-1 Call Center","status":"Closed","work_order_count":0},"type":"Feature"},{"geometry":{"coordinates":[-73.974177,40.785257],"type":"Point"},"id":"18473C06-90F8-4C5A-9A93-62736E74CF26","properties":{"borough":"Manhattan","created_date":"2026-09-08T23:20:02.000","inspection_count":0,"latest_inspection_date":null,"latest_work_order_status":null,"latest_work_order_type":null,"max_risk_rating":null,"risk_assessment_count":0,"service_request_id":"18473C06-90F8-4C5A-9A93-62736E74CF26","source":"Department of Parks and Recreation - Public Web Site","status":"Closed","work_order_count":0},"type":"Feature"},{"geometry":{"coordinates":[-74.133885,40.620463],"type":"Point"},"id":"1848AF75-2B27-46AA-A353-56E359046A3C","properties":{"borough":"Staten Island","created_date":"2026-09-14T17:54:00.000","inspection_count":0,"latest_inspection_date":null,"latest_work_order_status":null,"latest_work_order_type":null,"max_risk_rating":null,"risk_assessment_count":0,"service_request_id":"1848AF75-2B27-46AA-A353-56E359046A3C","source":"3-1-1 Call Center","status":"Open","work_order_count":0},"type":"Feature"},{"geometry":{"coordinates":[-73.910975,40.748218],"type":"Point"},"id":"18556846-8317-4840-92F2-569F951C43E5","properties":{"borough":"Queens","created_date":"2026-09-23T13:46:42.000","inspection_count":0,"latest_inspection_date":null,"latest_work_order_status":null,"latest_work_order_type":null,"max_risk_rating":null,"risk_assessment_count":0,"service_request_id":"18556846-8317-4840-92F2-569F951C43E5","source":"3-1-1 Call Center","status":"Open","work_order_count":0},"type":"Feature"},{"geometry":{"coordinates":[-73.727835,40.728308],"type":"Point"},"id":"185A94E2-18FF-4D49-B37D-0B287D2B752E","properties":{"borough":"Queens","created_date":"2026-09-08T18:27:00.000","inspection_count":0,"latest_inspection_date":null,"latest_work_order_status":null,"latest_work_order_type":null,"max_risk_rating":null,"risk_assessment_count":0,"service_request_id":"185A94E2-18FF-4D49-B37D-0B287D2B752E","source":"3-1-1 Call Center","status":"Open","work_order_count":0},"type":"Feature"},{"geometry":{"coordinates":[-73.882762,40.705575],"type":"Point"},"id":"185F8291-B97D-4730-A8E9-45433D39DAE0","properties":{"borough":"Queens","created_date":"2026-09-07T22:52:00.000","inspection_count":0,"latest_inspection_date":null,"latest_work_order_status":null,"latest_work_order_type":null,"max_risk_rating":null,"risk_assessment_count":0,"service_request_id":"185F8291-B97D-4730-A8E9-45433D39DAE0","source":"3-1-1 Call Center","status":"Open","work_order_count":0},"type":"Feature"},{"geometry":{"coordinates":[-74.165912,40.536696],"type":"Point"},"id":"188E90A5-437C-48A8-8F9A-B1D487D49295","properties":{"borough":"Staten Island","created_date":"2026-09-06T19:26:00.000","inspection_count":1,"latest_inspection_date":"2026-07-20T17:29:28.000","latest_work_order_status":null,"latest_work_order_type":null,"max_risk_rating":"5.0","risk_assessment_count":2,"service_request_id":"188E90A5-437C-48A8-8F9A-B1D487D49295","source":"3-1-1 Call Center","status":"Closed","work_order_count":0},"type":"Feature"},{"geometry":{"coordinates":[-73.974177,40.785257],"type":"Point"},"id":"188F2F26-CE69-44BD-9463-DBFD7C957B3E","properties":{"borough":"Manhattan","created_date":"2026-09-07T13:05:02.000","inspection_count":0,"latest_inspection_date":null,"latest_work_order_status":null,"latest_work_order_type":null,"max_risk_rating":null,"risk_assessment_count":0,"service_request_id":"188F2F26-CE69-44BD-9463-DBFD7C957B3E","source":"Department of Parks and Recreation - Public Web Site","status":"Closed","work_order_count":0},"type":"Feature"},{"geometry":{"coordinates":[-74.216,40.526962],"type":"Point"},"id":"18B0F576-404A-4BF5-A9E8-EAD74EF229DA","properties":{"borough":"Staten Island","created_date":"2026-09-07T21:43:00.000","inspection_count":0,"latest_inspection_date":null,"latest_work_order_status":null,"latest_work_order_type":null,"max_risk_rating":null,"risk_assessment_count":0,"service_request_id":"18B0F576-404A-4BF5-A9E8-EAD74EF229DA","source":"Department of Parks and Recreation - Public Web Site","status":"Closed","work_order_count":0},"type":"Feature"},{"geometry":{"coordinates":[-74.131057,40.556109],"type":"Point"},"id":"18D9C864-9478-4BAF-B746-4976CB9ADB49","properties":{"borough":"Staten Island","created_date":"2026-09-08T18:29:51.000","inspection_count":0,"latest_inspection_date":null,"latest_work_order_status":null,"latest_work_order_type":null,"max_risk_rating":null,"risk_assessment_count":0,"service_request_id":"18D9C864-9478-4BAF-B746-4976CB9ADB49","source":"3-1-1 Call Center","status":"Open","work_order_count":0},"type":"Feature"},{"geometry":{"coordinates":[-73.887078,40.845152],"type":"Point"},"id":"18F79A1E-5584-4D2F-A63E-8A81E33F5A95","properties":{"borough":"Bronx","created_date":"2026-09-21T13:31:57.000","inspection_count":0,"latest_inspection_date":null,"latest_work_order_status":null,"latest_work_order_type":null,"max_risk_rating":null,"risk_assessment_count":0,"service_request_id":"18F79A1E-5584-4D2F-A63E-8A81E33F5A95","source":"3-1-1 Call Center","status":"Closed","work_order_count":0},"type":"Feature"},{"geometry":{"coordinates":[-74.000191,40.603531],"type":"Point"},"id":"190F55BA-0157-4909-85BF-FF5F1DCAAB33","properties":{"borough":"Brooklyn","created_date":"2026-09-07T20:49:00.000","inspection_count":1,"latest_inspection_date":"2026-08-25T14:35:13.000","latest_work_order_status":null,"latest_work_order_type":null,"max_risk_rating":"6.0","risk_assessment_count":1,"service_request_id":"190F55BA-0157-4909-85BF-FF5F1DCAAB33","source":"3-1-1 Call Center","status":"Open","work_order_count":0},"type":"Feature"},{"geometry":{"coordinates":[-74.000577,40.659555],"type":"Point"},"id":"191D000D-337D-452C-A956-165610883C50","properties":{"borough":"Brooklyn","created_date":"2026-09-08T12:22:06.000","inspection_count":0,"latest_inspection_date":null,"latest_work_order_status":null,"latest_work_order_type":null,"max_risk_rating":null,"risk_assessment_count":0,"service_request_id":"191D000D-337D-452C-A956-165610883C50","source":"Department of Parks and Recreation - Public Web Site","status":"Open","work_order_count":0},"type":"Feature"},{"geometry":{"coordinates":[-73.951591,40.723932],"type":"Point"},"id":"19236BFC-5652-400D-9708-6BE6E23B1620","properties":{"borough":"Brooklyn","created_date":"2026-09-22T15:24:52.000","inspection_count":0,"latest_inspection_date":null,"latest_work_order_status":null,"latest_work_order_type":null,"max_risk_rating":null,"risk_assessment_count":0,"service_request_id":"19236BFC-5652-400D-9708-6BE6E23B1620","source":"Department of Parks and Recreation - Public Web Site","status":"Open","work_order_count":0},"type":"Feature"},{"geometry":{"coordinates":[-73.833936,40.661228],"type":"Point"},"id":"19271BB4-51F7-4672-BC75-3B3F58B6175F","properties":{"borough":"Queens","created_date":"2026-09-01T19:43:00.000","inspection_count":0,"latest_inspection_date":null,"latest_work_order_status":null,"latest_work_order_type":null,"max_risk_rating":null,"risk_assessment_count":0,"service_request_id":"19271BB4-51F7-4672-BC75-3B3F58B6175F","source":"3-1-1 Call Center","status":"Open","work_order_count":0},"type":"Feature"},{"geometry":{"coordinates":[-73.974177,40.785257],"type":"Point"},"id":"192A15EA-38C4-417D-8AAF-DC8B5C04654C","properties":{"borough":"Manhattan","created_date":"2026-09-07T13:45:02.000","inspection_count":0,"latest_inspection_date":null,"latest_work_order_status":null,"latest_work_order_type":null,"max_risk_rating":null,"risk_assessment_count":0,"service_request_id":"192A15EA-38C4-417D-8AAF-DC8B5C04654C","source":"Department of Parks and Recreation - Public Web Site","status":"Closed","work_order_count":0},"type":"Feature"},{"geometry":{"coordinates":[-73.942546,40.628346],"type":"Point"},"id":"193BA584-B0F0-4BB4-B35B-17EBB1E9B861","properties":{"borough":"Brooklyn","created_date":"2026-09-25T17:30:15.000","inspection_count":0,"latest_inspection_date":null,"latest_work_order_status":null,"latest_work_order_type":null,"max_risk_rating":null,"risk_assessment_count":0,"service_request_id":"193BA584-B0F0-4BB4-B35B-17EBB1E9B861","source":"DPR -Public Tree Map","status":"Open","work_order_count":0},"type":"Feature"},{"geometry":{"coordinates":[-74.17155,40.556418],"type":"Point"},"id":"193C97A1-4393-4FC7-B86B-5FA79C36998C","properties":{"borough":"Staten Island","created_date":"2026-09-13T23:40:00.000","inspection_count":0,"latest_inspection_date":null,"latest_work_order_status":null,"latest_work_order_type":null,"max_risk_rating":null,"risk_assessment_count":0,"service_request_id":"193C97A1-4393-4FC7-B86B-5FA79C36998C","source":"3-1-1 Call Center","status":"Open","work_order_count":0},"type":"Feature"},{"geometry":{"coordinates":[-73.958885,40.603444],"type":"Point"},"id":"19440A1E-0BC5-4BD3-B8AF-675CCC32B672","properties":{"borough":"Brooklyn","created_date":"2026-09-01T15:28:41.000","inspection_count":0,"latest_inspection_date":null,"latest_work_order_status":null,"latest_work_order_type":null,"max_risk_rating":null,"risk_assessment_count":0,"service_request_id":"19440A1E-0BC5-4BD3-B8AF-675CCC32B672","source":"3-1-1 Call Center","status":"Closed","work_order_count":0},"type":"Feature"},{"geometry":{"coordinates":[-73.770641,40.666317],"type":"Point"},"id":"1948C036-AC7F-4752-A094-D8DA1CC6B578","properties":{"borough":"Queens","created_date":"2026-09-02T13:14:00.000","inspection_count":0,"latest_inspection_date":null,"latest_work_order_status":null,"latest_work_order_type":null,"max_risk_rating":null,"risk_assessment_count":0,"service_request_id":"1948C036-AC7F-4752-A094-D8DA1CC6B578","source":"3-1-1 Call Center","status":"Open","work_order_count":0},"type":"Feature"},{"geometry":{"coordinates":[-74.003483,40.616306],"type":"Point"},"id":"195163AA-8EF8-4411-91F0-02F5CAD8CB7F","properties":{"borough":"Brooklyn","created_date":"2026-09-12T06:25:02.000","inspection_count":0,"latest_inspection_date":null,"latest_work_order_status":null,"latest_work_order_type":null,"max_risk_rating":null,"risk_assessment_count":0,"service_request_id":"195163AA-8EF8-4411-91F0-02F5CAD8CB7F","source":"Department of Parks and Recreation - Public Web Site","status":"Open","work_order_count":0},"type":"Feature"},{"geometry":{"coordinates":[-73.974177,40.785257],"type":"Point"},"id":"1955CA1C-1B09-4715-81B3-242F84D88C8D","properties":{"borough":"Manhattan","created_date":"2026-09-09T13:55:01.000","inspection_count":0,"latest_inspection_date":null,"latest_work_order_status":null,"latest_work_order_type":null,"max_risk_rating":null,"risk_assessment_count":0,"service_request_id":"1955CA1C-1B09-4715-81B3-242F84D88C8D","source":"Department of Parks and Recreation - Public Web Site","status":"Closed","work_order_count":0},"type":"Feature"},{"geometry":{"coordinates":[-73.939007,40.65389],"type":"Point"},"id":"196F11FA-054A-4592-909A-95CE61A772D7","properties":{"borough":"Brooklyn","created_date":"2026-09-26T00:25:46.000","inspection_count":0,"latest_inspection_date":null,"latest_work_order_status":null,"latest_work_order_type":null,"max_risk_rating":null,"risk_assessment_count":0,"service_request_id":"196F11FA-054A-4592-909A-95CE61A772D7","source":"Department of Parks and Recreation - Public Web Site","status":"Open","work_order_count":0},"type":"Feature"},{"geometry":{"coordinates":[-73.745702,40.734964],"type":"Point"},"id":"197081E1-226A-4A2C-8205-E784367848F5","properties":{"borough":"Queens","created_date":"2026-09-23T15:22:00.000","inspection_count":0,"latest_inspection_date":null,"latest_work_order_status":null,"latest_work_order_type":null,"max_risk_rating":null,"risk_assessment_count":0,"service_request_id":"197081E1-226A-4A2C-8205-E784367848F5","source":"3-1-1 Call Center","status":"Open","work_order_count":0},"type":"Feature"},{"geometry":{"coordinates":[-73.93795,40.588459],"type":"Point"},"id":"1973F7BE-6E2B-48C4-9F26-43ADE40F42C5","properties":{"borough":"Brooklyn","created_date":"2026-09-21T19:34:49.000","inspection_count":0,"latest_inspection_date":null,"latest_work_order_status":null,"latest_work_order_type":null,"max_risk_rating":null,"risk_assessment_count":0,"service_request_id":"1973F7BE-6E2B-48C4-9F26-43ADE40F42C5","source":"3-1-1 Call Center","status":"Closed","work_order_count":0},"type":"Feature"},{"geometry":{"coordinates":[-73.901945,40.704089],"type":"Point"},"id":"197B8584-BABD-4E13-8A21-1434AAE4CE41","properties":{"borough":"Queens","created_date":"2026-09-10T21:41:00.000","inspection_count":0,"latest_inspection_date":null,"latest_work_order_status":null,"latest_work_order_type":null,"max_risk_rating":null,"risk_assessment_count":0,"service_request_id":"197B8584-BABD-4E13-8A21-1434AAE4CE41","source":"3-1-1 Call Center","status":"Open","work_order_count":0},"type":"Feature"},{"geometry":{"coordinates":[-74.003483,40.616306],"type":"Point"},"id":"197F64CD-2FDD-4D09-BE6F-5400BA3888BD","properties":{"borough":"Brooklyn","created_date":"2026-09-12T08:40:02.000","inspection_count":0,"latest_inspection_date":null,"latest_work_order_status":null,"latest_work_order_type":null,"max_risk_rating":null,"risk_assessment_count":0,"service_request_id":"197F64CD-2FDD-4D09-BE6F-5400BA3888BD","source":"Department of Parks and Recreation - Public Web Site","status":"Open","work_order_count":0},"type":"Feature"},{"geometry":{"coordinates":[-73.926172,40.654992],"type":"Point"},"id":"19848D7F-DB01-4129-92F6-F58A50A43101","properties":{"borough":"Brooklyn","created_date":"2026-09-02T14:02:00.000","inspection_count":0,"latest_inspection_date":null,"latest_work_order_status":null,"latest_work_order_type":null,"max_risk_rating":null,"risk_assessment_count":0,"service_request_id":"19848D7F-DB01-4129-92F6-F58A50A43101","source":"3-1-1 Call Center","status":"Open","work_order_count":0},"type":"Feature"},{"geometry":{"coordinates":[-73.889835,40.77136],"type":"Point"},"id":"19A35E2C-CDE8-4E55-AFBA-997EC4E42E58","properties":{"borough":"Queens","created_date":"2026-09-24T02:38:00.000","inspection_count":0,"latest_inspection_date":null,"latest_work_order_status":null,"latest_work_order_type":null,"max_risk_rating":null,"risk_assessment_count":0,"service_request_id":"19A35E2C-CDE8-4E55-AFBA-997EC4E42E58","source":"3-1-1 Call Center","status":"Open","work_order_count":0},"type":"Feature"},{"geometry":{"coordinates":[-74.114059,40.606003],"type":"Point"},"id":"19AF5643-907B-4432-92BA-FAD85DE80655","properties":{"borough":"Staten Island","created_date":"2026-09-09T22:17:00.000","inspection_count":0,"latest_inspection_date":null,"latest_work_order_status":null,"latest_work_order_type":null,"max_risk_rating":null,"risk_assessment_count":0,"service_request_id":"19AF5643-907B-4432-92BA-FAD85DE80655","source":"3-1-1 Call Center","status":"Open","work_order_count":0},"type":"Feature"},{"geometry":{"coordinates":[-73.880671,40.87459],"type":"Point"},"id":"19C6D969-251E-41CB-9E4C-9F98A9D119EA","properties":{"borough":"Bronx","created_date":"2026-09-23T15:50:38.000","inspection_count":0,"latest_inspection_date":null,"latest_work_order_status":null,"latest_work_order_type":null,"max_risk_rating":null,"risk_assessment_count":0,"service_request_id":"19C6D969-251E-41CB-9E4C-9F98A9D119EA","source":"3-1-1 Call Center","status":"Open","work_order_count":0},"type":"Feature"},{"geometry":{"coordinates":[-73.80711,40.776812],"type":"Point"},"id":"19C8686E-C91C-4F87-99C5-B616EB655E50","properties":{"borough":"Queens","created_date":"2026-09-08T12:30:00.000","inspection_count":0,"latest_inspection_date":null,"latest_work_order_status":null,"latest_work_order_type":null,"max_risk_rating":null,"risk_assessment_count":0,"service_request_id":"19C8686E-C91C-4F87-99C5-B616EB655E50","source":"3-1-1 Call Center","status":"Open","work_order_count":0},"type":"Feature"},{"geometry":{"coordinates":[-73.958809,40.67395],"type":"Point"},"id":"19CA8365-1246-457A-902C-25834134FA35","properties":{"borough":"Brooklyn","created_date":"2026-09-03T17:19:34.000","inspection_count":0,"latest_inspection_date":null,"latest_work_order_status":null,"latest_work_order_type":null,"max_risk_rating":null,"risk_assessment_count":0,"service_request_id":"19CA8365-1246-457A-902C-25834134FA35","source":"Department of Parks and Recreation - Public Web Site","status":"Open","work_order_count":0},"type":"Feature"},{"geometry":{"coordinates":[-73.912135,40.837823],"type":"Point"},"id":"19CBCD68-19A1-4FE1-B577-6048B9BFA05F","properties":{"borough":"Bronx","created_date":"2026-09-13T22:15:34.000","inspection_count":0,"latest_inspection_date":null,"latest_work_order_status":null,"latest_work_order_type":null,"max_risk_rating":null,"risk_assessment_count":0,"service_request_id":"19CBCD68-19A1-4FE1-B577-6048B9BFA05F","source":"3-1-1 Call Center","status":"Open","work_order_count":0},"type":"Feature"},{"geometry":{"coordinates":[-73.758075,40.601654],"type":"Point"},"id":"19D88BAD-5533-4BE2-B7F3-521410036E47","properties":{"borough":"Queens","created_date":"2026-09-12T13:32:00.000","inspection_count":0,"latest_inspection_date":null,"latest_work_order_status":null,"latest_work_order_type":null,"max_risk_rating":null,"risk_assessment_count":0,"service_request_id":"19D88BAD-5533-4BE2-B7F3-521410036E47","source":"3-1-1 Call Center","status":"Open","work_order_count":0},"type":"Feature"},{"geometry":{"coordinates":[-74.003483,40.616306],"type":"Point"},"id":"19DC4E2F-E1EC-4020-B9E1-F642D0BAE22A","properties":{"borough":"Brooklyn","created_date":"2026-09-12T15:05:02.000","inspection_count":0,"latest_inspection_date":null,"latest_work_order_status":null,"latest_work_order_type":null,"max_risk_rating":null,"risk_assessment_count":0,"service_request_id":"19DC4E2F-E1EC-4020-B9E1-F642D0BAE22A","source":"Department of Parks and Recreation - Public Web Site","status":"Open","work_order_count":0},"type":"Feature"},{"geometry":{"coordinates":[-73.974177,40.785257],"type":"Point"},"id":"19E526CB-AFDC-4167-9CC2-23095A94E599","properties":{"borough":"Manhattan","created_date":"2026-09-08T20:00:02.000","inspection_count":0,"latest_inspection_date":null,"latest_work_order_status":null,"latest_work_order_type":null,"max_risk_rating":null,"risk_assessment_count":0,"service_request_id":"19E526CB-AFDC-4167-9CC2-23095A94E599","source":"Department of Parks and Recreation - Public Web Site","status":"Closed","work_order_count":0},"type":"Feature"},{"geometry":{"coordinates":[-73.758027,40.710227],"type":"Point"},"id":"19F0AE2F-1B05-4303-9960-24E9F4E9F78A","properties":{"borough":"Queens","created_date":"2026-09-23T18:19:00.000","inspection_count":0,"latest_inspection_date":null,"latest_work_order_status":null,"latest_work_order_type":null,"max_risk_rating":null,"risk_assessment_count":0,"service_request_id":"19F0AE2F-1B05-4303-9960-24E9F4E9F78A","source":"3-1-1 Call Center","status":"Open","work_order_count":0},"type":"Feature"},{"geometry":{"coordinates":[-73.761521,40.678491],"type":"Point"},"id":"1A0C4C9B-C825-4C67-8049-356E85503EDA","properties":{"borough":"Queens","created_date":"2026-09-07T19:16:00.000","inspection_count":0,"latest_inspection_date":null,"latest_work_order_status":null,"latest_work_order_type":null,"max_risk_rating":null,"risk_assessment_count":0,"service_request_id":"1A0C4C9B-C825-4C67-8049-356E85503EDA","source":"3-1-1 Call Center","status":"Open","work_order_count":0},"type":"Feature"},{"geometry":{"coordinates":[-73.868279,40.732178],"type":"Point"},"id":"1A11CDD3-FF42-4BA0-95FC-67459D178DF3","properties":{"borough":"Queens","created_date":"2026-09-15T16:55:00.000","inspection_count":0,"latest_inspection_date":null,"latest_work_order_status":null,"latest_work_order_type":null,"max_risk_rating":null,"risk_assessment_count":0,"service_request_id":"1A11CDD3-FF42-4BA0-95FC-67459D178DF3","source":"3-1-1 Call Center","status":"Open","work_order_count":0},"type":"Feature"},{"geometry":{"coordinates":[-74.003483,40.616306],"type":"Point"},"id":"1A14C1AF-07FA-4EFA-8B54-D5D826FB2140","properties":{"borough":"Brooklyn","created_date":"2026-09-12T10:25:02.000","inspection_count":0,"latest_inspection_date":null,"latest_work_order_status":null,"latest_work_order_type":null,"max_risk_rating":null,"risk_assessment_count":0,"service_request_id":"1A14C1AF-07FA-4EFA-8B54-D5D826FB2140","source":"Department of Parks and Recreation - Public Web Site","status":"Open","work_order_count":0},"type":"Feature"},{"geometry":{"coordinates":[-73.974177,40.785257],"type":"Point"},"id":"1A22357B-7781-41B2-9C44-AE396B3C9009","properties":{"borough":"Manhattan","created_date":"2026-09-09T12:30:02.000","inspection_count":0,"latest_inspection_date":null,"latest_work_order_status":null,"latest_work_order_type":null,"max_risk_rating":null,"risk_assessment_count":0,"service_request_id":"1A22357B-7781-41B2-9C44-AE396B3C9009","source":"Department of Parks and Recreation - Public Web Site","status":"Closed","work_order_count":0},"type":"Feature"},{"geometry":{"coordinates":[-74.003483,40.616306],"type":"Point"},"id":"1A3601B5-5BF5-497E-B69E-221EDE5BD8C5","properties":{"borough":"Brooklyn","created_date":"2026-09-12T13:30:02.000","inspection_count":0,"latest_inspection_date":null,"latest_work_order_status":null,"latest_work_order_type":null,"max_risk_rating":null,"risk_assessment_count":0,"service_request_id":"1A3601B5-5BF5-497E-B69E-221EDE5BD8C5","source":"Department of Parks and Recreation - Public Web Site","status":"Open","work_order_count":0},"type":"Feature"},{"geometry":{"coordinates":[-73.909185,40.687467],"type":"Point"},"id":"1A3B65E5-17ED-4110-B091-D2AB6EEFFDF4","properties":{"borough":"Brooklyn","created_date":"2026-09-07T14:39:00.000","inspection_count":1,"latest_inspection_date":"2026-09-07T15:33:40.000","latest_work_order_status":"Closed","latest_work_order_type":"Tree Down","max_risk_rating":null,"risk_assessment_count":0,"service_request_id":"1A3B65E5-17ED-4110-B091-D2AB6EEFFDF4","source":"3-1-1 Call Center","status":"Closed","work_order_count":1},"type":"Feature"},{"geometry":{"coordinates":[-74.140376,40.633981],"type":"Point"},"id":"1A3B95A4-17A7-4DAD-B621-A36C883CB51E","properties":{"borough":"Staten Island","created_date":"2026-09-14T00:42:01.000","inspection_count":0,"latest_inspection_date":null,"latest_work_order_status":null,"latest_work_order_type":null,"max_risk_rating":null,"risk_assessment_count":0,"service_request_id":"1A3B95A4-17A7-4DAD-B621-A36C883CB51E","source":"3-1-1 Call Center","status":"Open","work_order_count":0},"type":"Feature"},{"geometry":{"coordinates":[-73.778509,40.754564],"type":"Point"},"id":"1A3E6043-A446-4FC4-8D39-A16C9439CE23","properties":{"borough":"Queens","created_date":"2026-09-16T18:04:00.000","inspection_count":0,"latest_inspection_date":null,"latest_work_order_status":null,"latest_work_order_type":null,"max_risk_rating":null,"risk_assessment_count":0,"service_request_id":"1A3E6043-A446-4FC4-8D39-A16C9439CE23","source":"3-1-1 Call Center","status":"Open","work_order_count":0},"type":"Feature"},{"geometry":{"coordinates":[-73.795259,40.743105],"type":"Point"},"id":"1A45DA47-85EF-41A6-8257-D7A1355B6A33","properties":{"borough":"Queens","created_date":"2026-09-05T15:14:00.000","inspection_count":0,"latest_inspection_date":null,"latest_work_order_status":null,"latest_work_order_type":null,"max_risk_rating":null,"risk_assessment_count":0,"service_request_id":"1A45DA47-85EF-41A6-8257-D7A1355B6A33","source":"3-1-1 Call Center","status":"Open","work_order_count":0},"type":"Feature"},{"geometry":{"coordinates":[-74.110325,40.575641],"type":"Point"},"id":"1A4C2478-1A1C-4C04-9214-6356BDE4AB13","properties":{"borough":"Staten Island","created_date":"2026-09-04T14:11:00.000","inspection_count":0,"latest_inspection_date":null,"latest_work_order_status":null,"latest_work_order_type":null,"max_risk_rating":null,"risk_assessment_count":0,"service_request_id":"1A4C2478-1A1C-4C04-9214-6356BDE4AB13","source":"DPR -Public Tree Map","status":"Open","work_order_count":0},"type":"Feature"},{"geometry":{"coordinates":[-74.003483,40.616306],"type":"Point"},"id":"1A4FF412-9C9A-48BE-B1EF-7492F26B70A8","properties":{"borough":"Brooklyn","created_date":"2026-09-12T00:05:02.000","inspection_count":0,"latest_inspection_date":null,"latest_work_order_status":null,"latest_work_order_type":null,"max_risk_rating":null,"risk_assessment_count":0,"service_request_id":"1A4FF412-9C9A-48BE-B1EF-7492F26B70A8","source":"Department of Parks and Recreation - Public Web Site","status":"Open","work_order_count":0},"type":"Feature"},{"geometry":{"coordinates":[-73.974177,40.785257],"type":"Point"},"id":"1A61085B-56E4-43B0-A633-36D62B9C4C68","properties":{"borough":"Manhattan","created_date":"2026-09-08T09:50:02.000","inspection_count":0,"latest_inspection_date":null,"latest_work_order_status":null,"latest_work_order_type":null,"max_risk_rating":null,"risk_assessment_count":0,"service_request_id":"1A61085B-56E4-43B0-A633-36D62B9C4C68","source":"Department of Parks and Recreation - Public Web Site","status":"Closed","work_order_count":0},"type":"Feature"},{"geometry":{"coordinates":[-73.974177,40.785257],"type":"Point"},"id":"1A65AACC-E703-4265-AF07-B00E2F04B10B","properties":{"borough":"Manhattan","created_date":"2026-09-07T15:50:02.000","inspection_count":0,"latest_inspection_date":null,"latest_work_order_status":null,"latest_work_order_type":null,"max_risk_rating":null,"risk_assessment_count":0,"service_request_id":"1A65AACC-E703-4265-AF07-B00E2F04B10B","source":"Department of Parks and Recreation - Public Web Site","status":"Closed","work_order_count":0},"type":"Feature"},{"geometry":{"coordinates":[-74.157043,40.536272],"type":"Point"},"id":"1A70C0CB-ADF7-49A2-99AB-F152DAEC0021","properties":{"borough":"Staten Island","created_date":"2026-09-03T19:14:00.000","inspection_count":0,"latest_inspection_date":null,"latest_work_order_status":null,"latest_work_order_type":null,"max_risk_rating":null,"risk_assessment_count":0,"service_request_id":"1A70C0CB-ADF7-49A2-99AB-F152DAEC0021","source":"3-1-1 Call Center","status":"Open","work_order_count":0},"type":"Feature"},{"geometry":{"coordinates":[-73.888062,40.724253],"type":"Point"},"id":"1A70D887-2BDA-4B23-8B52-DCE66C789C7F","properties":{"borough":"Queens","created_date":"2026-09-13T20:12:00.000","inspection_count":0,"latest_inspection_date":null,"latest_work_order_status":null,"latest_work_order_type":null,"max_risk_rating":null,"risk_assessment_count":0,"service_request_id":"1A70D887-2BDA-4B23-8B52-DCE66C789C7F","source":"3-1-1 Call Center","status":"Open","work_order_count":0},"type":"Feature"},{"geometry":{"coordinates":[-74.123392,40.583458],"type":"Point"},"id":"1A834B44-2324-467F-9F1D-483D5FAB89E3","properties":{"borough":"Staten Island","created_date":"2026-09-23T22:13:00.000","inspection_count":0,"latest_inspection_date":null,"latest_work_order_status":null,"latest_work_order_type":null,"max_risk_rating":null,"risk_assessment_count":0,"service_request_id":"1A834B44-2324-467F-9F1D-483D5FAB89E3","source":"3-1-1 Call Center","status":"Open","work_order_count":0},"type":"Feature"},{"geometry":{"coordinates":[-73.977179,40.592909],"type":"Point"},"id":"1A87523C-F644-43D0-B4B0-D15FCA670D42","properties":{"borough":"Brooklyn","created_date":"2026-09-13T18:31:07.000","inspection_count":0,"latest_inspection_date":null,"latest_work_order_status":null,"latest_work_order_type":null,"max_risk_rating":null,"risk_assessment_count":0,"service_request_id":"1A87523C-F644-43D0-B4B0-D15FCA670D42","source":"3-1-1 Call Center","status":"Closed","work_order_count":0},"type":"Feature"},{"geometry":{"coordinates":[-73.959152,40.660805],"type":"Point"},"id":"1A8D5B33-38AB-47E4-9520-81855C6C5DF2","properties":{"borough":"Brooklyn","created_date":"2026-09-25T19:09:47.000","inspection_count":0,"latest_inspection_date":null,"latest_work_order_status":null,"latest_work_order_type":null,"max_risk_rating":null,"risk_assessment_count":0,"service_request_id":"1A8D5B33-38AB-47E4-9520-81855C6C5DF2","source":"3-1-1 Call Center","status":"Closed","work_order_count":0},"type":"Feature"},{"geometry":{"coordinates":[-74.18997,40.529207],"type":"Point"},"id":"1AA69272-0269-42FB-8C9E-BED23CAD746E","properties":{"borough":"Staten Island","created_date":"2026-09-22T14:24:00.000","inspection_count":0,"latest_inspection_date":null,"latest_work_order_status":null,"latest_work_order_type":null,"max_risk_rating":null,"risk_assessment_count":0,"service_request_id":"1AA69272-0269-42FB-8C9E-BED23CAD746E","source":"3-1-1 Call Center","status":"Open","work_order_count":0},"type":"Feature"},{"geometry":{"coordinates":[-73.8568,40.704266],"type":"Point"},"id":"1AC17A95-204F-41E6-8DD8-44EAA17AF1C9","properties":{"borough":"Queens","created_date":"2026-09-13T15:58:00.000","inspection_count":0,"latest_inspection_date":null,"latest_work_order_status":null,"latest_work_order_type":null,"max_risk_rating":null,"risk_assessment_count":0,"service_request_id":"1AC17A95-204F-41E6-8DD8-44EAA17AF1C9","source":"3-1-1 Call Center","status":"Closed","work_order_count":0},"type":"Feature"},{"geometry":{"coordinates":[-73.928888,40.608853],"type":"Point"},"id":"1ACA86AC-A008-4538-A730-E9A99D845459","properties":{"borough":"Brooklyn","created_date":"2026-09-22T17:40:00.000","inspection_count":0,"latest_inspection_date":null,"latest_work_order_status":null,"latest_work_order_type":null,"max_risk_rating":null,"risk_assessment_count":0,"service_request_id":"1ACA86AC-A008-4538-A730-E9A99D845459","source":"3-1-1 Call Center","status":"Open","work_order_count":0},"type":"Feature"},{"geometry":{"coordinates":[-73.853548,40.710485],"type":"Point"},"id":"1AFBAD68-C88F-42FB-9085-49D335CD4F34","properties":{"borough":"Queens","created_date":"2026-09-04T15:58:20.000","inspection_count":0,"latest_inspection_date":null,"latest_work_order_status":null,"latest_work_order_type":null,"max_risk_rating":null,"risk_assessment_count":0,"service_request_id":"1AFBAD68-C88F-42FB-9085-49D335CD4F34","source":"Department of Parks and Recreation - Public Web Site","status":"Open","work_order_count":0},"type":"Feature"},{"geometry":{"coordinates":[-73.96532,40.637465],"type":"Point"},"id":"1B0C0205-553B-48F8-A253-264FD8FCC4B7","properties":{"borough":"Brooklyn","created_date":"2026-09-20T15:37:54.000","inspection_count":0,"latest_inspection_date":null,"latest_work_order_status":null,"latest_work_order_type":null,"max_risk_rating":null,"risk_assessment_count":0,"service_request_id":"1B0C0205-553B-48F8-A253-264FD8FCC4B7","source":"Department of Parks and Recreation - Public Web Site","status":"Open","work_order_count":0},"type":"Feature"},{"geometry":{"coordinates":[-73.995903,40.634438],"type":"Point"},"id":"1B10342D-AFF5-477B-B01C-E69FFB515F8F","properties":{"borough":"Brooklyn","created_date":"2026-09-06T14:08:00.000","inspection_count":0,"latest_inspection_date":null,"latest_work_order_status":null,"latest_work_order_type":null,"max_risk_rating":null,"risk_assessment_count":0,"service_request_id":"1B10342D-AFF5-477B-B01C-E69FFB515F8F","source":"3-1-1 Call Center","status":"Open","work_order_count":0},"type":"Feature"},{"geometry":{"coordinates":[-73.882359,40.72162],"type":"Point"},"id":"1B10D411-68EF-44A0-8DB3-DE19C2D4CAEA","properties":{"borough":"Queens","created_date":"2026-09-16T12:23:00.000","inspection_count":0,"latest_inspection_date":null,"latest_work_order_status":null,"latest_work_order_type":null,"max_risk_rating":null,"risk_assessment_count":0,"service_request_id":"1B10D411-68EF-44A0-8DB3-DE19C2D4CAEA","source":"3-1-1 Call Center","status":"Open","work_order_count":0},"type":"Feature"},{"geometry":{"coordinates":[-73.834415,40.709517],"type":"Point"},"id":"1B1DC5D7-0761-4B8C-A544-2630DD530570","properties":{"borough":"Queens","created_date":"2026-09-12T19:46:00.000","inspection_count":1,"latest_inspection_date":"2026-09-14T04:00:00.000","latest_work_order_status":"Closed","latest_work_order_type":"Prune-Traffic 10 Day","max_risk_rating":"6.0","risk_assessment_count":1,"service_request_id":"1B1DC5D7-0761-4B8C-A544-2630DD530570","source":"3-1-1 Call Center","status":"Closed","work_order_count":1},"type":"Feature"},{"geometry":{"coordinates":[-73.974177,40.785257],"type":"Point"},"id":"1B27F6EF-AB35-4E3A-91A7-06BB136718FD","properties":{"borough":"Manhattan","created_date":"2026-09-09T05:10:02.000","inspection_count":0,"latest_inspection_date":null,"latest_work_order_status":null,"latest_work_order_type":null,"max_risk_rating":null,"risk_assessment_count":0,"service_request_id":"1B27F6EF-AB35-4E3A-91A7-06BB136718FD","source":"Department of Parks and Recreation - Public Web Site","status":"Closed","work_order_count":0},"type":"Feature"},{"geometry":{"coordinates":[-73.92261,40.683645],"type":"Point"},"id":"1B372F77-A2A1-4F75-98E2-A4243D43CDC3","properties":{"borough":"Brooklyn","created_date":"2026-09-22T19:49:12.000","inspection_count":0,"latest_inspection_date":null,"latest_work_order_status":null,"latest_work_order_type":null,"max_risk_rating":null,"risk_assessment_count":0,"service_request_id":"1B372F77-A2A1-4F75-98E2-A4243D43CDC3","source":"3-1-1 Call Center","status":"Open","work_order_count":0},"type":"Feature"},{"geometry":{"coordinates":[-73.798907,40.737207],"type":"Point"},"id":"1B3A7BCB-40F5-47DA-B2DF-C86663D9A987","properties":{"borough":"Queens","created_date":"2026-09-03T15:39:11.000","inspection_count":0,"latest_inspection_date":null,"latest_work_order_status":null,"latest_work_order_type":null,"max_risk_rating":null,"risk_assessment_count":0,"service_request_id":"1B3A7BCB-40F5-47DA-B2DF-C86663D9A987","source":"Department of Parks and Recreation - Public Web Site","status":"Open","work_order_count":0},"type":"Feature"},{"geometry":{"coordinates":[-73.899647,40.67584],"type":"Point"},"id":"1B3DAD18-57EB-4117-A9AB-D816DD453E1F","properties":{"borough":"Brooklyn","created_date":"2026-09-25T09:42:12.000","inspection_count":0,"latest_inspection_date":null,"latest_work_order_status":null,"latest_work_order_type":null,"max_risk_rating":null,"risk_assessment_count":0,"service_request_id":"1B3DAD18-57EB-4117-A9AB-D816DD453E1F","source":"Department of Parks and Recreation - Public Web Site","status":"Open","work_order_count":0},"type":"Feature"},{"geometry":{"coordinates":[-73.939835,40.754237],"type":"Point"},"id":"1B3DF9A2-2434-4C4D-A359-1802578F4F2F","properties":{"borough":"Queens","created_date":"2026-09-21T14:54:00.000","inspection_count":0,"latest_inspection_date":null,"latest_work_order_status":null,"latest_work_order_type":null,"max_risk_rating":null,"risk_assessment_count":0,"service_request_id":"1B3DF9A2-2434-4C4D-A359-1802578F4F2F","source":"3-1-1 Call Center","status":"Open","work_order_count":0},"type":"Feature"},{"geometry":{"coordinates":[-73.984582,40.625129],"type":"Point"},"id":"1B4943CD-FF27-4DBE-A8F0-32AE00AEA2F2","properties":{"borough":"Brooklyn","created_date":"2026-09-16T13:09:43.000","inspection_count":0,"latest_inspection_date":null,"latest_work_order_status":null,"latest_work_order_type":null,"max_risk_rating":null,"risk_assessment_count":0,"service_request_id":"1B4943CD-FF27-4DBE-A8F0-32AE00AEA2F2","source":"Department of Parks and Recreation - Public Web Site","status":"Open","work_order_count":0},"type":"Feature"},{"geometry":{"coordinates":[-73.974177,40.785257],"type":"Point"},"id":"1B49A5DB-28B1-461E-A653-C8B61B795286","properties":{"borough":"Manhattan","created_date":"2026-09-09T01:10:02.000","inspection_count":0,"latest_inspection_date":null,"latest_work_order_status":null,"latest_work_order_type":null,"max_risk_rating":null,"risk_assessment_count":0,"service_request_id":"1B49A5DB-28B1-461E-A653-C8B61B795286","source":"Department of Parks and Recreation - Public Web Site","status":"Closed","work_order_count":0},"type":"Feature"},{"geometry":{"coordinates":[-74.136251,40.599169],"type":"Point"},"id":"1B63CE46-CF0D-4B0F-A28D-D506B458437E","properties":{"borough":"Staten Island","created_date":"2026-09-08T14:38:05.000","inspection_count":0,"latest_inspection_date":null,"latest_work_order_status":null,"latest_work_order_type":null,"max_risk_rating":null,"risk_assessment_count":0,"service_request_id":"1B63CE46-CF0D-4B0F-A28D-D506B458437E","source":"Department of Parks and Recreation - Public Web Site","status":"Open","work_order_count":0},"type":"Feature"},{"geometry":{"coordinates":[-73.974177,40.785257],"type":"Point"},"id":"1B68C55E-9516-470E-BD1E-1521AD5A0DCB","properties":{"borough":"Manhattan","created_date":"2026-09-07T21:50:02.000","inspection_count":0,"latest_inspection_date":null,"latest_work_order_status":null,"latest_work_order_type":null,"max_risk_rating":null,"risk_assessment_count":0,"service_request_id":"1B68C55E-9516-470E-BD1E-1521AD5A0DCB","source":"Department of Parks and Recreation - Public Web Site","status":"Closed","work_order_count":0},"type":"Feature"},{"geometry":{"coordinates":[-73.974177,40.785257],"type":"Point"},"id":"1B757C61-033A-44C5-BDC0-6ACCFB1D7CF8","properties":{"borough":"Manhattan","created_date":"2026-09-08T02:45:02.000","inspection_count":0,"latest_inspection_date":null,"latest_work_order_status":null,"latest_work_order_type":null,"max_risk_rating":null,"risk_assessment_count":0,"service_request_id":"1B757C61-033A-44C5-BDC0-6ACCFB1D7CF8","source":"Department of Parks and Recreation - Public Web Site","status":"Closed","work_order_count":0},"type":"Feature"},{"geometry":{"coordinates":[-73.870299,40.747224],"type":"Point"},"id":"1B7965A5-E9EF-4FEC-AC63-4CDD50CAC9E7","properties":{"borough":"Queens","created_date":"2026-09-01T15:36:00.000","inspection_count":1,"latest_inspection_date":"2026-09-11T13:43:42.000","latest_work_order_status":null,"latest_work_order_type":null,"max_risk_rating":"9.0","risk_assessment_count":1,"service_request_id":"1B7965A5-E9EF-4FEC-AC63-4CDD50CAC9E7","source":"3-1-1 Call Center","status":"Open","work_order_count":0},"type":"Feature"},{"geometry":{"coordinates":[-73.916203,40.832713],"type":"Point"},"id":"1B9A4399-95BA-4F8D-AD4A-DFA2D5A69D2C","properties":{"borough":"Bronx","created_date":"2026-09-02T02:59:59.000","inspection_count":0,"latest_inspection_date":null,"latest_work_order_status":null,"latest_work_order_type":null,"max_risk_rating":null,"risk_assessment_count":0,"service_request_id":"1B9A4399-95BA-4F8D-AD4A-DFA2D5A69D2C","source":"3-1-1 Call Center","status":"Closed","work_order_count":0},"type":"Feature"},{"geometry":{"coordinates":[-74.003483,40.616306],"type":"Point"},"id":"1BAB6802-42C1-4655-B80F-BDA94712BF0A","properties":{"borough":"Brooklyn","created_date":"2026-09-12T00:55:02.000","inspection_count":0,"latest_inspection_date":null,"latest_work_order_status":null,"latest_work_order_type":null,"max_risk_rating":null,"risk_assessment_count":0,"service_request_id":"1BAB6802-42C1-4655-B80F-BDA94712BF0A","source":"Department of Parks and Recreation - Public Web Site","status":"Open","work_order_count":0},"type":"Feature"},{"geometry":{"coordinates":[-73.944814,40.603976],"type":"Point"},"id":"1BAD33DF-49E5-492B-B3BB-50FF22BE2D96","properties":{"borough":"Brooklyn","created_date":"2026-09-20T18:38:52.000","inspection_count":0,"latest_inspection_date":null,"latest_work_order_status":null,"latest_work_order_type":null,"max_risk_rating":null,"risk_assessment_count":0,"service_request_id":"1BAD33DF-49E5-492B-B3BB-50FF22BE2D96","source":"Department of Parks and Recreation - Public Web Site","status":"Open","work_order_count":0},"type":"Feature"},{"geometry":{"coordinates":[-74.003483,40.616306],"type":"Point"},"id":"1BB56765-4E52-4C9A-8D33-FC798D3444BC","properties":{"borough":"Brooklyn","created_date":"2026-09-12T23:00:02.000","inspection_count":0,"latest_inspection_date":null,"latest_work_order_status":null,"latest_work_order_type":null,"max_risk_rating":null,"risk_assessment_count":0,"service_request_id":"1BB56765-4E52-4C9A-8D33-FC798D3444BC","source":"Department of Parks and Recreation - Public Web Site","status":"Open","work_order_count":0},"type":"Feature"},{"geometry":{"coordinates":[-73.965363,40.632308],"type":"Point"},"id":"1BB7F802-B9FD-4AEA-8AA7-B4D600914CD2","properties":{"borough":"Brooklyn","created_date":"2026-09-14T17:53:46.000","inspection_count":0,"latest_inspection_date":null,"latest_work_order_status":null,"latest_work_order_type":null,"max_risk_rating":null,"risk_assessment_count":0,"service_request_id":"1BB7F802-B9FD-4AEA-8AA7-B4D600914CD2","source":"3-1-1 Call Center","status":"Open","work_order_count":0},"type":"Feature"},{"geometry":{"coordinates":[-73.913888,40.689661],"type":"Point"},"id":"1BB9A129-DA35-4BF1-8904-82E3EFCAECE8","properties":{"borough":"Brooklyn","created_date":"2026-09-02T13:20:00.000","inspection_count":0,"latest_inspection_date":null,"latest_work_order_status":null,"latest_work_order_type":null,"max_risk_rating":null,"risk_assessment_count":0,"service_request_id":"1BB9A129-DA35-4BF1-8904-82E3EFCAECE8","source":"3-1-1 Call Center","status":"Open","work_order_count":0},"type":"Feature"},{"geometry":{"coordinates":[-73.909824,40.612071],"type":"Point"},"id":"1BBF73A5-DA05-42FE-BDE9-7F7849CE3433","properties":{"borough":"Brooklyn","created_date":"2026-09-11T00:15:16.000","inspection_count":0,"latest_inspection_date":null,"latest_work_order_status":null,"latest_work_order_type":null,"max_risk_rating":null,"risk_assessment_count":0,"service_request_id":"1BBF73A5-DA05-42FE-BDE9-7F7849CE3433","source":"3-1-1 Call Center","status":"Open","work_order_count":0},"type":"Feature"},{"geometry":{"coordinates":[-74.003483,40.616306],"type":"Point"},"id":"1BBF865D-6CC7-40F6-A6CB-64B8288BB9C3","properties":{"borough":"Brooklyn","created_date":"2026-09-11T19:00:02.000","inspection_count":0,"latest_inspection_date":null,"latest_work_order_status":null,"latest_work_order_type":null,"max_risk_rating":null,"risk_assessment_count":0,"service_request_id":"1BBF865D-6CC7-40F6-A6CB-64B8288BB9C3","source":"Department of Parks and Recreation - Public Web Site","status":"Open","work_order_count":0},"type":"Feature"},{"geometry":{"coordinates":[-74.003483,40.616306],"type":"Point"},"id":"1BD5C23B-E197-462B-8E61-A9788578392C","properties":{"borough":"Brooklyn","created_date":"2026-09-12T06:30:02.000","inspection_count":0,"latest_inspection_date":null,"latest_work_order_status":null,"latest_work_order_type":null,"max_risk_rating":null,"risk_assessment_count":0,"service_request_id":"1BD5C23B-E197-462B-8E61-A9788578392C","source":"Department of Parks and Recreation - Public Web Site","status":"Open","work_order_count":0},"type":"Feature"},{"geometry":{"coordinates":[-73.974177,40.785257],"type":"Point"},"id":"1BE28511-82C0-438E-AA0D-0BCB2F793D4C","properties":{"borough":"Manhattan","created_date":"2026-09-09T08:40:02.000","inspection_count":0,"latest_inspection_date":null,"latest_work_order_status":null,"latest_work_order_type":null,"max_risk_rating":null,"risk_assessment_count":0,"service_request_id":"1BE28511-82C0-438E-AA0D-0BCB2F793D4C","source":"Department of Parks and Recreation - Public Web Site","status":"Closed","work_order_count":0},"type":"Feature"},{"geometry":{"coordinates":[-73.791129,40.749487],"type":"Point"},"id":"1BE7010F-02DD-44F9-BAE3-65D5668C4FDD","properties":{"borough":"Queens","created_date":"2026-09-10T15:53:00.000","inspection_count":0,"latest_inspection_date":null,"latest_work_order_status":null,"latest_work_order_type":null,"max_risk_rating":null,"risk_assessment_count":0,"service_request_id":"1BE7010F-02DD-44F9-BAE3-65D5668C4FDD","source":"3-1-1 Call Center","status":"Open","work_order_count":0},"type":"Feature"},{"geometry":{"coordinates":[-73.974177,40.785257],"type":"Point"},"id":"1BE7AC08-9754-437D-93A0-A70677DE333B","properties":{"borough":"Manhattan","created_date":"2026-09-08T16:50:02.000","inspection_count":0,"latest_inspection_date":null,"latest_work_order_status":null,"latest_work_order_type":null,"max_risk_rating":null,"risk_assessment_count":0,"service_request_id":"1BE7AC08-9754-437D-93A0-A70677DE333B","source":"Department of Parks and Recreation - Public Web Site","status":"Closed","work_order_count":0},"type":"Feature"},{"geometry":{"coordinates":[-73.742258,40.657803],"type":"Point"},"id":"1C0B378F-43E2-4300-B26C-A2E714A6FFC2","properties":{"borough":"Queens","created_date":"2026-09-25T14:55:00.000","inspection_count":0,"latest_inspection_date":null,"latest_work_order_status":null,"latest_work_order_type":null,"max_risk_rating":null,"risk_assessment_count":0,"service_request_id":"1C0B378F-43E2-4300-B26C-A2E714A6FFC2","source":"3-1-1 Call Center","status":"Open","work_order_count":0},"type":"Feature"},{"geometry":{"coordinates":[-74.003483,40.616306],"type":"Point"},"id":"1C0F8254-9BC9-47AE-897C-E898E4407318","properties":{"borough":"Brooklyn","created_date":"2026-09-12T10:00:03.000","inspection_count":0,"latest_inspection_date":null,"latest_work_order_status":null,"latest_work_order_type":null,"max_risk_rating":null,"risk_assessment_count":0,"service_request_id":"1C0F8254-9BC9-47AE-897C-E898E4407318","source":"Department of Parks and Recreation - Public Web Site","status":"Open","work_order_count":0},"type":"Feature"},{"geometry":{"coordinates":[-73.970021,40.600966],"type":"Point"},"id":"1C139B1D-90CB-4EF7-A3C5-9578825B9A9A","properties":{"borough":"Brooklyn","created_date":"2026-09-24T17:36:00.000","inspection_count":0,"latest_inspection_date":null,"latest_work_order_status":null,"latest_work_order_type":null,"max_risk_rating":null,"risk_assessment_count":0,"service_request_id":"1C139B1D-90CB-4EF7-A3C5-9578825B9A9A","source":"3-1-1 Call Center","status":"Open","work_order_count":0},"type":"Feature"},{"geometry":{"coordinates":[-73.966484,40.803705],"type":"Point"},"id":"1C186442-608D-4BBA-BF45-0633121D4EE5","properties":{"borough":"Manhattan","created_date":"2026-09-23T00:20:25.000","inspection_count":0,"latest_inspection_date":null,"latest_work_order_status":null,"latest_work_order_type":null,"max_risk_rating":null,"risk_assessment_count":0,"service_request_id":"1C186442-608D-4BBA-BF45-0633121D4EE5","source":"Department of Parks and Recreation - Public Web Site","status":"Open","work_order_count":0},"type":"Feature"},{"geometry":{"coordinates":[-73.868587,40.674675],"type":"Point"},"id":"1C37D4AD-F117-4DB7-BC2D-D839C43BA301","properties":{"borough":"Brooklyn","created_date":"2026-09-24T23:03:00.000","inspection_count":0,"latest_inspection_date":null,"latest_work_order_status":null,"latest_work_order_type":null,"max_risk_rating":null,"risk_assessment_count":0,"service_request_id":"1C37D4AD-F117-4DB7-BC2D-D839C43BA301","source":"Department of Parks and Recreation - Public Web Site","status":"Open","work_order_count":0},"type":"Feature"},{"geometry":{"coordinates":[-73.974177,40.785257],"type":"Point"},"id":"1C4AE4DA-453C-4CB3-B006-5CC56DDCB538","properties":{"borough":"Manhattan","created_date":"2026-09-09T07:25:02.000","inspection_count":0,"latest_inspection_date":null,"latest_work_order_status":null,"latest_work_order_type":null,"max_risk_rating":null,"risk_assessment_count":0,"service_request_id":"1C4AE4DA-453C-4CB3-B006-5CC56DDCB538","source":"Department of Parks and Recreation - Public Web Site","status":"Closed","work_order_count":0},"type":"Feature"},{"geometry":{"coordinates":[-73.905135,40.756151],"type":"Point"},"id":"1C4DEFCC-3AB8-4442-A94F-D29A0B18F298","properties":{"borough":"Queens","created_date":"2026-09-21T18:29:00.000","inspection_count":0,"latest_inspection_date":null,"latest_work_order_status":null,"latest_work_order_type":null,"max_risk_rating":null,"risk_assessment_count":0,"service_request_id":"1C4DEFCC-3AB8-4442-A94F-D29A0B18F298","source":"3-1-1 Call Center","status":"Open","work_order_count":0},"type":"Feature"},{"geometry":{"coordinates":[-73.733942,40.725023],"type":"Point"},"id":"1C56D8C4-34CD-41F8-A48D-CD28E62B57E9","properties":{"borough":"Queens","created_date":"2026-09-02T12:09:00.000","inspection_count":0,"latest_inspection_date":null,"latest_work_order_status":null,"latest_work_order_type":null,"max_risk_rating":null,"risk_assessment_count":0,"service_request_id":"1C56D8C4-34CD-41F8-A48D-CD28E62B57E9","source":"3-1-1 Call Center","status":"Open","work_order_count":0},"type":"Feature"},{"geometry":{"coordinates":[-73.996661,40.614491],"type":"Point"},"id":"1C628F3E-B632-42A9-BA07-13F0A333C7C9","properties":{"borough":"Brooklyn","created_date":"2026-09-14T15:44:16.000","inspection_count":0,"latest_inspection_date":null,"latest_work_order_status":null,"latest_work_order_type":null,"max_risk_rating":null,"risk_assessment_count":0,"service_request_id":"1C628F3E-B632-42A9-BA07-13F0A333C7C9","source":"Department of Parks and Recreation - Public Web Site","status":"Open","work_order_count":0},"type":"Feature"},{"geometry":{"coordinates":[-73.994565,40.702431],"type":"Point"},"id":"1C75B6C5-79EB-45AE-A0E1-60C2F99E273D","properties":{"borough":"Brooklyn","created_date":"2026-09-07T16:39:48.000","inspection_count":0,"latest_inspection_date":null,"latest_work_order_status":null,"latest_work_order_type":null,"max_risk_rating":null,"risk_assessment_count":0,"service_request_id":"1C75B6C5-79EB-45AE-A0E1-60C2F99E273D","source":"3-1-1 Call Center","status":"Open","work_order_count":0},"type":"Feature"},{"geometry":{"coordinates":[-73.830493,40.68177],"type":"Point"},"id":"1C76F61F-7F13-40F8-B1CD-5C9E60D6EEED","properties":{"borough":"Queens","created_date":"2026-09-02T11:00:00.000","inspection_count":0,"latest_inspection_date":null,"latest_work_order_status":null,"latest_work_order_type":null,"max_risk_rating":null,"risk_assessment_count":0,"service_request_id":"1C76F61F-7F13-40F8-B1CD-5C9E60D6EEED","source":"3-1-1 Call Center","status":"Open","work_order_count":0},"type":"Feature"},{"geometry":{"coordinates":[-73.791298,40.730988],"type":"Point"},"id":"1CA4B124-9CE9-4BDB-A9D9-12AD2C4C3216","properties":{"borough":"Queens","created_date":"2026-09-14T17:14:00.000","inspection_count":0,"latest_inspection_date":null,"latest_work_order_status":null,"latest_work_order_type":null,"max_risk_rating":null,"risk_assessment_count":0,"service_request_id":"1CA4B124-9CE9-4BDB-A9D9-12AD2C4C3216","source":"3-1-1 Call Center","status":"Open","work_order_count":0},"type":"Feature"},{"geometry":{"coordinates":[-74.125285,40.631394],"type":"Point"},"id":"1CB407A5-E0CE-42EE-91E6-885290A78333","properties":{"borough":"Staten Island","created_date":"2026-09-11T01:45:05.000","inspection_count":0,"latest_inspection_date":null,"latest_work_order_status":null,"latest_work_order_type":null,"max_risk_rating":null,"risk_assessment_count":0,"service_request_id":"1CB407A5-E0CE-42EE-91E6-885290A78333","source":"3-1-1 Call Center","status":"Closed","work_order_count":0},"type":"Feature"},{"geometry":{"coordinates":[-73.841617,40.657012],"type":"Point"},"id":"1CC63F7E-E34A-4B0A-8243-596B115BE9B2","properties":{"borough":"Queens","created_date":"2026-09-22T15:46:00.000","inspection_count":0,"latest_inspection_date":null,"latest_work_order_status":null,"latest_work_order_type":null,"max_risk_rating":null,"risk_assessment_count":0,"service_request_id":"1CC63F7E-E34A-4B0A-8243-596B115BE9B2","source":"3-1-1 Call Center","status":"Open","work_order_count":0},"type":"Feature"},{"geometry":{"coordinates":[-73.837511,40.700239],"type":"Point"},"id":"1CDCE831-4F1F-450E-973A-2D9C94869D2E","properties":{"borough":"Queens","created_date":"2026-09-08T20:04:00.000","inspection_count":0,"latest_inspection_date":null,"latest_work_order_status":null,"latest_work_order_type":null,"max_risk_rating":null,"risk_assessment_count":0,"service_request_id":"1CDCE831-4F1F-450E-973A-2D9C94869D2E","source":"3-1-1 Call Center","status":"Open","work_order_count":0},"type":"Feature"},{"geometry":{"coordinates":[-73.715628,40.744682],"type":"Point"},"id":"1CE34502-6984-4BE1-B286-ADD80276985B","properties":{"borough":"Queens","created_date":"2026-09-23T14:04:00.000","inspection_count":0,"latest_inspection_date":null,"latest_work_order_status":null,"latest_work_order_type":null,"max_risk_rating":null,"risk_assessment_count":0,"service_request_id":"1CE34502-6984-4BE1-B286-ADD80276985B","source":"3-1-1 Call Center","status":"Open","work_order_count":0},"type":"Feature"},{"geometry":{"coordinates":[-73.833472,40.892029],"type":"Point"},"id":"1CF0A72E-D42D-4BE0-84BD-3412D7B7997F","properties":{"borough":"Bronx","created_date":"2026-09-21T17:54:00.000","inspection_count":0,"latest_inspection_date":null,"latest_work_order_status":null,"latest_work_order_type":null,"max_risk_rating":null,"risk_assessment_count":0,"service_request_id":"1CF0A72E-D42D-4BE0-84BD-3412D7B7997F","source":"Department of Parks and Recreation - Public Web Site","status":"Open","work_order_count":0},"type":"Feature"},{"geometry":{"coordinates":[-73.907826,40.874868],"type":"Point"},"id":"1CFDA9B1-20E5-4A45-AA5C-D453B7A5BCF8","properties":{"borough":"Manhattan","created_date":"2026-09-20T21:06:00.000","inspection_count":0,"latest_inspection_date":null,"latest_work_order_status":null,"latest_work_order_type":null,"max_risk_rating":null,"risk_assessment_count":0,"service_request_id":"1CFDA9B1-20E5-4A45-AA5C-D453B7A5BCF8","source":"3-1-1 Call Center","status":"Closed","work_order_count":0},"type":"Feature"},{"geometry":{"coordinates":[-73.953966,40.685641],"type":"Point"},"id":"1D074F51-A680-41FB-8E82-3BC46F11A528","properties":{"borough":"Brooklyn","created_date":"2026-09-22T13:02:00.000","inspection_count":0,"latest_inspection_date":null,"latest_work_order_status":null,"latest_work_order_type":null,"max_risk_rating":null,"risk_assessment_count":0,"service_request_id":"1D074F51-A680-41FB-8E82-3BC46F11A528","source":"3-1-1 Call Center","status":"Open","work_order_count":0},"type":"Feature"},{"geometry":{"coordinates":[-73.974177,40.785257],"type":"Point"},"id":"1D08853B-E750-474F-BE4A-E52C223E380C","properties":{"borough":"Manhattan","created_date":"2026-09-07T19:10:02.000","inspection_count":0,"latest_inspection_date":null,"latest_work_order_status":null,"latest_work_order_type":null,"max_risk_rating":null,"risk_assessment_count":0,"service_request_id":"1D08853B-E750-474F-BE4A-E52C223E380C","source":"Department of Parks and Recreation - Public Web Site","status":"Closed","work_order_count":0},"type":"Feature"},{"geometry":{"coordinates":[-74.242043,40.504065],"type":"Point"},"id":"1D1EB776-6FBD-448F-A7B0-59C1D32B73C8","properties":{"borough":"Staten Island","created_date":"2026-09-20T18:35:00.000","inspection_count":0,"latest_inspection_date":null,"latest_work_order_status":null,"latest_work_order_type":null,"max_risk_rating":null,"risk_assessment_count":0,"service_request_id":"1D1EB776-6FBD-448F-A7B0-59C1D32B73C8","source":"3-1-1 Call Center","status":"Closed","work_order_count":0},"type":"Feature"},{"geometry":{"coordinates":[-73.958535,40.765808],"type":"Point"},"id":"1D281870-F9A8-42DF-B01D-478710738EF9","properties":{"borough":"Manhattan","created_date":"2026-09-17T22:14:00.000","inspection_count":0,"latest_inspection_date":null,"latest_work_order_status":null,"latest_work_order_type":null,"max_risk_rating":null,"risk_assessment_count":0,"service_request_id":"1D281870-F9A8-42DF-B01D-478710738EF9","source":"3-1-1 Call Center","status":"Open","work_order_count":0},"type":"Feature"},{"geometry":{"coordinates":[-74.102619,40.583756],"type":"Point"},"id":"1D29A206-A834-400B-A4F8-9329BA6104CF","properties":{"borough":"Staten Island","created_date":"2026-09-02T18:39:00.000","inspection_count":0,"latest_inspection_date":null,"latest_work_order_status":null,"latest_work_order_type":null,"max_risk_rating":null,"risk_assessment_count":0,"service_request_id":"1D29A206-A834-400B-A4F8-9329BA6104CF","source":"3-1-1 Call Center","status":"Open","work_order_count":0},"type":"Feature"},{"geometry":{"coordinates":[-74.17879,40.53879],"type":"Point"},"id":"1D2A43E5-1D57-431C-8147-B04BE92D5A62","properties":{"borough":"Staten Island","created_date":"2026-09-17T17:15:00.000","inspection_count":0,"latest_inspection_date":null,"latest_work_order_status":null,"latest_work_order_type":null,"max_risk_rating":null,"risk_assessment_count":0,"service_request_id":"1D2A43E5-1D57-431C-8147-B04BE92D5A62","source":"Department of Parks and Recreation - Public Web Site","status":"Open","work_order_count":0},"type":"Feature"},{"geometry":{"coordinates":[-73.943354,40.686067],"type":"Point"},"id":"1D44E3BF-079C-4CBB-A89C-1A2BB46A7BDD","properties":{"borough":"Brooklyn","created_date":"2026-09-01T10:01:54.000","inspection_count":0,"latest_inspection_date":null,"latest_work_order_status":null,"latest_work_order_type":null,"max_risk_rating":null,"risk_assessment_count":0,"service_request_id":"1D44E3BF-079C-4CBB-A89C-1A2BB46A7BDD","source":"Department of Parks and Recreation - Public Web Site","status":"Open","work_order_count":0},"type":"Feature"},{"geometry":{"coordinates":[-74.018994,40.631719],"type":"Point"},"id":"1D46F37D-9B6F-418D-A556-736A0639996E","properties":{"borough":"Brooklyn","created_date":"2026-09-12T23:37:19.000","inspection_count":0,"latest_inspection_date":null,"latest_work_order_status":null,"latest_work_order_type":null,"max_risk_rating":null,"risk_assessment_count":0,"service_request_id":"1D46F37D-9B6F-418D-A556-736A0639996E","source":"3-1-1 Call Center","status":"Open","work_order_count":0},"type":"Feature"},{"geometry":{"coordinates":[-73.974177,40.785257],"type":"Point"},"id":"1D540AD7-AE17-438B-AB6A-963D138DD142","properties":{"borough":"Manhattan","created_date":"2026-09-07T08:55:02.000","inspection_count":0,"latest_inspection_date":null,"latest_work_order_status":null,"latest_work_order_type":null,"max_risk_rating":null,"risk_assessment_count":0,"service_request_id":"1D540AD7-AE17-438B-AB6A-963D138DD142","source":"Department of Parks and Recreation - Public Web Site","status":"Closed","work_order_count":0},"type":"Feature"},{"geometry":{"coordinates":[-74.154265,40.587181],"type":"Point"},"id":"1D5617A1-056F-4E8B-894F-1BB6AA4807A7","properties":{"borough":"Staten Island","created_date":"2026-09-08T21:30:00.000","inspection_count":0,"latest_inspection_date":null,"latest_work_order_status":null,"latest_work_order_type":null,"max_risk_rating":null,"risk_assessment_count":0,"service_request_id":"1D5617A1-056F-4E8B-894F-1BB6AA4807A7","source":"3-1-1 Call Center","status":"Open","work_order_count":0},"type":"Feature"},{"geometry":{"coordinates":[-73.756067,40.658501],"type":"Point"},"id":"1D6879B9-C739-4CEC-91E1-9F91F516D274","properties":{"borough":"Queens","created_date":"2026-09-18T12:43:00.000","inspection_count":0,"latest_inspection_date":null,"latest_work_order_status":null,"latest_work_order_type":null,"max_risk_rating":null,"risk_assessment_count":0,"service_request_id":"1D6879B9-C739-4CEC-91E1-9F91F516D274","source":"3-1-1 Call Center","status":"Open","work_order_count":0},"type":"Feature"},{"geometry":{"coordinates":[-74.003483,40.616306],"type":"Point"},"id":"1D778C5E-B486-4B9E-9B6E-F45F3410592F","properties":{"borough":"Brooklyn","created_date":"2026-09-12T15:50:02.000","inspection_count":0,"latest_inspection_date":null,"latest_work_order_status":null,"latest_work_order_type":null,"max_risk_rating":null,"risk_assessment_count":0,"service_request_id":"1D778C5E-B486-4B9E-9B6E-F45F3410592F","source":"Department of Parks and Recreation - Public Web Site","status":"Open","work_order_count":0},"type":"Feature"},{"geometry":{"coordinates":[-73.974177,40.785257],"type":"Point"},"id":"1D8DF006-B3BD-48F8-A55E-2BD3F1B2D301","properties":{"borough":"Manhattan","created_date":"2026-09-07T21:45:01.000","inspection_count":0,"latest_inspection_date":null,"latest_work_order_status":null,"latest_work_order_type":null,"max_risk_rating":null,"risk_assessment_count":0,"service_request_id":"1D8DF006-B3BD-48F8-A55E-2BD3F1B2D301","source":"Department of Parks and Recreation - Public Web Site","status":"Closed","work_order_count":0},"type":"Feature"},{"geometry":{"coordinates":[-73.931999,40.76862],"type":"Point"},"id":"1D9927CE-1A1C-4CFD-B156-91CD821BCC6E","properties":{"borough":"Queens","created_date":"2026-09-16T01:42:00.000","inspection_count":0,"latest_inspection_date":null,"latest_work_order_status":null,"latest_work_order_type":null,"max_risk_rating":null,"risk_assessment_count":0,"service_request_id":"1D9927CE-1A1C-4CFD-B156-91CD821BCC6E","source":"DPR -Public Tree Map","status":"Open","work_order_count":0},"type":"Feature"},{"geometry":{"coordinates":[-73.741803,40.72334],"type":"Point"},"id":"1DA26B94-D3DB-48D9-A864-980DB794AAC1","properties":{"borough":"Queens","created_date":"2026-09-02T01:01:52.000","inspection_count":0,"latest_inspection_date":null,"latest_work_order_status":null,"latest_work_order_type":null,"max_risk_rating":null,"risk_assessment_count":0,"service_request_id":"1DA26B94-D3DB-48D9-A864-980DB794AAC1","source":"3-1-1 Call Center","status":"Open","work_order_count":0},"type":"Feature"},{"geometry":{"coordinates":[-73.907837,40.770475],"type":"Point"},"id":"1DB14BBF-97F7-4E42-B512-D02E5124EF0A","properties":{"borough":"Queens","created_date":"2026-09-21T12:36:00.000","inspection_count":0,"latest_inspection_date":null,"latest_work_order_status":null,"latest_work_order_type":null,"max_risk_rating":null,"risk_assessment_count":0,"service_request_id":"1DB14BBF-97F7-4E42-B512-D02E5124EF0A","source":"3-1-1 Call Center","status":"Open","work_order_count":0},"type":"Feature"},{"geometry":{"coordinates":[-73.783523,40.718751],"type":"Point"},"id":"1DC4E833-F4E1-41B6-AB58-4EA385854284","properties":{"borough":"Queens","created_date":"2026-09-08T19:44:00.000","inspection_count":0,"latest_inspection_date":null,"latest_work_order_status":null,"latest_work_order_type":null,"max_risk_rating":null,"risk_assessment_count":0,"service_request_id":"1DC4E833-F4E1-41B6-AB58-4EA385854284","source":"3-1-1 Call Center","status":"Open","work_order_count":0},"type":"Feature"},{"geometry":{"coordinates":[-74.13437,40.578604],"type":"Point"},"id":"1DC67F9B-4751-42FE-A6B1-C32014AAA881","properties":{"borough":"Staten Island","created_date":"2026-09-20T15:15:00.000","inspection_count":0,"latest_inspection_date":null,"latest_work_order_status":null,"latest_work_order_type":null,"max_risk_rating":null,"risk_assessment_count":0,"service_request_id":"1DC67F9B-4751-42FE-A6B1-C32014AAA881","source":"3-1-1 Call Center","status":"Closed","work_order_count":0},"type":"Feature"},{"geometry":{"coordinates":[-73.853211,40.714546],"type":"Point"},"id":"1DCB25D1-7240-4A94-8497-3C362767432B","properties":{"borough":"Queens","created_date":"2026-09-07T16:47:00.000","inspection_count":0,"latest_inspection_date":null,"latest_work_order_status":null,"latest_work_order_type":null,"max_risk_rating":null,"risk_assessment_count":0,"service_request_id":"1DCB25D1-7240-4A94-8497-3C362767432B","source":"3-1-1 Call Center","status":"Open","work_order_count":0},"type":"Feature"},{"geometry":{"coordinates":[-73.707918,40.743339],"type":"Point"},"id":"1DDFF811-DF64-4F91-B3D8-B166786BA590","properties":{"borough":"Queens","created_date":"2026-09-09T15:31:00.000","inspection_count":0,"latest_inspection_date":null,"latest_work_order_status":null,"latest_work_order_type":null,"max_risk_rating":null,"risk_assessment_count":0,"service_request_id":"1DDFF811-DF64-4F91-B3D8-B166786BA590","source":"3-1-1 Call Center","status":"Open","work_order_count":0},"type":"Feature"},{"geometry":{"coordinates":[-74.003483,40.616306],"type":"Point"},"id":"1DE98E29-2E75-4BA4-B54E-1F20F0678C6A","properties":{"borough":"Brooklyn","created_date":"2026-09-11T20:00:02.000","inspection_count":0,"latest_inspection_date":null,"latest_work_order_status":null,"latest_work_order_type":null,"max_risk_rating":null,"risk_assessment_count":0,"service_request_id":"1DE98E29-2E75-4BA4-B54E-1F20F0678C6A","source":"Department of Parks and Recreation - Public Web Site","status":"Open","work_order_count":0},"type":"Feature"},{"geometry":{"coordinates":[-73.994304,40.713289],"type":"Point"},"id":"1DEC26F4-C3BC-47AA-BF2C-D09E7557DC13","properties":{"borough":"Manhattan","created_date":"2026-09-13T03:08:00.000","inspection_count":0,"latest_inspection_date":null,"latest_work_order_status":null,"latest_work_order_type":null,"max_risk_rating":null,"risk_assessment_count":0,"service_request_id":"1DEC26F4-C3BC-47AA-BF2C-D09E7557DC13","source":"3-1-1 Call Center","status":"Closed","work_order_count":0},"type":"Feature"},{"geometry":{"coordinates":[-74.003483,40.616306],"type":"Point"},"id":"1DEC980C-790B-49D3-BB8A-B730C69CEEDA","properties":{"borough":"Brooklyn","created_date":"2026-09-12T11:00:02.000","inspection_count":0,"latest_inspection_date":null,"latest_work_order_status":null,"latest_work_order_type":null,"max_risk_rating":null,"risk_assessment_count":0,"service_request_id":"1DEC980C-790B-49D3-BB8A-B730C69CEEDA","source":"Department of Parks and Recreation - Public Web Site","status":"Open","work_order_count":0},"type":"Feature"},{"geometry":{"coordinates":[-73.974177,40.785257],"type":"Point"},"id":"1DECE1E1-FDEA-4673-9311-7F9D2E49A754","properties":{"borough":"Manhattan","created_date":"2026-09-09T11:10:02.000","inspection_count":0,"latest_inspection_date":null,"latest_work_order_status":null,"latest_work_order_type":null,"max_risk_rating":null,"risk_assessment_count":0,"service_request_id":"1DECE1E1-FDEA-4673-9311-7F9D2E49A754","source":"Department of Parks and Recreation - Public Web Site","status":"Closed","work_order_count":0},"type":"Feature"},{"geometry":{"coordinates":[-73.869413,40.718754],"type":"Point"},"id":"1DF66443-39F5-403B-B2C9-205DB8BB76F0","properties":{"borough":"Queens","created_date":"2026-09-14T20:47:00.000","inspection_count":0,"latest_inspection_date":null,"latest_work_order_status":null,"latest_work_order_type":null,"max_risk_rating":null,"risk_assessment_count":0,"service_request_id":"1DF66443-39F5-403B-B2C9-205DB8BB76F0","source":"Department of Parks and Recreation - Public Web Site","status":"Open","work_order_count":0},"type":"Feature"},{"geometry":{"coordinates":[-73.871505,40.703833],"type":"Point"},"id":"1E07E5AE-7E4E-4379-97DC-B13FC1F2845A","properties":{"borough":"Queens","created_date":"2026-09-20T14:05:00.000","inspection_count":0,"latest_inspection_date":null,"latest_work_order_status":null,"latest_work_order_type":null,"max_risk_rating":null,"risk_assessment_count":0,"service_request_id":"1E07E5AE-7E4E-4379-97DC-B13FC1F2845A","source":"Department of Parks and Recreation - Public Web Site","status":"Open","work_order_count":0},"type":"Feature"},{"geometry":{"coordinates":[-73.881087,40.714529],"type":"Point"},"id":"1E0BDEFE-7CF9-4377-B95F-478F5EB88980","properties":{"borough":"Queens","created_date":"2026-09-07T22:29:00.000","inspection_count":0,"latest_inspection_date":null,"latest_work_order_status":null,"latest_work_order_type":null,"max_risk_rating":null,"risk_assessment_count":0,"service_request_id":"1E0BDEFE-7CF9-4377-B95F-478F5EB88980","source":"3-1-1 Call Center","status":"Open","work_order_count":0},"type":"Feature"},{"geometry":{"coordinates":[-73.886961,40.70565],"type":"Point"},"id":"1E16BBB2-0C78-48CE-A20B-8C49CE25FFD8","properties":{"borough":"Queens","created_date":"2026-09-21T20:57:00.000","inspection_count":0,"latest_inspection_date":null,"latest_work_order_status":null,"latest_work_order_type":null,"max_risk_rating":null,"risk_assessment_count":0,"service_request_id":"1E16BBB2-0C78-48CE-A20B-8C49CE25FFD8","source":"3-1-1 Call Center","status":"Open","work_order_count":0},"type":"Feature"},{"geometry":{"coordinates":[-73.893347,40.769757],"type":"Point"},"id":"1E312E23-5D89-43F3-BA0B-232C066840C2","properties":{"borough":"Queens","created_date":"2026-09-23T17:56:00.000","inspection_count":0,"latest_inspection_date":null,"latest_work_order_status":null,"latest_work_order_type":null,"max_risk_rating":null,"risk_assessment_count":0,"service_request_id":"1E312E23-5D89-43F3-BA0B-232C066840C2","source":"3-1-1 Call Center","status":"Closed","work_order_count":0},"type":"Feature"},{"geometry":{"coordinates":[-73.816809,40.716221],"type":"Point"},"id":"1E3221DC-1BAF-4E7C-AD34-5A6052E05FFD","properties":{"borough":"Queens","created_date":"2026-09-15T14:48:00.000","inspection_count":0,"latest_inspection_date":null,"latest_work_order_status":null,"latest_work_order_type":null,"max_risk_rating":null,"risk_assessment_count":0,"service_request_id":"1E3221DC-1BAF-4E7C-AD34-5A6052E05FFD","source":"3-1-1 Call Center","status":"Open","work_order_count":0},"type":"Feature"},{"geometry":{"coordinates":[-73.744025,40.726125],"type":"Point"},"id":"1E3EAF1C-A721-4951-87B1-25BAAC07DEAA","properties":{"borough":"Queens","created_date":"2026-09-10T00:51:00.000","inspection_count":0,"latest_inspection_date":null,"latest_work_order_status":null,"latest_work_order_type":null,"max_risk_rating":null,"risk_assessment_count":0,"service_request_id":"1E3EAF1C-A721-4951-87B1-25BAAC07DEAA","source":"3-1-1 Call Center","status":"Open","work_order_count":0},"type":"Feature"},{"geometry":{"coordinates":[-73.915679,40.681751],"type":"Point"},"id":"1E54A719-F227-45DA-AE41-2C63542BFFF2","properties":{"borough":"Brooklyn","created_date":"2026-09-03T16:56:00.000","inspection_count":0,"latest_inspection_date":null,"latest_work_order_status":null,"latest_work_order_type":null,"max_risk_rating":null,"risk_assessment_count":0,"service_request_id":"1E54A719-F227-45DA-AE41-2C63542BFFF2","source":"3-1-1 Call Center","status":"Open","work_order_count":0},"type":"Feature"},{"geometry":{"coordinates":[-73.911644,40.875129],"type":"Point"},"id":"1E5B3CFD-54BE-4D36-8D61-255B1FA86818","properties":{"borough":"Manhattan","created_date":"2026-09-09T00:14:00.000","inspection_count":0,"latest_inspection_date":null,"latest_work_order_status":null,"latest_work_order_type":null,"max_risk_rating":null,"risk_assessment_count":0,"service_request_id":"1E5B3CFD-54BE-4D36-8D61-255B1FA86818","source":"3-1-1 Call Center","status":"Open","work_order_count":0},"type":"Feature"},{"geometry":{"coordinates":[-73.902401,40.848918],"type":"Point"},"id":"1E676E84-1EE3-4069-96C6-9DEDDE2434E3","properties":{"borough":"Bronx","created_date":"2026-09-23T10:04:56.000","inspection_count":0,"latest_inspection_date":null,"latest_work_order_status":null,"latest_work_order_type":null,"max_risk_rating":null,"risk_assessment_count":0,"service_request_id":"1E676E84-1EE3-4069-96C6-9DEDDE2434E3","source":"Department of Parks and Recreation - Public Web Site","status":"Open","work_order_count":0},"type":"Feature"},{"geometry":{"coordinates":[-73.904275,40.693905],"type":"Point"},"id":"1E79C389-51D3-4FE8-BF16-687FA0B7B39D","properties":{"borough":"Queens","created_date":"2026-09-10T12:40:00.000","inspection_count":0,"latest_inspection_date":null,"latest_work_order_status":null,"latest_work_order_type":null,"max_risk_rating":null,"risk_assessment_count":0,"service_request_id":"1E79C389-51D3-4FE8-BF16-687FA0B7B39D","source":"3-1-1 Call Center","status":"Open","work_order_count":0},"type":"Feature"},{"geometry":{"coordinates":[-73.951222,40.68581],"type":"Point"},"id":"1E7B0841-2DB7-4BF0-A55B-D812C931CB48","properties":{"borough":"Brooklyn","created_date":"2026-09-13T14:00:00.000","inspection_count":0,"latest_inspection_date":null,"latest_work_order_status":null,"latest_work_order_type":null,"max_risk_rating":null,"risk_assessment_count":0,"service_request_id":"1E7B0841-2DB7-4BF0-A55B-D812C931CB48","source":"3-1-1 Call Center","status":"Open","work_order_count":0},"type":"Feature"},{"geometry":{"coordinates":[-73.917792,40.778456],"type":"Point"},"id":"1E7B6B3D-4959-4E65-B138-77B65ED75023","properties":{"borough":"Queens","created_date":"2026-09-02T12:24:00.000","inspection_count":0,"latest_inspection_date":null,"latest_work_order_status":null,"latest_work_order_type":null,"max_risk_rating":null,"risk_assessment_count":0,"service_request_id":"1E7B6B3D-4959-4E65-B138-77B65ED75023","source":"3-1-1 Call Center","status":"Open","work_order_count":0},"type":"Feature"},{"geometry":{"coordinates":[-73.991274,40.766559],"type":"Point"},"id":"1E8EF9A8-E18B-4D10-8C1E-F0E99F511306","properties":{"borough":"Manhattan","created_date":"2026-09-22T15:26:40.000","inspection_count":0,"latest_inspection_date":null,"latest_work_order_status":null,"latest_work_order_type":null,"max_risk_rating":null,"risk_assessment_count":0,"service_request_id":"1E8EF9A8-E18B-4D10-8C1E-F0E99F511306","source":"3-1-1 Call Center","status":"Closed","work_order_count":0},"type":"Feature"},{"geometry":{"coordinates":[-73.931952,40.613302],"type":"Point"},"id":"1E952D06-4871-408F-BC36-4D39F4B62DDC","properties":{"borough":"Brooklyn","created_date":"2026-09-02T15:53:00.000","inspection_count":0,"latest_inspection_date":null,"latest_work_order_status":null,"latest_work_order_type":null,"max_risk_rating":null,"risk_assessment_count":0,"service_request_id":"1E952D06-4871-408F-BC36-4D39F4B62DDC","source":"3-1-1 Call Center","status":"Open","work_order_count":0},"type":"Feature"},{"geometry":{"coordinates":[-74.003483,40.616306],"type":"Point"},"id":"1E9DBB19-5823-4FF3-9F92-9A1D92623D72","properties":{"borough":"Brooklyn","created_date":"2026-09-12T14:25:03.000","inspection_count":0,"latest_inspection_date":null,"latest_work_order_status":null,"latest_work_order_type":null,"max_risk_rating":null,"risk_assessment_count":0,"service_request_id":"1E9DBB19-5823-4FF3-9F92-9A1D92623D72","source":"Department of Parks and Recreation - Public Web Site","status":"Open","work_order_count":0},"type":"Feature"},{"geometry":{"coordinates":[-73.829315,40.682509],"type":"Point"},"id":"1EA6AC56-4D3C-4AB3-93DF-F9A275476312","properties":{"borough":"Queens","created_date":"2026-09-09T20:55:00.000","inspection_count":0,"latest_inspection_date":null,"latest_work_order_status":null,"latest_work_order_type":null,"max_risk_rating":null,"risk_assessment_count":0,"service_request_id":"1EA6AC56-4D3C-4AB3-93DF-F9A275476312","source":"3-1-1 Call Center","status":"Open","work_order_count":0},"type":"Feature"},{"geometry":{"coordinates":[-73.974177,40.785257],"type":"Point"},"id":"1EAA736D-610D-4676-A1C4-03845A566DCF","properties":{"borough":"Manhattan","created_date":"2026-09-08T09:25:02.000","inspection_count":0,"latest_inspection_date":null,"latest_work_order_status":null,"latest_work_order_type":null,"max_risk_rating":null,"risk_assessment_count":0,"service_request_id":"1EAA736D-610D-4676-A1C4-03845A566DCF","source":"Department of Parks and Recreation - Public Web Site","status":"Closed","work_order_count":0},"type":"Feature"},{"geometry":{"coordinates":[-74.106284,40.639815],"type":"Point"},"id":"1EAC6089-FCFB-449E-BF81-DDE0E693199B","properties":{"borough":"Staten Island","created_date":"2026-09-03T19:16:00.000","inspection_count":1,"latest_inspection_date":"2026-09-04T15:20:04.000","latest_work_order_status":null,"latest_work_order_type":null,"max_risk_rating":"5.0","risk_assessment_count":1,"service_request_id":"1EAC6089-FCFB-449E-BF81-DDE0E693199B","source":"3-1-1 Call Center","status":"Closed","work_order_count":0},"type":"Feature"},{"geometry":{"coordinates":[-73.974177,40.785257],"type":"Point"},"id":"1EBE103C-9E8D-4D4A-93B6-965A32B0B2A3","properties":{"borough":"Manhattan","created_date":"2026-09-09T14:10:02.000","inspection_count":0,"latest_inspection_date":null,"latest_work_order_status":null,"latest_work_order_type":null,"max_risk_rating":null,"risk_assessment_count":0,"service_request_id":"1EBE103C-9E8D-4D4A-93B6-965A32B0B2A3","source":"Department of Parks and Recreation - Public Web Site","status":"Closed","work_order_count":0},"type":"Feature"},{"geometry":{"coordinates":[-73.960737,40.705812],"type":"Point"},"id":"1ECC44C9-0F31-4BB3-8FF2-DE4A67C7D839","properties":{"borough":"Brooklyn","created_date":"2026-09-16T16:35:28.000","inspection_count":0,"latest_inspection_date":null,"latest_work_order_status":null,"latest_work_order_type":null,"max_risk_rating":null,"risk_assessment_count":0,"service_request_id":"1ECC44C9-0F31-4BB3-8FF2-DE4A67C7D839","source":"3-1-1 Call Center","status":"Closed","work_order_count":0},"type":"Feature"},{"geometry":{"coordinates":[-73.794958,40.742245],"type":"Point"},"id":"1ED27F01-5750-4290-866A-CB109AEC17D4","properties":{"borough":"Queens","created_date":"2026-09-16T23:12:00.000","inspection_count":0,"latest_inspection_date":null,"latest_work_order_status":null,"latest_work_order_type":null,"max_risk_rating":null,"risk_assessment_count":0,"service_request_id":"1ED27F01-5750-4290-866A-CB109AEC17D4","source":"3-1-1 Call Center","status":"Open","work_order_count":0},"type":"Feature"},{"geometry":{"coordinates":[-73.905696,40.714256],"type":"Point"},"id":"1EE19005-5C70-451F-8155-338EB6B5F9CC","properties":{"borough":"Queens","created_date":"2026-09-11T03:49:00.000","inspection_count":0,"latest_inspection_date":null,"latest_work_order_status":null,"latest_work_order_type":null,"max_risk_rating":null,"risk_assessment_count":0,"service_request_id":"1EE19005-5C70-451F-8155-338EB6B5F9CC","source":"3-1-1 Call Center","status":"Open","work_order_count":0},"type":"Feature"},{"geometry":{"coordinates":[-73.909748,40.756135],"type":"Point"},"id":"1EE8A983-A029-40DD-BFA5-045F46616CEF","properties":{"borough":"Queens","created_date":"2026-09-02T23:46:00.000","inspection_count":0,"latest_inspection_date":null,"latest_work_order_status":null,"latest_work_order_type":null,"max_risk_rating":null,"risk_assessment_count":0,"service_request_id":"1EE8A983-A029-40DD-BFA5-045F46616CEF","source":"3-1-1 Call Center","status":"Open","work_order_count":0},"type":"Feature"},{"geometry":{"coordinates":[-73.796329,40.735268],"type":"Point"},"id":"1EEF2919-2C8B-410D-A0EE-A1CE27EC92EC","properties":{"borough":"Queens","created_date":"2026-09-13T18:23:00.000","inspection_count":0,"latest_inspection_date":null,"latest_work_order_status":null,"latest_work_order_type":null,"max_risk_rating":null,"risk_assessment_count":0,"service_request_id":"1EEF2919-2C8B-410D-A0EE-A1CE27EC92EC","source":"DPR -Public Tree Map","status":"Open","work_order_count":0},"type":"Feature"},{"geometry":{"coordinates":[-73.945707,40.711259],"type":"Point"},"id":"1EFB3489-28C6-40C8-86E7-17065D21B079","properties":{"borough":"Brooklyn","created_date":"2026-09-03T22:24:37.000","inspection_count":0,"latest_inspection_date":null,"latest_work_order_status":null,"latest_work_order_type":null,"max_risk_rating":null,"risk_assessment_count":0,"service_request_id":"1EFB3489-28C6-40C8-86E7-17065D21B079","source":"Department of Parks and Recreation - Public Web Site","status":"Open","work_order_count":0},"type":"Feature"},{"geometry":{"coordinates":[-74.197375,40.55544],"type":"Point"},"id":"1EFD84DF-5B17-484D-9E50-545D9762AA10","properties":{"borough":"Staten Island","created_date":"2026-09-11T13:52:00.000","inspection_count":0,"latest_inspection_date":null,"latest_work_order_status":null,"latest_work_order_type":null,"max_risk_rating":null,"risk_assessment_count":0,"service_request_id":"1EFD84DF-5B17-484D-9E50-545D9762AA10","source":"Department of Parks and Recreation - Public Web Site","status":"Open","work_order_count":0},"type":"Feature"},{"geometry":{"coordinates":[-73.974177,40.785257],"type":"Point"},"id":"1EFEC637-EE43-4189-B1FB-D15C0039943E","properties":{"borough":"Manhattan","created_date":"2026-09-07T21:20:02.000","inspection_count":0,"latest_inspection_date":null,"latest_work_order_status":null,"latest_work_order_type":null,"max_risk_rating":null,"risk_assessment_count":0,"service_request_id":"1EFEC637-EE43-4189-B1FB-D15C0039943E","source":"Department of Parks and Recreation - Public Web Site","status":"Closed","work_order_count":0},"type":"Feature"},{"geometry":{"coordinates":[-73.731215,40.686436],"type":"Point"},"id":"1F080153-B800-43C5-BE94-0103A7F972EB","properties":{"borough":"Queens","created_date":"2026-09-02T20:24:00.000","inspection_count":0,"latest_inspection_date":null,"latest_work_order_status":null,"latest_work_order_type":null,"max_risk_rating":null,"risk_assessment_count":0,"service_request_id":"1F080153-B800-43C5-BE94-0103A7F972EB","source":"3-1-1 Call Center","status":"Closed","work_order_count":0},"type":"Feature"},{"geometry":{"coordinates":[-73.988224,40.664451],"type":"Point"},"id":"1F1EF306-976E-420D-9915-4FFE296F3EC2","properties":{"borough":"Brooklyn","created_date":"2026-09-17T13:19:27.000","inspection_count":0,"latest_inspection_date":null,"latest_work_order_status":null,"latest_work_order_type":null,"max_risk_rating":null,"risk_assessment_count":0,"service_request_id":"1F1EF306-976E-420D-9915-4FFE296F3EC2","source":"3-1-1 Call Center","status":"Open","work_order_count":0},"type":"Feature"},{"geometry":{"coordinates":[-73.991598,40.694457],"type":"Point"},"id":"1F293406-16F9-4FAC-9176-89C0F17129E1","properties":{"borough":"Brooklyn","created_date":"2026-09-18T18:42:56.000","inspection_count":0,"latest_inspection_date":null,"latest_work_order_status":null,"latest_work_order_type":null,"max_risk_rating":null,"risk_assessment_count":0,"service_request_id":"1F293406-16F9-4FAC-9176-89C0F17129E1","source":"Department of Parks and Recreation - Public Web Site","status":"Open","work_order_count":0},"type":"Feature"},{"geometry":{"coordinates":[-73.801826,40.721518],"type":"Point"},"id":"1F2AA291-EA9B-44FB-8FA7-D431111D2EA7","properties":{"borough":"Queens","created_date":"2026-09-11T16:12:00.000","inspection_count":0,"latest_inspection_date":null,"latest_work_order_status":null,"latest_work_order_type":null,"max_risk_rating":null,"risk_assessment_count":0,"service_request_id":"1F2AA291-EA9B-44FB-8FA7-D431111D2EA7","source":"3-1-1 Call Center","status":"Closed","work_order_count":0},"type":"Feature"},{"geometry":{"coordinates":[-73.834604,40.65668],"type":"Point"},"id":"1F5BC502-154B-4F27-98DD-ED7A96C90756","properties":{"borough":"Queens","created_date":"2026-09-21T20:08:00.000","inspection_count":0,"latest_inspection_date":null,"latest_work_order_status":null,"latest_work_order_type":null,"max_risk_rating":null,"risk_assessment_count":0,"service_request_id":"1F5BC502-154B-4F27-98DD-ED7A96C90756","source":"3-1-1 Call Center","status":"Open","work_order_count":0},"type":"Feature"},{"geometry":{"coordinates":[-73.947666,40.806739],"type":"Point"},"id":"1F7076CE-3699-4090-8E51-10DD1A5D7F9B","properties":{"borough":"Manhattan","created_date":"2026-09-24T09:04:00.000","inspection_count":0,"latest_inspection_date":null,"latest_work_order_status":null,"latest_work_order_type":null,"max_risk_rating":null,"risk_assessment_count":0,"service_request_id":"1F7076CE-3699-4090-8E51-10DD1A5D7F9B","source":"DPR -Public Tree Map","status":"Open","work_order_count":0},"type":"Feature"},{"geometry":{"coordinates":[-73.974177,40.785257],"type":"Point"},"id":"1F7F33C3-BFF7-4FA4-929B-E16456A9D564","properties":{"borough":"Manhattan","created_date":"2026-09-08T17:20:02.000","inspection_count":0,"latest_inspection_date":null,"latest_work_order_status":null,"latest_work_order_type":null,"max_risk_rating":null,"risk_assessment_count":0,"service_request_id":"1F7F33C3-BFF7-4FA4-929B-E16456A9D564","source":"Department of Parks and Recreation - Public Web Site","status":"Closed","work_order_count":0},"type":"Feature"},{"geometry":{"coordinates":[-73.745968,40.659398],"type":"Point"},"id":"1F88A736-B227-41E9-B5A3-601C2FC51055","properties":{"borough":"Queens","created_date":"2026-09-06T07:04:00.000","inspection_count":1,"latest_inspection_date":"2026-09-07T15:18:05.000","latest_work_order_status":null,"latest_work_order_type":null,"max_risk_rating":"8.0","risk_assessment_count":3,"service_request_id":"1F88A736-B227-41E9-B5A3-601C2FC51055","source":"3-1-1 Call Center","status":"Closed","work_order_count":0},"type":"Feature"},{"geometry":{"coordinates":[-74.003483,40.616306],"type":"Point"},"id":"1F8C08A2-B12D-4320-A7F3-9CDCD2720180","properties":{"borough":"Brooklyn","created_date":"2026-09-12T14:00:02.000","inspection_count":0,"latest_inspection_date":null,"latest_work_order_status":null,"latest_work_order_type":null,"max_risk_rating":null,"risk_assessment_count":0,"service_request_id":"1F8C08A2-B12D-4320-A7F3-9CDCD2720180","source":"Department of Parks and Recreation - Public Web Site","status":"Open","work_order_count":0},"type":"Feature"},{"geometry":{"coordinates":[-73.974177,40.785257],"type":"Point"},"id":"1FA35AD2-0C87-40F8-9DDE-9945F072E851","properties":{"borough":"Manhattan","created_date":"2026-09-08T01:35:02.000","inspection_count":0,"latest_inspection_date":null,"latest_work_order_status":null,"latest_work_order_type":null,"max_risk_rating":null,"risk_assessment_count":0,"service_request_id":"1FA35AD2-0C87-40F8-9DDE-9945F072E851","source":"Department of Parks and Recreation - Public Web Site","status":"Closed","work_order_count":0},"type":"Feature"},{"geometry":{"coordinates":[-74.002499,40.600894],"type":"Point"},"id":"1FBB8EA5-EFCD-4ADE-8D39-2519F1009042","properties":{"borough":"Brooklyn","created_date":"2026-09-05T17:41:10.000","inspection_count":0,"latest_inspection_date":null,"latest_work_order_status":null,"latest_work_order_type":null,"max_risk_rating":null,"risk_assessment_count":0,"service_request_id":"1FBB8EA5-EFCD-4ADE-8D39-2519F1009042","source":"3-1-1 Call Center","status":"Open","work_order_count":0},"type":"Feature"},{"geometry":{"coordinates":[-73.916145,40.832814],"type":"Point"},"id":"1FBEA025-87A3-49BB-800C-69815C3FDCF0","properties":{"borough":"Bronx","created_date":"2026-09-01T21:12:28.000","inspection_count":0,"latest_inspection_date":null,"latest_work_order_status":null,"latest_work_order_type":null,"max_risk_rating":null,"risk_assessment_count":0,"service_request_id":"1FBEA025-87A3-49BB-800C-69815C3FDCF0","source":"3-1-1 Call Center","status":"Closed","work_order_count":0},"type":"Feature"},{"geometry":{"coordinates":[-73.733974,40.759517],"type":"Point"},"id":"1FC9BF56-5C9D-4BB5-B209-12ECD202CA70","properties":{"borough":"Queens","created_date":"2026-09-02T17:13:00.000","inspection_count":0,"latest_inspection_date":null,"latest_work_order_status":null,"latest_work_order_type":null,"max_risk_rating":null,"risk_assessment_count":0,"service_request_id":"1FC9BF56-5C9D-4BB5-B209-12ECD202CA70","source":"3-1-1 Call Center","status":"Open","work_order_count":0},"type":"Feature"},{"geometry":{"coordinates":[-73.894758,40.751473],"type":"Point"},"id":"1FDF71B6-8BC8-4FCD-AC9D-5326AAD3D429","properties":{"borough":"Queens","created_date":"2026-09-13T13:42:00.000","inspection_count":1,"latest_inspection_date":"2026-09-14T13:54:47.000","latest_work_order_status":"Closed","latest_work_order_type":"Tree Down","max_risk_rating":null,"risk_assessment_count":0,"service_request_id":"1FDF71B6-8BC8-4FCD-AC9D-5326AAD3D429","source":"3-1-1 Call Center","status":"Closed","work_order_count":1},"type":"Feature"},{"geometry":{"coordinates":[-74.003483,40.616306],"type":"Point"},"id":"1FE2D743-5E3D-4D66-A441-C2F84B29A6F2","properties":{"borough":"Brooklyn","created_date":"2026-09-11T23:05:02.000","inspection_count":0,"latest_inspection_date":null,"latest_work_order_status":null,"latest_work_order_type":null,"max_risk_rating":null,"risk_assessment_count":0,"service_request_id":"1FE2D743-5E3D-4D66-A441-C2F84B29A6F2","source":"Department of Parks and Recreation - Public Web Site","status":"Open","work_order_count":0},"type":"Feature"},{"geometry":{"coordinates":[-74.184185,40.536715],"type":"Point"},"id":"1FE46BED-3A10-41B9-A3D1-DF8B4CE8BF74","properties":{"borough":"Staten Island","created_date":"2026-09-15T18:09:00.000","inspection_count":0,"latest_inspection_date":null,"latest_work_order_status":null,"latest_work_order_type":null,"max_risk_rating":null,"risk_assessment_count":0,"service_request_id":"1FE46BED-3A10-41B9-A3D1-DF8B4CE8BF74","source":"3-1-1 Call Center","status":"Closed","work_order_count":0},"type":"Feature"},{"geometry":{"coordinates":[-73.775687,40.77673],"type":"Point"},"id":"1FEC3219-609F-4281-B109-622E9B60FDCF","properties":{"borough":"Queens","created_date":"2026-09-22T18:15:00.000","inspection_count":0,"latest_inspection_date":null,"latest_work_order_status":null,"latest_work_order_type":null,"max_risk_rating":null,"risk_assessment_count":0,"service_request_id":"1FEC3219-609F-4281-B109-622E9B60FDCF","source":"3-1-1 Call Center","status":"Open","work_order_count":0},"type":"Feature"},{"geometry":{"coordinates":[-73.932692,40.754809],"type":"Point"},"id":"2004FF5F-288B-4054-B610-D6F42C833561","properties":{"borough":"Queens","created_date":"2026-09-01T20:04:00.000","inspection_count":0,"latest_inspection_date":null,"latest_work_order_status":null,"latest_work_order_type":null,"max_risk_rating":null,"risk_assessment_count":0,"service_request_id":"2004FF5F-288B-4054-B610-D6F42C833561","source":"3-1-1 Call Center","status":"Open","work_order_count":0},"type":"Feature"},{"geometry":{"coordinates":[-73.773862,40.782535],"type":"Point"},"id":"201E1651-94AF-4AB7-9F32-092E9A20BF2F","properties":{"borough":"Queens","created_date":"2026-09-09T18:45:00.000","inspection_count":0,"latest_inspection_date":null,"latest_work_order_status":null,"latest_work_order_type":null,"max_risk_rating":null,"risk_assessment_count":0,"service_request_id":"201E1651-94AF-4AB7-9F32-092E9A20BF2F","source":"3-1-1 Call Center","status":"Closed","work_order_count":0},"type":"Feature"},{"geometry":{"coordinates":[-74.014614,40.619889],"type":"Point"},"id":"202E0E0D-3507-4980-ABE8-456343E0C94E","properties":{"borough":"Brooklyn","created_date":"2026-09-21T16:11:00.000","inspection_count":0,"latest_inspection_date":null,"latest_work_order_status":null,"latest_work_order_type":null,"max_risk_rating":null,"risk_assessment_count":0,"service_request_id":"202E0E0D-3507-4980-ABE8-456343E0C94E","source":"3-1-1 Call Center","status":"Open","work_order_count":0},"type":"Feature"},{"geometry":{"coordinates":[-74.003483,40.616306],"type":"Point"},"id":"203F9D73-F85C-4D10-9A39-50C994DE5439","properties":{"borough":"Brooklyn","created_date":"2026-09-12T05:25:02.000","inspection_count":0,"latest_inspection_date":null,"latest_work_order_status":null,"latest_work_order_type":null,"max_risk_rating":null,"risk_assessment_count":0,"service_request_id":"203F9D73-F85C-4D10-9A39-50C994DE5439","source":"Department of Parks and Recreation - Public Web Site","status":"Open","work_order_count":0},"type":"Feature"},{"geometry":{"coordinates":[-73.950749,40.770213],"type":"Point"},"id":"20455DFA-420F-4C1B-95B4-2FE24DD32701","properties":{"borough":"Manhattan","created_date":"2026-09-08T14:16:00.000","inspection_count":1,"latest_inspection_date":"2026-09-09T16:45:15.000","latest_work_order_status":null,"latest_work_order_type":null,"max_risk_rating":"6.0","risk_assessment_count":1,"service_request_id":"20455DFA-420F-4C1B-95B4-2FE24DD32701","source":"3-1-1 Call Center","status":"Closed","work_order_count":0},"type":"Feature"},{"geometry":{"coordinates":[-73.940861,40.806458],"type":"Point"},"id":"206B547A-D25D-4CBF-A211-EB869F04C6CE","properties":{"borough":"Manhattan","created_date":"2026-09-04T15:02:48.000","inspection_count":0,"latest_inspection_date":null,"latest_work_order_status":null,"latest_work_order_type":null,"max_risk_rating":null,"risk_assessment_count":0,"service_request_id":"206B547A-D25D-4CBF-A211-EB869F04C6CE","source":"Department of Parks and Recreation - Public Web Site","status":"Open","work_order_count":0},"type":"Feature"},{"geometry":{"coordinates":[-73.813224,40.773998],"type":"Point"},"id":"206ECDEF-7D59-460C-9A29-5C37057AFE32","properties":{"borough":"Queens","created_date":"2026-09-11T11:44:00.000","inspection_count":1,"latest_inspection_date":"2026-09-11T16:30:37.000","latest_work_order_status":"Open","latest_work_order_type":"Prune-Traffic 10 Day","max_risk_rating":"4.0","risk_assessment_count":1,"service_request_id":"206ECDEF-7D59-460C-9A29-5C37057AFE32","source":"DPR -Public Tree Map","status":"Open","work_order_count":1},"type":"Feature"},{"geometry":{"coordinates":[-73.975051,40.602392],"type":"Point"},"id":"2092999C-21EF-4DA0-8E4D-874888812CFE","properties":{"borough":"Brooklyn","created_date":"2026-09-08T20:05:04.000","inspection_count":0,"latest_inspection_date":null,"latest_work_order_status":null,"latest_work_order_type":null,"max_risk_rating":null,"risk_assessment_count":0,"service_request_id":"2092999C-21EF-4DA0-8E4D-874888812CFE","source":"3-1-1 Call Center","status":"Open","work_order_count":0},"type":"Feature"},{"geometry":{"coordinates":[-73.907441,40.691626],"type":"Point"},"id":"20A3EFF8-5A57-4095-9244-6219B8E1974E","properties":{"borough":"Brooklyn","created_date":"2026-09-11T16:46:28.000","inspection_count":0,"latest_inspection_date":null,"latest_work_order_status":null,"latest_work_order_type":null,"max_risk_rating":null,"risk_assessment_count":0,"service_request_id":"20A3EFF8-5A57-4095-9244-6219B8E1974E","source":"Department of Parks and Recreation - Public Web Site","status":"Open","work_order_count":0},"type":"Feature"},{"geometry":{"coordinates":[-73.933375,40.684969],"type":"Point"},"id":"20B5B800-4CD3-415B-B9B3-6BD3FA6C21BF","properties":{"borough":"Brooklyn","created_date":"2026-09-02T19:06:00.000","inspection_count":0,"latest_inspection_date":null,"latest_work_order_status":null,"latest_work_order_type":null,"max_risk_rating":null,"risk_assessment_count":0,"service_request_id":"20B5B800-4CD3-415B-B9B3-6BD3FA6C21BF","source":"3-1-1 Call Center","status":"Open","work_order_count":0},"type":"Feature"},{"geometry":{"coordinates":[-73.988087,40.665563],"type":"Point"},"id":"20C8983A-FA4B-482A-B329-2CD1A9E14AD6","properties":{"borough":"Brooklyn","created_date":"2026-09-23T22:24:27.000","inspection_count":0,"latest_inspection_date":null,"latest_work_order_status":null,"latest_work_order_type":null,"max_risk_rating":null,"risk_assessment_count":0,"service_request_id":"20C8983A-FA4B-482A-B329-2CD1A9E14AD6","source":"3-1-1 Call Center","status":"Closed","work_order_count":0},"type":"Feature"},{"geometry":{"coordinates":[-73.974177,40.785257],"type":"Point"},"id":"20CAAA06-F8D5-4A13-BBFF-9F7634AE508C","properties":{"borough":"Manhattan","created_date":"2026-09-08T16:35:02.000","inspection_count":0,"latest_inspection_date":null,"latest_work_order_status":null,"latest_work_order_type":null,"max_risk_rating":null,"risk_assessment_count":0,"service_request_id":"20CAAA06-F8D5-4A13-BBFF-9F7634AE508C","source":"Department of Parks and Recreation - Public Web Site","status":"Closed","work_order_count":0},"type":"Feature"},{"geometry":{"coordinates":[-73.940964,40.812714],"type":"Point"},"id":"20D5C667-C759-46B8-87B1-343955164C5A","properties":{"borough":"Manhattan","created_date":"2026-09-02T17:46:01.000","inspection_count":0,"latest_inspection_date":null,"latest_work_order_status":null,"latest_work_order_type":null,"max_risk_rating":null,"risk_assessment_count":0,"service_request_id":"20D5C667-C759-46B8-87B1-343955164C5A","source":"Department of Parks and Recreation - Public Web Site","status":"Open","work_order_count":0},"type":"Feature"},{"geometry":{"coordinates":[-73.921965,40.701883],"type":"Point"},"id":"20DCF76D-B393-4314-8B5B-AD56970F0824","properties":{"borough":"Brooklyn","created_date":"2026-09-13T02:57:21.000","inspection_count":0,"latest_inspection_date":null,"latest_work_order_status":null,"latest_work_order_type":null,"max_risk_rating":null,"risk_assessment_count":0,"service_request_id":"20DCF76D-B393-4314-8B5B-AD56970F0824","source":"3-1-1 Call Center","status":"Open","work_order_count":0},"type":"Feature"},{"geometry":{"coordinates":[-73.940032,40.684204],"type":"Point"},"id":"20F1AA3E-EEFD-4FCA-A986-2AA2CEE00F63","properties":{"borough":"Brooklyn","created_date":"2026-09-02T12:02:58.000","inspection_count":1,"latest_inspection_date":"2026-09-08T14:24:52.000","latest_work_order_status":null,"latest_work_order_type":null,"max_risk_rating":"6.0","risk_assessment_count":1,"service_request_id":"20F1AA3E-EEFD-4FCA-A986-2AA2CEE00F63","source":"DPR -Public Tree Map","status":"Open","work_order_count":0},"type":"Feature"},{"geometry":{"coordinates":[-73.802688,40.771748],"type":"Point"},"id":"20FB4EFF-5E30-4015-A8F6-C88691B586CD","properties":{"borough":"Queens","created_date":"2026-09-16T15:21:00.000","inspection_count":0,"latest_inspection_date":null,"latest_work_order_status":null,"latest_work_order_type":null,"max_risk_rating":null,"risk_assessment_count":0,"service_request_id":"20FB4EFF-5E30-4015-A8F6-C88691B586CD","source":"3-1-1 Call Center","status":"Open","work_order_count":0},"type":"Feature"},{"geometry":{"coordinates":[-74.133001,40.554783],"type":"Point"},"id":"2104DE4E-AE46-4F1A-9112-0BEE032259B2","properties":{"borough":"Staten Island","created_date":"2026-09-14T00:47:00.000","inspection_count":0,"latest_inspection_date":null,"latest_work_order_status":null,"latest_work_order_type":null,"max_risk_rating":null,"risk_assessment_count":0,"service_request_id":"2104DE4E-AE46-4F1A-9112-0BEE032259B2","source":"3-1-1 Call Center","status":"Closed","work_order_count":0},"type":"Feature"},{"geometry":{"coordinates":[-74.005878,40.734243],"type":"Point"},"id":"210B30FF-3410-451C-B16A-5871DF96A6B7","properties":{"borough":"Manhattan","created_date":"2026-09-21T20:31:00.000","inspection_count":0,"latest_inspection_date":null,"latest_work_order_status":null,"latest_work_order_type":null,"max_risk_rating":null,"risk_assessment_count":0,"service_request_id":"210B30FF-3410-451C-B16A-5871DF96A6B7","source":"3-1-1 Call Center","status":"Open","work_order_count":0},"type":"Feature"},{"geometry":{"coordinates":[-73.978586,40.775042],"type":"Point"},"id":"210C400B-352A-444D-B1D9-F5CC31AB97EE","properties":{"borough":"Manhattan","created_date":"2026-09-10T15:18:00.000","inspection_count":0,"latest_inspection_date":null,"latest_work_order_status":null,"latest_work_order_type":null,"max_risk_rating":null,"risk_assessment_count":0,"service_request_id":"210C400B-352A-444D-B1D9-F5CC31AB97EE","source":"3-1-1 Call Center","status":"Open","work_order_count":0},"type":"Feature"},{"geometry":{"coordinates":[-73.771696,40.706668],"type":"Point"},"id":"210C649B-C63D-439F-865C-372A63754D12","properties":{"borough":"Queens","created_date":"2026-09-17T20:06:00.000","inspection_count":0,"latest_inspection_date":null,"latest_work_order_status":null,"latest_work_order_type":null,"max_risk_rating":null,"risk_assessment_count":0,"service_request_id":"210C649B-C63D-439F-865C-372A63754D12","source":"3-1-1 Call Center","status":"Open","work_order_count":0},"type":"Feature"},{"geometry":{"coordinates":[-73.809005,40.691393],"type":"Point"},"id":"21189645-5FA0-4433-8957-76FB72DC0B64","properties":{"borough":"Queens","created_date":"2026-09-16T13:36:00.000","inspection_count":0,"latest_inspection_date":null,"latest_work_order_status":null,"latest_work_order_type":null,"max_risk_rating":null,"risk_assessment_count":0,"service_request_id":"21189645-5FA0-4433-8957-76FB72DC0B64","source":"3-1-1 Call Center","status":"Open","work_order_count":0},"type":"Feature"},{"geometry":{"coordinates":[-73.873001,40.751599],"type":"Point"},"id":"2124A32D-3B7A-4C61-AF1F-E00B7B2E1AD5","properties":{"borough":"Queens","created_date":"2026-09-24T01:54:33.000","inspection_count":0,"latest_inspection_date":null,"latest_work_order_status":null,"latest_work_order_type":null,"max_risk_rating":null,"risk_assessment_count":0,"service_request_id":"2124A32D-3B7A-4C61-AF1F-E00B7B2E1AD5","source":"DPR -Public Tree Map","status":"Open","work_order_count":0},"type":"Feature"},{"geometry":{"coordinates":[-74.105549,40.633354],"type":"Point"},"id":"21250CE0-0C8B-40E6-BCE5-06D16D5130A3","properties":{"borough":"Staten Island","created_date":"2026-09-21T16:33:00.000","inspection_count":0,"latest_inspection_date":null,"latest_work_order_status":null,"latest_work_order_type":null,"max_risk_rating":null,"risk_assessment_count":0,"service_request_id":"21250CE0-0C8B-40E6-BCE5-06D16D5130A3","source":"3-1-1 Call Center","status":"Open","work_order_count":0},"type":"Feature"},{"geometry":{"coordinates":[-73.816203,40.676797],"type":"Point"},"id":"212BBF09-FFB5-4158-A1FF-98E33F4B6574","properties":{"borough":"Queens","created_date":"2026-09-07T18:27:00.000","inspection_count":0,"latest_inspection_date":null,"latest_work_order_status":null,"latest_work_order_type":null,"max_risk_rating":null,"risk_assessment_count":0,"service_request_id":"212BBF09-FFB5-4158-A1FF-98E33F4B6574","source":"3-1-1 Call Center","status":"Open","work_order_count":0},"type":"Feature"},{"geometry":{"coordinates":[-73.974177,40.785257],"type":"Point"},"id":"213A3A11-3CB1-4A8A-B3A6-A98AE2AFF3AF","properties":{"borough":"Manhattan","created_date":"2026-09-09T01:40:02.000","inspection_count":0,"latest_inspection_date":null,"latest_work_order_status":null,"latest_work_order_type":null,"max_risk_rating":null,"risk_assessment_count":0,"service_request_id":"213A3A11-3CB1-4A8A-B3A6-A98AE2AFF3AF","source":"Department of Parks and Recreation - Public Web Site","status":"Closed","work_order_count":0},"type":"Feature"},{"geometry":{"coordinates":[-73.974177,40.785257],"type":"Point"},"id":"214A8F8B-8A71-49E9-91DA-B70BC2A9BC68","properties":{"borough":"Manhattan","created_date":"2026-09-08T22:30:02.000","inspection_count":0,"latest_inspection_date":null,"latest_work_order_status":null,"latest_work_order_type":null,"max_risk_rating":null,"risk_assessment_count":0,"service_request_id":"214A8F8B-8A71-49E9-91DA-B70BC2A9BC68","source":"Department of Parks and Recreation - Public Web Site","status":"Closed","work_order_count":0},"type":"Feature"},{"geometry":{"coordinates":[-73.935592,40.793201],"type":"Point"},"id":"2152B070-8467-4BA3-B57A-567156464E04","properties":{"borough":"Manhattan","created_date":"2026-09-12T15:35:00.000","inspection_count":0,"latest_inspection_date":null,"latest_work_order_status":null,"latest_work_order_type":null,"max_risk_rating":null,"risk_assessment_count":0,"service_request_id":"2152B070-8467-4BA3-B57A-567156464E04","source":"3-1-1 Call Center","status":"Closed","work_order_count":0},"type":"Feature"},{"geometry":{"coordinates":[-73.856178,40.731738],"type":"Point"},"id":"2162672F-53AB-41D9-9F56-864D5208CDE8","properties":{"borough":"Queens","created_date":"2026-09-14T17:25:00.000","inspection_count":0,"latest_inspection_date":null,"latest_work_order_status":null,"latest_work_order_type":null,"max_risk_rating":null,"risk_assessment_count":0,"service_request_id":"2162672F-53AB-41D9-9F56-864D5208CDE8","source":"3-1-1 Call Center","status":"Open","work_order_count":0},"type":"Feature"},{"geometry":{"coordinates":[-74.003483,40.616306],"type":"Point"},"id":"21682F7D-1CE9-4669-8D8A-B44A05139E96","properties":{"borough":"Brooklyn","created_date":"2026-09-11T20:30:02.000","inspection_count":0,"latest_inspection_date":null,"latest_work_order_status":null,"latest_work_order_type":null,"max_risk_rating":null,"risk_assessment_count":0,"service_request_id":"21682F7D-1CE9-4669-8D8A-B44A05139E96","source":"Department of Parks and Recreation - Public Web Site","status":"Open","work_order_count":0},"type":"Feature"},{"geometry":{"coordinates":[-73.788698,40.767145],"type":"Point"},"id":"216B4DDB-5C7E-4376-9D1C-4986244F813C","properties":{"borough":"Queens","created_date":"2026-09-18T15:33:59.000","inspection_count":0,"latest_inspection_date":null,"latest_work_order_status":null,"latest_work_order_type":null,"max_risk_rating":null,"risk_assessment_count":0,"service_request_id":"216B4DDB-5C7E-4376-9D1C-4986244F813C","source":"Department of Parks and Recreation - Public Web Site","status":"Open","work_order_count":0},"type":"Feature"},{"geometry":{"coordinates":[-73.974177,40.785257],"type":"Point"},"id":"216E9FC1-3C1F-45BA-A130-6FF5107B582A","properties":{"borough":"Manhattan","created_date":"2026-09-08T20:15:02.000","inspection_count":0,"latest_inspection_date":null,"latest_work_order_status":null,"latest_work_order_type":null,"max_risk_rating":null,"risk_assessment_count":0,"service_request_id":"216E9FC1-3C1F-45BA-A130-6FF5107B582A","source":"Department of Parks and Recreation - Public Web Site","status":"Closed","work_order_count":0},"type":"Feature"},{"geometry":{"coordinates":[-73.941897,40.653941],"type":"Point"},"id":"21755DBD-0CCD-4AE0-B486-07BD3311F5BA","properties":{"borough":"Brooklyn","created_date":"2026-09-13T14:23:35.000","inspection_count":0,"latest_inspection_date":null,"latest_work_order_status":null,"latest_work_order_type":null,"max_risk_rating":null,"risk_assessment_count":0,"service_request_id":"21755DBD-0CCD-4AE0-B486-07BD3311F5BA","source":"3-1-1 Call Center","status":"Closed","work_order_count":0},"type":"Feature"},{"geometry":{"coordinates":[-73.786695,40.701517],"type":"Point"},"id":"2177E6AE-F273-4A9D-A8D3-B69CA16FEE84","properties":{"borough":"Queens","created_date":"2026-09-15T18:22:00.000","inspection_count":0,"latest_inspection_date":null,"latest_work_order_status":null,"latest_work_order_type":null,"max_risk_rating":null,"risk_assessment_count":0,"service_request_id":"2177E6AE-F273-4A9D-A8D3-B69CA16FEE84","source":"3-1-1 Call Center","status":"Open","work_order_count":0},"type":"Feature"},{"geometry":{"coordinates":[-73.94161,40.665162],"type":"Point"},"id":"21798489-FF32-4254-9384-746EB973A7CD","properties":{"borough":"Brooklyn","created_date":"2026-09-24T20:10:56.000","inspection_count":0,"latest_inspection_date":null,"latest_work_order_status":null,"latest_work_order_type":null,"max_risk_rating":null,"risk_assessment_count":0,"service_request_id":"21798489-FF32-4254-9384-746EB973A7CD","source":"3-1-1 Call Center","status":"Open","work_order_count":0},"type":"Feature"},{"geometry":{"coordinates":[-73.974177,40.785257],"type":"Point"},"id":"217EB260-3072-4F24-888E-2B18F3550EA1","properties":{"borough":"Manhattan","created_date":"2026-09-08T11:25:02.000","inspection_count":0,"latest_inspection_date":null,"latest_work_order_status":null,"latest_work_order_type":null,"max_risk_rating":null,"risk_assessment_count":0,"service_request_id":"217EB260-3072-4F24-888E-2B18F3550EA1","source":"Department of Parks and Recreation - Public Web Site","status":"Closed","work_order_count":0},"type":"Feature"},{"geometry":{"coordinates":[-73.974177,40.785257],"type":"Point"},"id":"21813129-17B9-402D-91BF-6A7EE855D117","properties":{"borough":"Manhattan","created_date":"2026-09-08T06:20:02.000","inspection_count":0,"latest_inspection_date":null,"latest_work_order_status":null,"latest_work_order_type":null,"max_risk_rating":null,"risk_assessment_count":0,"service_request_id":"21813129-17B9-402D-91BF-6A7EE855D117","source":"Department of Parks and Recreation - Public Web Site","status":"Closed","work_order_count":0},"type":"Feature"},{"geometry":{"coordinates":[-74.171434,40.547431],"type":"Point"},"id":"2184D21D-D8DF-4A23-8C19-7B4A4C430596","properties":{"borough":"Staten Island","created_date":"2026-09-10T14:48:23.000","inspection_count":0,"latest_inspection_date":null,"latest_work_order_status":null,"latest_work_order_type":null,"max_risk_rating":null,"risk_assessment_count":0,"service_request_id":"2184D21D-D8DF-4A23-8C19-7B4A4C430596","source":"3-1-1 Call Center","status":"Closed","work_order_count":0},"type":"Feature"},{"geometry":{"coordinates":[-73.974177,40.785257],"type":"Point"},"id":"2185BD46-C40D-48AB-8A28-2BF5272B33DF","properties":{"borough":"Manhattan","created_date":"2026-09-08T03:20:02.000","inspection_count":0,"latest_inspection_date":null,"latest_work_order_status":null,"latest_work_order_type":null,"max_risk_rating":null,"risk_assessment_count":0,"service_request_id":"2185BD46-C40D-48AB-8A28-2BF5272B33DF","source":"Department of Parks and Recreation - Public Web Site","status":"Closed","work_order_count":0},"type":"Feature"},{"geometry":{"coordinates":[-73.732509,40.76211],"type":"Point"},"id":"21A240F1-4736-42D8-8729-DF8C954BD589","properties":{"borough":"Queens","created_date":"2026-09-15T15:06:00.000","inspection_count":0,"latest_inspection_date":null,"latest_work_order_status":null,"latest_work_order_type":null,"max_risk_rating":null,"risk_assessment_count":0,"service_request_id":"21A240F1-4736-42D8-8729-DF8C954BD589","source":"3-1-1 Call Center","status":"Open","work_order_count":0},"type":"Feature"},{"geometry":{"coordinates":[-73.947615,40.618736],"type":"Point"},"id":"21BFB7DF-0A5B-4800-864E-06D03953B7F7","properties":{"borough":"Brooklyn","created_date":"2026-09-09T23:27:00.000","inspection_count":0,"latest_inspection_date":null,"latest_work_order_status":null,"latest_work_order_type":null,"max_risk_rating":null,"risk_assessment_count":0,"service_request_id":"21BFB7DF-0A5B-4800-864E-06D03953B7F7","source":"Department of Parks and Recreation - Public Web Site","status":"Open","work_order_count":0},"type":"Feature"},{"geometry":{"coordinates":[-73.974177,40.785257],"type":"Point"},"id":"21CE1C08-2D7D-4F26-8EED-DA164CC09C94","properties":{"borough":"Manhattan","created_date":"2026-09-07T22:00:02.000","inspection_count":0,"latest_inspection_date":null,"latest_work_order_status":null,"latest_work_order_type":null,"max_risk_rating":null,"risk_assessment_count":0,"service_request_id":"21CE1C08-2D7D-4F26-8EED-DA164CC09C94","source":"Department of Parks and Recreation - Public Web Site","status":"Closed","work_order_count":0},"type":"Feature"},{"geometry":{"coordinates":[-74.132318,40.624049],"type":"Point"},"id":"21D1C7BE-BEED-4BB4-B06B-1D9142E759DB","properties":{"borough":"Staten Island","created_date":"2026-09-24T02:19:00.000","inspection_count":0,"latest_inspection_date":null,"latest_work_order_status":null,"latest_work_order_type":null,"max_risk_rating":null,"risk_assessment_count":0,"service_request_id":"21D1C7BE-BEED-4BB4-B06B-1D9142E759DB","source":"Department of Parks and Recreation - Public Web Site","status":"Closed","work_order_count":0},"type":"Feature"},{"geometry":{"coordinates":[-73.938194,40.616871],"type":"Point"},"id":"21D30642-70CF-4961-85F5-66C82EABF965","properties":{"borough":"Brooklyn","created_date":"2026-09-17T16:19:58.000","inspection_count":0,"latest_inspection_date":null,"latest_work_order_status":null,"latest_work_order_type":null,"max_risk_rating":null,"risk_assessment_count":0,"service_request_id":"21D30642-70CF-4961-85F5-66C82EABF965","source":"DPR -Public Tree Map","status":"Open","work_order_count":0},"type":"Feature"},{"geometry":{"coordinates":[-73.974177,40.785257],"type":"Point"},"id":"21D67F4F-EE00-4024-AF30-6D27D1EAFA11","properties":{"borough":"Manhattan","created_date":"2026-09-08T10:35:02.000","inspection_count":0,"latest_inspection_date":null,"latest_work_order_status":null,"latest_work_order_type":null,"max_risk_rating":null,"risk_assessment_count":0,"service_request_id":"21D67F4F-EE00-4024-AF30-6D27D1EAFA11","source":"Department of Parks and Recreation - Public Web Site","status":"Closed","work_order_count":0},"type":"Feature"},{"geometry":{"coordinates":[-73.974177,40.785257],"type":"Point"},"id":"21E68476-4DB6-4D4A-B419-68ADA5E115E2","properties":{"borough":"Manhattan","created_date":"2026-09-07T12:20:02.000","inspection_count":0,"latest_inspection_date":null,"latest_work_order_status":null,"latest_work_order_type":null,"max_risk_rating":null,"risk_assessment_count":0,"service_request_id":"21E68476-4DB6-4D4A-B419-68ADA5E115E2","source":"Department of Parks and Recreation - Public Web Site","status":"Closed","work_order_count":0},"type":"Feature"},{"geometry":{"coordinates":[-74.084451,40.644623],"type":"Point"},"id":"22079C16-BC2C-482D-B496-36A683A3674E","properties":{"borough":"Staten Island","created_date":"2026-09-21T16:02:12.000","inspection_count":0,"latest_inspection_date":null,"latest_work_order_status":null,"latest_work_order_type":null,"max_risk_rating":null,"risk_assessment_count":0,"service_request_id":"22079C16-BC2C-482D-B496-36A683A3674E","source":"3-1-1 Call Center","status":"Open","work_order_count":0},"type":"Feature"},{"geometry":{"coordinates":[-73.81944,40.792845],"type":"Point"},"id":"220E5273-24B2-4EA3-A0B1-E4FCE08FC0B9","properties":{"borough":"Queens","created_date":"2026-09-13T15:45:00.000","inspection_count":1,"latest_inspection_date":"2026-09-14T04:00:00.000","latest_work_order_status":"Closed","latest_work_order_type":"Limb Down","max_risk_rating":"8.0","risk_assessment_count":1,"service_request_id":"220E5273-24B2-4EA3-A0B1-E4FCE08FC0B9","source":"3-1-1 Call Center","status":"Closed","work_order_count":1},"type":"Feature"},{"geometry":{"coordinates":[-73.931459,40.766638],"type":"Point"},"id":"221554A3-04C5-4C8E-B7CD-9FCD0D4557E8","properties":{"borough":"Queens","created_date":"2026-09-17T20:06:00.000","inspection_count":0,"latest_inspection_date":null,"latest_work_order_status":null,"latest_work_order_type":null,"max_risk_rating":null,"risk_assessment_count":0,"service_request_id":"221554A3-04C5-4C8E-B7CD-9FCD0D4557E8","source":"Department of Parks and Recreation - Public Web Site","status":"Open","work_order_count":0},"type":"Feature"},{"geometry":{"coordinates":[-73.706964,40.745187],"type":"Point"},"id":"221635B7-9317-4850-B586-6C7953908317","properties":{"borough":"Queens","created_date":"2026-09-22T22:51:00.000","inspection_count":0,"latest_inspection_date":null,"latest_work_order_status":null,"latest_work_order_type":null,"max_risk_rating":null,"risk_assessment_count":0,"service_request_id":"221635B7-9317-4850-B586-6C7953908317","source":"3-1-1 Call Center","status":"Open","work_order_count":0},"type":"Feature"},{"geometry":{"coordinates":[-73.714838,40.734417],"type":"Point"},"id":"221D4428-7B75-4161-81BB-8E9B8D27766E","properties":{"borough":"Queens","created_date":"2026-09-10T13:33:00.000","inspection_count":0,"latest_inspection_date":null,"latest_work_order_status":null,"latest_work_order_type":null,"max_risk_rating":null,"risk_assessment_count":0,"service_request_id":"221D4428-7B75-4161-81BB-8E9B8D27766E","source":"3-1-1 Call Center","status":"Open","work_order_count":0},"type":"Feature"},{"geometry":{"coordinates":[-73.954811,40.668467],"type":"Point"},"id":"2228F820-2C2E-4025-AAEF-5A84B9F3DE39","properties":{"borough":"Brooklyn","created_date":"2026-09-23T12:43:00.000","inspection_count":0,"latest_inspection_date":null,"latest_work_order_status":null,"latest_work_order_type":null,"max_risk_rating":null,"risk_assessment_count":0,"service_request_id":"2228F820-2C2E-4025-AAEF-5A84B9F3DE39","source":"3-1-1 Call Center","status":"Closed","work_order_count":0},"type":"Feature"},{"geometry":{"coordinates":[-73.974177,40.785257],"type":"Point"},"id":"2230BE64-AEB4-4D5F-ABCA-7B9936B47CC4","properties":{"borough":"Manhattan","created_date":"2026-09-09T04:55:02.000","inspection_count":0,"latest_inspection_date":null,"latest_work_order_status":null,"latest_work_order_type":null,"max_risk_rating":null,"risk_assessment_count":0,"service_request_id":"2230BE64-AEB4-4D5F-ABCA-7B9936B47CC4","source":"Department of Parks and Recreation - Public Web Site","status":"Closed","work_order_count":0},"type":"Feature"},{"geometry":{"coordinates":[-73.955117,40.733567],"type":"Point"},"id":"223204AE-68D1-446F-B86E-5B184758B5B2","properties":{"borough":"Brooklyn","created_date":"2026-09-11T21:35:43.000","inspection_count":0,"latest_inspection_date":null,"latest_work_order_status":null,"latest_work_order_type":null,"max_risk_rating":null,"risk_assessment_count":0,"service_request_id":"223204AE-68D1-446F-B86E-5B184758B5B2","source":"DPR -Public Tree Map","status":"Open","work_order_count":0},"type":"Feature"},{"geometry":{"coordinates":[-73.974177,40.785257],"type":"Point"},"id":"2235321D-DC57-4C1F-AA1B-C3B217D3802F","properties":{"borough":"Manhattan","created_date":"2026-09-07T11:40:02.000","inspection_count":0,"latest_inspection_date":null,"latest_work_order_status":null,"latest_work_order_type":null,"max_risk_rating":null,"risk_assessment_count":0,"service_request_id":"2235321D-DC57-4C1F-AA1B-C3B217D3802F","source":"Department of Parks and Recreation - Public Web Site","status":"Closed","work_order_count":0},"type":"Feature"},{"geometry":{"coordinates":[-73.832547,40.680543],"type":"Point"},"id":"225E8D28-59C5-4370-9AA8-0B9FF64C43B8","properties":{"borough":"Queens","created_date":"2026-09-14T22:18:00.000","inspection_count":0,"latest_inspection_date":null,"latest_work_order_status":null,"latest_work_order_type":null,"max_risk_rating":null,"risk_assessment_count":0,"service_request_id":"225E8D28-59C5-4370-9AA8-0B9FF64C43B8","source":"3-1-1 Call Center","status":"Open","work_order_count":0},"type":"Feature"},{"geometry":{"coordinates":[-73.787921,40.787779],"type":"Point"},"id":"22719041-AFBE-4B46-AAA5-B4C667C23E16","properties":{"borough":"Queens","created_date":"2026-09-15T18:45:00.000","inspection_count":0,"latest_inspection_date":null,"latest_work_order_status":null,"latest_work_order_type":null,"max_risk_rating":null,"risk_assessment_count":0,"service_request_id":"22719041-AFBE-4B46-AAA5-B4C667C23E16","source":"3-1-1 Call Center","status":"Open","work_order_count":0},"type":"Feature"},{"geometry":{"coordinates":[-73.774343,40.716252],"type":"Point"},"id":"2273218A-387C-4289-BB92-08C1EECED892","properties":{"borough":"Queens","created_date":"2026-09-01T04:08:00.000","inspection_count":0,"latest_inspection_date":null,"latest_work_order_status":null,"latest_work_order_type":null,"max_risk_rating":null,"risk_assessment_count":0,"service_request_id":"2273218A-387C-4289-BB92-08C1EECED892","source":"Department of Parks and Recreation - Public Web Site","status":"Open","work_order_count":0},"type":"Feature"},{"geometry":{"coordinates":[-73.812186,40.774358],"type":"Point"},"id":"22822565-D9E6-4EC4-8975-1BFECC656C47","properties":{"borough":"Queens","created_date":"2026-09-21T16:32:00.000","inspection_count":0,"latest_inspection_date":null,"latest_work_order_status":null,"latest_work_order_type":null,"max_risk_rating":null,"risk_assessment_count":0,"service_request_id":"22822565-D9E6-4EC4-8975-1BFECC656C47","source":"3-1-1 Call Center","status":"Closed","work_order_count":0},"type":"Feature"},{"geometry":{"coordinates":[-73.812186,40.786136],"type":"Point"},"id":"2287E624-AA55-4372-942F-815FFE238B3D","properties":{"borough":"Queens","created_date":"2026-09-15T14:40:00.000","inspection_count":0,"latest_inspection_date":null,"latest_work_order_status":null,"latest_work_order_type":null,"max_risk_rating":null,"risk_assessment_count":0,"service_request_id":"2287E624-AA55-4372-942F-815FFE238B3D","source":"Department of Parks and Recreation - Public Web Site","status":"Open","work_order_count":0},"type":"Feature"},{"geometry":{"coordinates":[-73.981212,40.668161],"type":"Point"},"id":"22AEE233-69F8-4BEE-A945-A00D4FAAFF73","properties":{"borough":"Brooklyn","created_date":"2026-09-04T12:04:32.000","inspection_count":0,"latest_inspection_date":null,"latest_work_order_status":null,"latest_work_order_type":null,"max_risk_rating":null,"risk_assessment_count":0,"service_request_id":"22AEE233-69F8-4BEE-A945-A00D4FAAFF73","source":"Department of Parks and Recreation - Public Web Site","status":"Open","work_order_count":0},"type":"Feature"},{"geometry":{"coordinates":[-73.840962,40.722723],"type":"Point"},"id":"22B8FDD0-E838-4EE2-AC4D-3B51C808C0F0","properties":{"borough":"Queens","created_date":"2026-09-16T11:45:00.000","inspection_count":0,"latest_inspection_date":null,"latest_work_order_status":null,"latest_work_order_type":null,"max_risk_rating":null,"risk_assessment_count":0,"service_request_id":"22B8FDD0-E838-4EE2-AC4D-3B51C808C0F0","source":"3-1-1 Call Center","status":"Open","work_order_count":0},"type":"Feature"},{"geometry":{"coordinates":[-73.8568,40.704266],"type":"Point"},"id":"22BC247F-9A8F-46F3-8E24-16C87FE83FE3","properties":{"borough":"Queens","created_date":"2026-09-13T18:47:36.000","inspection_count":0,"latest_inspection_date":null,"latest_work_order_status":null,"latest_work_order_type":null,"max_risk_rating":null,"risk_assessment_count":0,"service_request_id":"22BC247F-9A8F-46F3-8E24-16C87FE83FE3","source":"Department of Parks and Recreation - Public Web Site","status":"Closed","work_order_count":0},"type":"Feature"},{"geometry":{"coordinates":[-73.715319,40.734097],"type":"Point"},"id":"22BF9F87-1A9B-4059-BB58-54002734C09A","properties":{"borough":"Queens","created_date":"2026-09-23T16:27:00.000","inspection_count":0,"latest_inspection_date":null,"latest_work_order_status":null,"latest_work_order_type":null,"max_risk_rating":null,"risk_assessment_count":0,"service_request_id":"22BF9F87-1A9B-4059-BB58-54002734C09A","source":"3-1-1 Call Center","status":"Open","work_order_count":0},"type":"Feature"},{"geometry":{"coordinates":[-73.772311,40.77685],"type":"Point"},"id":"22E2A5B5-A7D3-4A8B-9222-7B3875C5D7D4","properties":{"borough":"Queens","created_date":"2026-09-03T17:56:00.000","inspection_count":0,"latest_inspection_date":null,"latest_work_order_status":null,"latest_work_order_type":null,"max_risk_rating":null,"risk_assessment_count":0,"service_request_id":"22E2A5B5-A7D3-4A8B-9222-7B3875C5D7D4","source":"3-1-1 Call Center","status":"Open","work_order_count":0},"type":"Feature"},{"geometry":{"coordinates":[-73.974177,40.785257],"type":"Point"},"id":"22EC96A8-B9A9-4074-BE1E-7687EB6DF81C","properties":{"borough":"Manhattan","created_date":"2026-09-08T01:10:02.000","inspection_count":0,"latest_inspection_date":null,"latest_work_order_status":null,"latest_work_order_type":null,"max_risk_rating":null,"risk_assessment_count":0,"service_request_id":"22EC96A8-B9A9-4074-BE1E-7687EB6DF81C","source":"Department of Parks and Recreation - Public Web Site","status":"Closed","work_order_count":0},"type":"Feature"},{"geometry":{"coordinates":[-73.715342,40.748095],"type":"Point"},"id":"22F145CD-C3E4-47B4-8CBC-3BE87AABFA5B","properties":{"borough":"Queens","created_date":"2026-09-15T18:37:00.000","inspection_count":0,"latest_inspection_date":null,"latest_work_order_status":null,"latest_work_order_type":null,"max_risk_rating":null,"risk_assessment_count":0,"service_request_id":"22F145CD-C3E4-47B4-8CBC-3BE87AABFA5B","source":"3-1-1 Call Center","status":"Open","work_order_count":0},"type":"Feature"},{"geometry":{"coordinates":[-73.956185,40.705848],"type":"Point"},"id":"23067208-DD7C-4FE9-858E-28216D9CA423","properties":{"borough":"Brooklyn","created_date":"2026-09-24T15:54:34.000","inspection_count":0,"latest_inspection_date":null,"latest_work_order_status":null,"latest_work_order_type":null,"max_risk_rating":null,"risk_assessment_count":0,"service_request_id":"23067208-DD7C-4FE9-858E-28216D9CA423","source":"3-1-1 Call Center","status":"Open","work_order_count":0},"type":"Feature"},{"geometry":{"coordinates":[-73.866114,40.726925],"type":"Point"},"id":"231C4CC5-7F8D-4E68-A856-10E28D18162D","properties":{"borough":"Queens","created_date":"2026-09-01T14:53:00.000","inspection_count":0,"latest_inspection_date":null,"latest_work_order_status":null,"latest_work_order_type":null,"max_risk_rating":null,"risk_assessment_count":0,"service_request_id":"231C4CC5-7F8D-4E68-A856-10E28D18162D","source":"3-1-1 Call Center","status":"Open","work_order_count":0},"type":"Feature"},{"geometry":{"coordinates":[-73.800319,40.675678],"type":"Point"},"id":"232524BD-94CC-4A82-97B2-6049539D0C47","properties":{"borough":"Queens","created_date":"2026-09-09T11:51:00.000","inspection_count":1,"latest_inspection_date":"2026-09-17T12:47:42.000","latest_work_order_status":null,"latest_work_order_type":null,"max_risk_rating":"7.0","risk_assessment_count":2,"service_request_id":"232524BD-94CC-4A82-97B2-6049539D0C47","source":"3-1-1 Call Center","status":"Open","work_order_count":0},"type":"Feature"},{"geometry":{"coordinates":[-73.974177,40.785257],"type":"Point"},"id":"233C502E-8E72-4770-9D6F-0A59DDE35493","properties":{"borough":"Manhattan","created_date":"2026-09-08T05:10:02.000","inspection_count":0,"latest_inspection_date":null,"latest_work_order_status":null,"latest_work_order_type":null,"max_risk_rating":null,"risk_assessment_count":0,"service_request_id":"233C502E-8E72-4770-9D6F-0A59DDE35493","source":"Department of Parks and Recreation - Public Web Site","status":"Closed","work_order_count":0},"type":"Feature"},{"geometry":{"coordinates":[-74.003483,40.616306],"type":"Point"},"id":"234C3D44-A875-4620-B942-5478EBB23EAE","properties":{"borough":"Brooklyn","created_date":"2026-09-12T19:50:02.000","inspection_count":0,"latest_inspection_date":null,"latest_work_order_status":null,"latest_work_order_type":null,"max_risk_rating":null,"risk_assessment_count":0,"service_request_id":"234C3D44-A875-4620-B942-5478EBB23EAE","source":"Department of Parks and Recreation - Public Web Site","status":"Open","work_order_count":0},"type":"Feature"},{"geometry":{"coordinates":[-74.150708,40.587235],"type":"Point"},"id":"234F8BB6-70D8-433A-98E0-917929E65B32","properties":{"borough":"Staten Island","created_date":"2026-09-25T01:36:00.000","inspection_count":0,"latest_inspection_date":null,"latest_work_order_status":null,"latest_work_order_type":null,"max_risk_rating":null,"risk_assessment_count":0,"service_request_id":"234F8BB6-70D8-433A-98E0-917929E65B32","source":"Department of Parks and Recreation - Public Web Site","status":"Open","work_order_count":0},"type":"Feature"},{"geometry":{"coordinates":[-73.974177,40.785257],"type":"Point"},"id":"235CDF7F-EF37-41CF-A9C0-A75804B30133","properties":{"borough":"Manhattan","created_date":"2026-09-07T12:15:02.000","inspection_count":0,"latest_inspection_date":null,"latest_work_order_status":null,"latest_work_order_type":null,"max_risk_rating":null,"risk_assessment_count":0,"service_request_id":"235CDF7F-EF37-41CF-A9C0-A75804B30133","source":"Department of Parks and Recreation - Public Web Site","status":"Closed","work_order_count":0},"type":"Feature"},{"geometry":{"coordinates":[-74.133548,40.580106],"type":"Point"},"id":"2363A421-1FA9-458B-B839-FF9DC0F3BBE3","properties":{"borough":"Staten Island","created_date":"2026-09-15T15:56:00.000","inspection_count":1,"latest_inspection_date":"2026-03-18T15:06:59.000","latest_work_order_status":null,"latest_work_order_type":null,"max_risk_rating":"9.0","risk_assessment_count":2,"service_request_id":"2363A421-1FA9-458B-B839-FF9DC0F3BBE3","source":"3-1-1 Call Center","status":"Open","work_order_count":0},"type":"Feature"},{"geometry":{"coordinates":[-73.749736,40.599309],"type":"Point"},"id":"23753DDA-E13D-41D1-BF43-3033A6F1CDA0","properties":{"borough":"Queens","created_date":"2026-09-10T19:02:00.000","inspection_count":0,"latest_inspection_date":null,"latest_work_order_status":null,"latest_work_order_type":null,"max_risk_rating":null,"risk_assessment_count":0,"service_request_id":"23753DDA-E13D-41D1-BF43-3033A6F1CDA0","source":"3-1-1 Call Center","status":"Open","work_order_count":0},"type":"Feature"},{"geometry":{"coordinates":[-73.810292,40.767474],"type":"Point"},"id":"237B8C36-91D4-469F-A78F-3B06C686F57A","properties":{"borough":"Queens","created_date":"2026-09-06T17:00:00.000","inspection_count":0,"latest_inspection_date":null,"latest_work_order_status":null,"latest_work_order_type":null,"max_risk_rating":null,"risk_assessment_count":0,"service_request_id":"237B8C36-91D4-469F-A78F-3B06C686F57A","source":"Department of Parks and Recreation - Public Web Site","status":"Open","work_order_count":0},"type":"Feature"},{"geometry":{"coordinates":[-73.908867,40.764235],"type":"Point"},"id":"23879444-5FA2-4AB6-A6C1-436B7B79431A","properties":{"borough":"Queens","created_date":"2026-09-04T00:52:00.000","inspection_count":0,"latest_inspection_date":null,"latest_work_order_status":null,"latest_work_order_type":null,"max_risk_rating":null,"risk_assessment_count":0,"service_request_id":"23879444-5FA2-4AB6-A6C1-436B7B79431A","source":"3-1-1 Call Center","status":"Open","work_order_count":0},"type":"Feature"},{"geometry":{"coordinates":[-73.934061,40.643498],"type":"Point"},"id":"238BFBCD-A00E-4055-8FCC-356924FB8327","properties":{"borough":"Brooklyn","created_date":"2026-09-18T17:52:11.000","inspection_count":0,"latest_inspection_date":null,"latest_work_order_status":null,"latest_work_order_type":null,"max_risk_rating":null,"risk_assessment_count":0,"service_request_id":"238BFBCD-A00E-4055-8FCC-356924FB8327","source":"Department of Parks and Recreation - Public Web Site","status":"Open","work_order_count":0},"type":"Feature"},{"geometry":{"coordinates":[-73.974177,40.785257],"type":"Point"},"id":"238EBA7D-E555-4958-828F-C19D76D7AE23","properties":{"borough":"Manhattan","created_date":"2026-09-07T15:20:02.000","inspection_count":0,"latest_inspection_date":null,"latest_work_order_status":null,"latest_work_order_type":null,"max_risk_rating":null,"risk_assessment_count":0,"service_request_id":"238EBA7D-E555-4958-828F-C19D76D7AE23","source":"Department of Parks and Recreation - Public Web Site","status":"Closed","work_order_count":0},"type":"Feature"},{"geometry":{"coordinates":[-73.885867,40.701746],"type":"Point"},"id":"23931467-435C-4FF4-AD48-2C2D4CB41A7E","properties":{"borough":"Queens","created_date":"2026-09-16T01:23:00.000","inspection_count":0,"latest_inspection_date":null,"latest_work_order_status":null,"latest_work_order_type":null,"max_risk_rating":null,"risk_assessment_count":0,"service_request_id":"23931467-435C-4FF4-AD48-2C2D4CB41A7E","source":"3-1-1 Call Center","status":"Open","work_order_count":0},"type":"Feature"},{"geometry":{"coordinates":[-74.170273,40.557784],"type":"Point"},"id":"23A0AB37-DB31-49E3-8CAF-B6E88433A247","properties":{"borough":"Staten Island","created_date":"2026-09-03T14:38:00.000","inspection_count":1,"latest_inspection_date":"2026-03-18T13:47:04.000","latest_work_order_status":null,"latest_work_order_type":null,"max_risk_rating":"8.0","risk_assessment_count":2,"service_request_id":"23A0AB37-DB31-49E3-8CAF-B6E88433A247","source":"3-1-1 Call Center","status":"Closed","work_order_count":0},"type":"Feature"},{"geometry":{"coordinates":[-74.072318,40.598247],"type":"Point"},"id":"23B0E60A-7A5C-4C54-B5B4-9C7005BFF38B","properties":{"borough":"Staten Island","created_date":"2026-09-03T10:46:00.000","inspection_count":0,"latest_inspection_date":null,"latest_work_order_status":null,"latest_work_order_type":null,"max_risk_rating":null,"risk_assessment_count":0,"service_request_id":"23B0E60A-7A5C-4C54-B5B4-9C7005BFF38B","source":"3-1-1 Call Center","status":"Closed","work_order_count":0},"type":"Feature"},{"geometry":{"coordinates":[-73.780354,40.785846],"type":"Point"},"id":"23C196A9-7E05-47D0-A6EB-81B291FBA5C4","properties":{"borough":"Queens","created_date":"2026-09-23T12:45:00.000","inspection_count":0,"latest_inspection_date":null,"latest_work_order_status":null,"latest_work_order_type":null,"max_risk_rating":null,"risk_assessment_count":0,"service_request_id":"23C196A9-7E05-47D0-A6EB-81B291FBA5C4","source":"Department of Parks and Recreation - Public Web Site","status":"Open","work_order_count":0},"type":"Feature"},{"geometry":{"coordinates":[-73.962534,40.614697],"type":"Point"},"id":"23C66960-89C5-4DD3-9E25-4F2CF9C75D90","properties":{"borough":"Brooklyn","created_date":"2026-09-02T21:08:00.000","inspection_count":1,"latest_inspection_date":"2026-09-03T11:59:32.000","latest_work_order_status":"Closed","latest_work_order_type":"Hanging Limb","max_risk_rating":"9.0","risk_assessment_count":2,"service_request_id":"23C66960-89C5-4DD3-9E25-4F2CF9C75D90","source":"3-1-1 Call Center","status":"Closed","work_order_count":1},"type":"Feature"},{"geometry":{"coordinates":[-73.878948,40.667045],"type":"Point"},"id":"23D238BB-38BC-46CC-BBA4-CF578526E6AE","properties":{"borough":"Brooklyn","created_date":"2026-09-19T11:47:47.000","inspection_count":0,"latest_inspection_date":null,"latest_work_order_status":null,"latest_work_order_type":null,"max_risk_rating":null,"risk_assessment_count":0,"service_request_id":"23D238BB-38BC-46CC-BBA4-CF578526E6AE","source":"3-1-1 Call Center","status":"Open","work_order_count":0},"type":"Feature"},{"geometry":{"coordinates":[-73.730074,40.686684],"type":"Point"},"id":"23D3F774-8F62-4A99-930B-ECC2FC87028D","properties":{"borough":"Queens","created_date":"2026-09-08T15:24:00.000","inspection_count":0,"latest_inspection_date":null,"latest_work_order_status":null,"latest_work_order_type":null,"max_risk_rating":null,"risk_assessment_count":0,"service_request_id":"23D3F774-8F62-4A99-930B-ECC2FC87028D","source":"3-1-1 Call Center","status":"Open","work_order_count":0},"type":"Feature"},{"geometry":{"coordinates":[-73.912655,40.838008],"type":"Point"},"id":"23D4342E-D855-4F65-BEE4-0D7C7F2DC5A9","properties":{"borough":"Bronx","created_date":"2026-09-08T14:41:27.000","inspection_count":0,"latest_inspection_date":null,"latest_work_order_status":null,"latest_work_order_type":null,"max_risk_rating":null,"risk_assessment_count":0,"service_request_id":"23D4342E-D855-4F65-BEE4-0D7C7F2DC5A9","source":"3-1-1 Call Center","status":"Closed","work_order_count":0},"type":"Feature"},{"geometry":{"coordinates":[-73.751197,40.747426],"type":"Point"},"id":"23D59943-F067-41CD-8E80-B436DA6847A7","properties":{"borough":"Queens","created_date":"2026-09-13T12:57:00.000","inspection_count":0,"latest_inspection_date":null,"latest_work_order_status":null,"latest_work_order_type":null,"max_risk_rating":null,"risk_assessment_count":0,"service_request_id":"23D59943-F067-41CD-8E80-B436DA6847A7","source":"3-1-1 Call Center","status":"Open","work_order_count":0},"type":"Feature"},{"geometry":{"coordinates":[-73.944174,40.590601],"type":"Point"},"id":"2402CD38-5EDD-4218-987D-1A95EF37ACBE","properties":{"borough":"Brooklyn","created_date":"2026-09-23T21:21:32.000","inspection_count":0,"latest_inspection_date":null,"latest_work_order_status":null,"latest_work_order_type":null,"max_risk_rating":null,"risk_assessment_count":0,"service_request_id":"2402CD38-5EDD-4218-987D-1A95EF37ACBE","source":"Department of Parks and Recreation - Public Web Site","status":"Open","work_order_count":0},"type":"Feature"},{"geometry":{"coordinates":[-73.942867,40.645378],"type":"Point"},"id":"241BF2D7-E75B-4F6C-ABCA-C1AD7591C779","properties":{"borough":"Brooklyn","created_date":"2026-09-13T17:42:00.000","inspection_count":0,"latest_inspection_date":null,"latest_work_order_status":null,"latest_work_order_type":null,"max_risk_rating":null,"risk_assessment_count":0,"service_request_id":"241BF2D7-E75B-4F6C-ABCA-C1AD7591C779","source":"3-1-1 Call Center","status":"Open","work_order_count":0},"type":"Feature"},{"geometry":{"coordinates":[-73.917438,40.745835],"type":"Point"},"id":"243E7483-75D5-4F26-8CEB-130868EB0BD5","properties":{"borough":"Queens","created_date":"2026-09-16T14:36:00.000","inspection_count":0,"latest_inspection_date":null,"latest_work_order_status":null,"latest_work_order_type":null,"max_risk_rating":null,"risk_assessment_count":0,"service_request_id":"243E7483-75D5-4F26-8CEB-130868EB0BD5","source":"3-1-1 Call Center","status":"Open","work_order_count":0},"type":"Feature"},{"geometry":{"coordinates":[-73.854035,40.730322],"type":"Point"},"id":"245527E8-090A-41F1-8FC1-A273E4166875","properties":{"borough":"Queens","created_date":"2026-09-24T22:58:00.000","inspection_count":0,"latest_inspection_date":null,"latest_work_order_status":null,"latest_work_order_type":null,"max_risk_rating":null,"risk_assessment_count":0,"service_request_id":"245527E8-090A-41F1-8FC1-A273E4166875","source":"3-1-1 Call Center","status":"Open","work_order_count":0},"type":"Feature"},{"geometry":{"coordinates":[-74.1162,40.633638],"type":"Point"},"id":"246671D1-A5F0-439B-BEFB-A20CE3A79080","properties":{"borough":"Staten Island","created_date":"2026-09-03T15:37:00.000","inspection_count":0,"latest_inspection_date":null,"latest_work_order_status":null,"latest_work_order_type":null,"max_risk_rating":null,"risk_assessment_count":0,"service_request_id":"246671D1-A5F0-439B-BEFB-A20CE3A79080","source":"3-1-1 Call Center","status":"Closed","work_order_count":0},"type":"Feature"},{"geometry":{"coordinates":[-73.887966,40.721233],"type":"Point"},"id":"24732A51-BD6B-43DA-B143-CE0703B57C6F","properties":{"borough":"Queens","created_date":"2026-09-24T19:35:00.000","inspection_count":0,"latest_inspection_date":null,"latest_work_order_status":null,"latest_work_order_type":null,"max_risk_rating":null,"risk_assessment_count":0,"service_request_id":"24732A51-BD6B-43DA-B143-CE0703B57C6F","source":"3-1-1 Call Center","status":"Open","work_order_count":0},"type":"Feature"},{"geometry":{"coordinates":[-74.152957,40.633842],"type":"Point"},"id":"2481B2DB-61A4-4362-8C04-E0622D89F88B","properties":{"borough":"Staten Island","created_date":"2026-09-04T13:06:00.000","inspection_count":0,"latest_inspection_date":null,"latest_work_order_status":null,"latest_work_order_type":null,"max_risk_rating":null,"risk_assessment_count":0,"service_request_id":"2481B2DB-61A4-4362-8C04-E0622D89F88B","source":"3-1-1 Call Center","status":"Open","work_order_count":0},"type":"Feature"},{"geometry":{"coordinates":[-73.974177,40.785257],"type":"Point"},"id":"248BCE76-9BD8-40D1-BE68-031B09186BFB","properties":{"borough":"Manhattan","created_date":"2026-09-09T04:30:02.000","inspection_count":0,"latest_inspection_date":null,"latest_work_order_status":null,"latest_work_order_type":null,"max_risk_rating":null,"risk_assessment_count":0,"service_request_id":"248BCE76-9BD8-40D1-BE68-031B09186BFB","source":"Department of Parks and Recreation - Public Web Site","status":"Closed","work_order_count":0},"type":"Feature"},{"geometry":{"coordinates":[-73.844172,40.675446],"type":"Point"},"id":"248FBBAD-886E-4F65-B5AA-AC4D2CBE23F6","properties":{"borough":"Queens","created_date":"2026-09-13T19:38:00.000","inspection_count":0,"latest_inspection_date":null,"latest_work_order_status":null,"latest_work_order_type":null,"max_risk_rating":null,"risk_assessment_count":0,"service_request_id":"248FBBAD-886E-4F65-B5AA-AC4D2CBE23F6","source":"3-1-1 Call Center","status":"Open","work_order_count":0},"type":"Feature"},{"geometry":{"coordinates":[-74.003483,40.616306],"type":"Point"},"id":"249197C6-4416-4978-BCD2-6C8D85C030CE","properties":{"borough":"Brooklyn","created_date":"2026-09-11T23:45:01.000","inspection_count":0,"latest_inspection_date":null,"latest_work_order_status":null,"latest_work_order_type":null,"max_risk_rating":null,"risk_assessment_count":0,"service_request_id":"249197C6-4416-4978-BCD2-6C8D85C030CE","source":"Department of Parks and Recreation - Public Web Site","status":"Open","work_order_count":0},"type":"Feature"},{"geometry":{"coordinates":[-73.964957,40.630505],"type":"Point"},"id":"24966292-6C7A-453D-ACB5-AE1727776939","properties":{"borough":"Brooklyn","created_date":"2026-09-24T02:33:00.000","inspection_count":0,"latest_inspection_date":null,"latest_work_order_status":null,"latest_work_order_type":null,"max_risk_rating":null,"risk_assessment_count":0,"service_request_id":"24966292-6C7A-453D-ACB5-AE1727776939","source":"Department of Parks and Recreation - Public Web Site","status":"Open","work_order_count":0},"type":"Feature"},{"geometry":{"coordinates":[-73.874835,40.753353],"type":"Point"},"id":"24CB09D7-A077-437F-8BC6-2606651E2A4C","properties":{"borough":"Queens","created_date":"2026-09-23T13:31:00.000","inspection_count":0,"latest_inspection_date":null,"latest_work_order_status":null,"latest_work_order_type":null,"max_risk_rating":null,"risk_assessment_count":0,"service_request_id":"24CB09D7-A077-437F-8BC6-2606651E2A4C","source":"3-1-1 Call Center","status":"Open","work_order_count":0},"type":"Feature"},{"geometry":{"coordinates":[-73.974177,40.785257],"type":"Point"},"id":"24D2864C-D07E-463A-8213-FDE3836C523F","properties":{"borough":"Manhattan","created_date":"2026-09-09T10:15:02.000","inspection_count":0,"latest_inspection_date":null,"latest_work_order_status":null,"latest_work_order_type":null,"max_risk_rating":null,"risk_assessment_count":0,"service_request_id":"24D2864C-D07E-463A-8213-FDE3836C523F","source":"Department of Parks and Recreation - Public Web Site","status":"Closed","work_order_count":0},"type":"Feature"},{"geometry":{"coordinates":[-73.993202,40.693961],"type":"Point"},"id":"24DB1E96-4B38-4648-BA9F-9469152CD8AB","properties":{"borough":"Brooklyn","created_date":"2026-09-17T21:16:00.000","inspection_count":0,"latest_inspection_date":null,"latest_work_order_status":null,"latest_work_order_type":null,"max_risk_rating":null,"risk_assessment_count":0,"service_request_id":"24DB1E96-4B38-4648-BA9F-9469152CD8AB","source":"Department of Parks and Recreation - Public Web Site","status":"Open","work_order_count":0},"type":"Feature"},{"geometry":{"coordinates":[-73.811643,40.688117],"type":"Point"},"id":"24DF5A4C-B085-4546-954E-D83307053689","properties":{"borough":"Queens","created_date":"2026-09-09T21:11:00.000","inspection_count":0,"latest_inspection_date":null,"latest_work_order_status":null,"latest_work_order_type":null,"max_risk_rating":null,"risk_assessment_count":0,"service_request_id":"24DF5A4C-B085-4546-954E-D83307053689","source":"3-1-1 Call Center","status":"Open","work_order_count":0},"type":"Feature"},{"geometry":{"coordinates":[-73.974177,40.785257],"type":"Point"},"id":"24E46F64-571D-4BCB-B224-8D81961F21EF","properties":{"borough":"Manhattan","created_date":"2026-09-08T09:45:02.000","inspection_count":0,"latest_inspection_date":null,"latest_work_order_status":null,"latest_work_order_type":null,"max_risk_rating":null,"risk_assessment_count":0,"service_request_id":"24E46F64-571D-4BCB-B224-8D81961F21EF","source":"Department of Parks and Recreation - Public Web Site","status":"Closed","work_order_count":0},"type":"Feature"},{"geometry":{"coordinates":[-73.866652,40.726579],"type":"Point"},"id":"251E3C28-8E80-4FE2-AE27-5FE0C73753E5","properties":{"borough":"Queens","created_date":"2026-09-24T16:14:00.000","inspection_count":0,"latest_inspection_date":null,"latest_work_order_status":null,"latest_work_order_type":null,"max_risk_rating":null,"risk_assessment_count":0,"service_request_id":"251E3C28-8E80-4FE2-AE27-5FE0C73753E5","source":"3-1-1 Call Center","status":"Open","work_order_count":0},"type":"Feature"},{"geometry":{"coordinates":[-73.800416,40.679133],"type":"Point"},"id":"2524C4D5-875B-49BE-A26B-7BF1CE7348B8","properties":{"borough":"Queens","created_date":"2026-09-09T23:23:00.000","inspection_count":0,"latest_inspection_date":null,"latest_work_order_status":null,"latest_work_order_type":null,"max_risk_rating":null,"risk_assessment_count":0,"service_request_id":"2524C4D5-875B-49BE-A26B-7BF1CE7348B8","source":"3-1-1 Call Center","status":"Open","work_order_count":0},"type":"Feature"},{"geometry":{"coordinates":[-73.752745,40.738759],"type":"Point"},"id":"253226E8-AA3E-44EB-9115-41C1AA0E7F34","properties":{"borough":"Queens","created_date":"2026-09-06T14:39:00.000","inspection_count":0,"latest_inspection_date":null,"latest_work_order_status":null,"latest_work_order_type":null,"max_risk_rating":null,"risk_assessment_count":0,"service_request_id":"253226E8-AA3E-44EB-9115-41C1AA0E7F34","source":"3-1-1 Call Center","status":"Open","work_order_count":0},"type":"Feature"},{"geometry":{"coordinates":[-74.002778,40.649248],"type":"Point"},"id":"255759F7-6B7E-41A6-BDD9-18B51E1DDB79","properties":{"borough":"Brooklyn","created_date":"2026-09-10T18:37:00.000","inspection_count":0,"latest_inspection_date":null,"latest_work_order_status":null,"latest_work_order_type":null,"max_risk_rating":null,"risk_assessment_count":0,"service_request_id":"255759F7-6B7E-41A6-BDD9-18B51E1DDB79","source":"Department of Parks and Recreation - Public Web Site","status":"Open","work_order_count":0},"type":"Feature"},{"geometry":{"coordinates":[-73.974177,40.785257],"type":"Point"},"id":"255E3BC3-CE18-4AF3-9A3D-B908C545C37E","properties":{"borough":"Manhattan","created_date":"2026-09-08T22:50:02.000","inspection_count":0,"latest_inspection_date":null,"latest_work_order_status":null,"latest_work_order_type":null,"max_risk_rating":null,"risk_assessment_count":0,"service_request_id":"255E3BC3-CE18-4AF3-9A3D-B908C545C37E","source":"Department of Parks and Recreation - Public Web Site","status":"Closed","work_order_count":0},"type":"Feature"},{"geometry":{"coordinates":[-73.868716,40.71925],"type":"Point"},"id":"256084EA-43D6-44F8-8E66-FBE2BD59B27F","properties":{"borough":"Queens","created_date":"2026-09-11T21:42:00.000","inspection_count":0,"latest_inspection_date":null,"latest_work_order_status":null,"latest_work_order_type":null,"max_risk_rating":null,"risk_assessment_count":0,"service_request_id":"256084EA-43D6-44F8-8E66-FBE2BD59B27F","source":"3-1-1 Call Center","status":"Open","work_order_count":0},"type":"Feature"},{"geometry":{"coordinates":[-73.974177,40.785257],"type":"Point"},"id":"2571ED51-6BC5-4DA6-9ECD-2C0E0BFB6262","properties":{"borough":"Manhattan","created_date":"2026-09-09T00:15:02.000","inspection_count":0,"latest_inspection_date":null,"latest_work_order_status":null,"latest_work_order_type":null,"max_risk_rating":null,"risk_assessment_count":0,"service_request_id":"2571ED51-6BC5-4DA6-9ECD-2C0E0BFB6262","source":"Department of Parks and Recreation - Public Web Site","status":"Closed","work_order_count":0},"type":"Feature"},{"geometry":{"coordinates":[-74.212412,40.551507],"type":"Point"},"id":"257BC9B0-143E-4B45-A6EA-AD9419B272F6","properties":{"borough":"Staten Island","created_date":"2026-09-01T15:19:00.000","inspection_count":0,"latest_inspection_date":null,"latest_work_order_status":null,"latest_work_order_type":null,"max_risk_rating":null,"risk_assessment_count":0,"service_request_id":"257BC9B0-143E-4B45-A6EA-AD9419B272F6","source":"3-1-1 Call Center","status":"Closed","work_order_count":0},"type":"Feature"},{"geometry":{"coordinates":[-73.844455,40.653142],"type":"Point"},"id":"258896F0-37D2-45C1-AC0B-853A358DC45F","properties":{"borough":"Queens","created_date":"2026-09-02T16:36:46.000","inspection_count":0,"latest_inspection_date":null,"latest_work_order_status":null,"latest_work_order_type":null,"max_risk_rating":null,"risk_assessment_count":0,"service_request_id":"258896F0-37D2-45C1-AC0B-853A358DC45F","source":"3-1-1 Call Center","status":"Open","work_order_count":0},"type":"Feature"},{"geometry":{"coordinates":[-73.811918,40.703153],"type":"Point"},"id":"2590C923-30E5-4A17-B6E7-97626B0247FA","properties":{"borough":"Queens","created_date":"2026-09-14T13:32:00.000","inspection_count":0,"latest_inspection_date":null,"latest_work_order_status":null,"latest_work_order_type":null,"max_risk_rating":null,"risk_assessment_count":0,"service_request_id":"2590C923-30E5-4A17-B6E7-97626B0247FA","source":"3-1-1 Call Center","status":"Open","work_order_count":0},"type":"Feature"},{"geometry":{"coordinates":[-73.829365,40.689651],"type":"Point"},"id":"25926BA2-55DB-492D-950C-AB3FBB463208","properties":{"borough":"Queens","created_date":"2026-09-15T17:45:00.000","inspection_count":0,"latest_inspection_date":null,"latest_work_order_status":null,"latest_work_order_type":null,"max_risk_rating":null,"risk_assessment_count":0,"service_request_id":"25926BA2-55DB-492D-950C-AB3FBB463208","source":"3-1-1 Call Center","status":"Open","work_order_count":0},"type":"Feature"},{"geometry":{"coordinates":[-73.974177,40.785257],"type":"Point"},"id":"259A9DD4-953F-49D2-932F-ADA1C8CD7E7C","properties":{"borough":"Manhattan","created_date":"2026-09-08T04:15:02.000","inspection_count":0,"latest_inspection_date":null,"latest_work_order_status":null,"latest_work_order_type":null,"max_risk_rating":null,"risk_assessment_count":0,"service_request_id":"259A9DD4-953F-49D2-932F-ADA1C8CD7E7C","source":"Department of Parks and Recreation - Public Web Site","status":"Closed","work_order_count":0},"type":"Feature"},{"geometry":{"coordinates":[-73.800336,40.67576],"type":"Point"},"id":"25A413DC-8A1B-4F06-B42D-8DADD90C24EA","properties":{"borough":"Queens","created_date":"2026-09-03T12:38:00.000","inspection_count":0,"latest_inspection_date":null,"latest_work_order_status":null,"latest_work_order_type":null,"max_risk_rating":null,"risk_assessment_count":0,"service_request_id":"25A413DC-8A1B-4F06-B42D-8DADD90C24EA","source":"3-1-1 Call Center","status":"Closed","work_order_count":0},"type":"Feature"},{"geometry":{"coordinates":[-73.818059,40.687831],"type":"Point"},"id":"25A6888F-60DB-4370-8781-9C00CD0651D0","properties":{"borough":"Queens","created_date":"2026-09-05T15:21:00.000","inspection_count":0,"latest_inspection_date":null,"latest_work_order_status":null,"latest_work_order_type":null,"max_risk_rating":null,"risk_assessment_count":0,"service_request_id":"25A6888F-60DB-4370-8781-9C00CD0651D0","source":"3-1-1 Call Center","status":"Open","work_order_count":0},"type":"Feature"},{"geometry":{"coordinates":[-74.073623,40.596717],"type":"Point"},"id":"25BE10DA-B9DA-4023-9218-1C0C962AAD5B","properties":{"borough":"Staten Island","created_date":"2026-09-13T16:12:00.000","inspection_count":0,"latest_inspection_date":null,"latest_work_order_status":null,"latest_work_order_type":null,"max_risk_rating":null,"risk_assessment_count":0,"service_request_id":"25BE10DA-B9DA-4023-9218-1C0C962AAD5B","source":"3-1-1 Call Center","status":"Open","work_order_count":0},"type":"Feature"},{"geometry":{"coordinates":[-73.975286,40.677956],"type":"Point"},"id":"25C4ADE2-BFF0-4B82-8AB2-91904045960D","properties":{"borough":"Brooklyn","created_date":"2026-09-24T22:42:25.000","inspection_count":0,"latest_inspection_date":null,"latest_work_order_status":null,"latest_work_order_type":null,"max_risk_rating":null,"risk_assessment_count":0,"service_request_id":"25C4ADE2-BFF0-4B82-8AB2-91904045960D","source":"Department of Parks and Recreation - Public Web Site","status":"Open","work_order_count":0},"type":"Feature"},{"geometry":{"coordinates":[-73.71735,40.741167],"type":"Point"},"id":"25CA5A93-E2EF-4D6A-BC56-CAC4E98BA0FB","properties":{"borough":"Queens","created_date":"2026-09-09T14:08:00.000","inspection_count":0,"latest_inspection_date":null,"latest_work_order_status":null,"latest_work_order_type":null,"max_risk_rating":null,"risk_assessment_count":0,"service_request_id":"25CA5A93-E2EF-4D6A-BC56-CAC4E98BA0FB","source":"3-1-1 Call Center","status":"Open","work_order_count":0},"type":"Feature"},{"geometry":{"coordinates":[-73.975833,40.671943],"type":"Point"},"id":"25D38C7A-0B2C-4C16-BDDF-4C50F2C7507F","properties":{"borough":"Brooklyn","created_date":"2026-09-03T14:44:22.000","inspection_count":0,"latest_inspection_date":null,"latest_work_order_status":null,"latest_work_order_type":null,"max_risk_rating":null,"risk_assessment_count":0,"service_request_id":"25D38C7A-0B2C-4C16-BDDF-4C50F2C7507F","source":"3-1-1 Call Center","status":"Open","work_order_count":0},"type":"Feature"},{"geometry":{"coordinates":[-73.892413,40.706012],"type":"Point"},"id":"26075BA6-098B-49EE-9AF1-B69BDFE50D08","properties":{"borough":"Queens","created_date":"2026-09-21T18:06:00.000","inspection_count":0,"latest_inspection_date":null,"latest_work_order_status":null,"latest_work_order_type":null,"max_risk_rating":null,"risk_assessment_count":0,"service_request_id":"26075BA6-098B-49EE-9AF1-B69BDFE50D08","source":"3-1-1 Call Center","status":"Open","work_order_count":0},"type":"Feature"},{"geometry":{"coordinates":[-73.800555,40.755729],"type":"Point"},"id":"260C6FC5-E7F8-462C-A6EA-6755B53314AC","properties":{"borough":"Queens","created_date":"2026-09-17T15:58:00.000","inspection_count":0,"latest_inspection_date":null,"latest_work_order_status":null,"latest_work_order_type":null,"max_risk_rating":null,"risk_assessment_count":0,"service_request_id":"260C6FC5-E7F8-462C-A6EA-6755B53314AC","source":"3-1-1 Call Center","status":"Open","work_order_count":0},"type":"Feature"},{"geometry":{"coordinates":[-73.974177,40.785257],"type":"Point"},"id":"2618FF80-D586-45B8-AE15-261695F932E2","properties":{"borough":"Manhattan","created_date":"2026-09-08T02:05:02.000","inspection_count":0,"latest_inspection_date":null,"latest_work_order_status":null,"latest_work_order_type":null,"max_risk_rating":null,"risk_assessment_count":0,"service_request_id":"2618FF80-D586-45B8-AE15-261695F932E2","source":"Department of Parks and Recreation - Public Web Site","status":"Closed","work_order_count":0},"type":"Feature"},{"geometry":{"coordinates":[-74.003483,40.616306],"type":"Point"},"id":"26411F08-A923-4600-BA30-50A855F317A2","properties":{"borough":"Brooklyn","created_date":"2026-09-12T12:55:02.000","inspection_count":0,"latest_inspection_date":null,"latest_work_order_status":null,"latest_work_order_type":null,"max_risk_rating":null,"risk_assessment_count":0,"service_request_id":"26411F08-A923-4600-BA30-50A855F317A2","source":"Department of Parks and Recreation - Public Web Site","status":"Open","work_order_count":0},"type":"Feature"},{"geometry":{"coordinates":[-73.974177,40.785257],"type":"Point"},"id":"26480CDB-D563-4920-97C2-7147BE4F1D4C","properties":{"borough":"Manhattan","created_date":"2026-09-07T08:05:02.000","inspection_count":0,"latest_inspection_date":null,"latest_work_order_status":null,"latest_work_order_type":null,"max_risk_rating":null,"risk_assessment_count":0,"service_request_id":"26480CDB-D563-4920-97C2-7147BE4F1D4C","source":"Department of Parks and Recreation - Public Web Site","status":"Closed","work_order_count":0},"type":"Feature"},{"geometry":{"coordinates":[-73.974177,40.785257],"type":"Point"},"id":"2651F027-4EC7-44AD-B1D9-936E0F45D7EB","properties":{"borough":"Manhattan","created_date":"2026-09-08T05:50:02.000","inspection_count":0,"latest_inspection_date":null,"latest_work_order_status":null,"latest_work_order_type":null,"max_risk_rating":null,"risk_assessment_count":0,"service_request_id":"2651F027-4EC7-44AD-B1D9-936E0F45D7EB","source":"Department of Parks and Recreation - Public Web Site","status":"Closed","work_order_count":0},"type":"Feature"},{"geometry":{"coordinates":[-74.094281,40.596268],"type":"Point"},"id":"2661B49A-F307-46DD-A670-8F1F37DAD3AE","properties":{"borough":"Staten Island","created_date":"2026-09-16T15:54:00.000","inspection_count":0,"latest_inspection_date":null,"latest_work_order_status":null,"latest_work_order_type":null,"max_risk_rating":null,"risk_assessment_count":0,"service_request_id":"2661B49A-F307-46DD-A670-8F1F37DAD3AE","source":"3-1-1 Call Center","status":"Open","work_order_count":0},"type":"Feature"},{"geometry":{"coordinates":[-73.80223,40.735078],"type":"Point"},"id":"266A72C1-3C9A-4BAB-B4D0-F866761FEA66","properties":{"borough":"Queens","created_date":"2026-09-04T00:07:00.000","inspection_count":0,"latest_inspection_date":null,"latest_work_order_status":null,"latest_work_order_type":null,"max_risk_rating":null,"risk_assessment_count":0,"service_request_id":"266A72C1-3C9A-4BAB-B4D0-F866761FEA66","source":"3-1-1 Call Center","status":"Open","work_order_count":0},"type":"Feature"},{"geometry":{"coordinates":[-73.851666,40.713002],"type":"Point"},"id":"267E0FE7-AB4A-4559-96E5-8A14F479FACB","properties":{"borough":"Queens","created_date":"2026-09-12T21:32:00.000","inspection_count":0,"latest_inspection_date":null,"latest_work_order_status":null,"latest_work_order_type":null,"max_risk_rating":null,"risk_assessment_count":0,"service_request_id":"267E0FE7-AB4A-4559-96E5-8A14F479FACB","source":"Department of Parks and Recreation - Public Web Site","status":"Open","work_order_count":0},"type":"Feature"},{"geometry":{"coordinates":[-73.804745,40.787877],"type":"Point"},"id":"269D2FC0-DE5F-4BD5-BA70-D283D7BD9D3C","properties":{"borough":"Queens","created_date":"2026-09-08T19:08:00.000","inspection_count":0,"latest_inspection_date":null,"latest_work_order_status":null,"latest_work_order_type":null,"max_risk_rating":null,"risk_assessment_count":0,"service_request_id":"269D2FC0-DE5F-4BD5-BA70-D283D7BD9D3C","source":"3-1-1 Call Center","status":"Open","work_order_count":0},"type":"Feature"},{"geometry":{"coordinates":[-74.209239,40.548071],"type":"Point"},"id":"26A9426C-2980-4746-AC22-4BF0732BBEE4","properties":{"borough":"Staten Island","created_date":"2026-09-20T13:05:00.000","inspection_count":0,"latest_inspection_date":null,"latest_work_order_status":null,"latest_work_order_type":null,"max_risk_rating":null,"risk_assessment_count":0,"service_request_id":"26A9426C-2980-4746-AC22-4BF0732BBEE4","source":"Department of Parks and Recreation - Public Web Site","status":"Closed","work_order_count":0},"type":"Feature"},{"geometry":{"coordinates":[-73.872007,40.679414],"type":"Point"},"id":"26E28DE4-5A5E-4306-AC82-BBDEC77C6050","properties":{"borough":"Brooklyn","created_date":"2026-09-24T18:20:00.000","inspection_count":0,"latest_inspection_date":null,"latest_work_order_status":null,"latest_work_order_type":null,"max_risk_rating":null,"risk_assessment_count":0,"service_request_id":"26E28DE4-5A5E-4306-AC82-BBDEC77C6050","source":"3-1-1 Call Center","status":"Open","work_order_count":0},"type":"Feature"},{"geometry":{"coordinates":[-74.003483,40.616306],"type":"Point"},"id":"26F66AD9-155D-443B-A1C3-E570C735D76A","properties":{"borough":"Brooklyn","created_date":"2026-09-12T12:15:02.000","inspection_count":0,"latest_inspection_date":null,"latest_work_order_status":null,"latest_work_order_type":null,"max_risk_rating":null,"risk_assessment_count":0,"service_request_id":"26F66AD9-155D-443B-A1C3-E570C735D76A","source":"Department of Parks and Recreation - Public Web Site","status":"Open","work_order_count":0},"type":"Feature"},{"geometry":{"coordinates":[-73.806426,40.722835],"type":"Point"},"id":"270F1E5B-B52D-4E1A-A76F-7641593D18BC","properties":{"borough":"Queens","created_date":"2026-09-23T18:45:00.000","inspection_count":0,"latest_inspection_date":null,"latest_work_order_status":null,"latest_work_order_type":null,"max_risk_rating":null,"risk_assessment_count":0,"service_request_id":"270F1E5B-B52D-4E1A-A76F-7641593D18BC","source":"3-1-1 Call Center","status":"Closed","work_order_count":0},"type":"Feature"},{"geometry":{"coordinates":[-73.919796,40.774717],"type":"Point"},"id":"270FC4BB-747E-4AAA-95C4-62AFF90E6FF1","properties":{"borough":"Queens","created_date":"2026-09-21T11:19:00.000","inspection_count":0,"latest_inspection_date":null,"latest_work_order_status":null,"latest_work_order_type":null,"max_risk_rating":null,"risk_assessment_count":0,"service_request_id":"270FC4BB-747E-4AAA-95C4-62AFF90E6FF1","source":"3-1-1 Call Center","status":"Open","work_order_count":0},"type":"Feature"},{"geometry":{"coordinates":[-73.910117,40.70474],"type":"Point"},"id":"270FF753-5DB3-4B13-9802-9D220431A48A","properties":{"borough":"Queens","created_date":"2026-09-04T00:53:00.000","inspection_count":0,"latest_inspection_date":null,"latest_work_order_status":null,"latest_work_order_type":null,"max_risk_rating":null,"risk_assessment_count":0,"service_request_id":"270FF753-5DB3-4B13-9802-9D220431A48A","source":"3-1-1 Call Center","status":"Open","work_order_count":0},"type":"Feature"},{"geometry":{"coordinates":[-73.972431,40.677928],"type":"Point"},"id":"2717E3BA-7860-43FD-8036-F22C0DD530DA","properties":{"borough":"Brooklyn","created_date":"2026-09-03T22:13:00.000","inspection_count":0,"latest_inspection_date":null,"latest_work_order_status":null,"latest_work_order_type":null,"max_risk_rating":null,"risk_assessment_count":0,"service_request_id":"2717E3BA-7860-43FD-8036-F22C0DD530DA","source":"3-1-1 Call Center","status":"Open","work_order_count":0},"type":"Feature"},{"geometry":{"coordinates":[-74.003483,40.616306],"type":"Point"},"id":"272BD005-9B8D-4A14-9AC9-261D6C5EA1C0","properties":{"borough":"Brooklyn","created_date":"2026-09-11T19:45:02.000","inspection_count":0,"latest_inspection_date":null,"latest_work_order_status":null,"latest_work_order_type":null,"max_risk_rating":null,"risk_assessment_count":0,"service_request_id":"272BD005-9B8D-4A14-9AC9-261D6C5EA1C0","source":"Department of Parks and Recreation - Public Web Site","status":"Open","work_order_count":0},"type":"Feature"},{"geometry":{"coordinates":[-73.934111,40.608242],"type":"Point"},"id":"2737E1F6-F627-4C0F-93FB-D0E22D05527C","properties":{"borough":"Brooklyn","created_date":"2026-09-24T02:06:54.000","inspection_count":0,"latest_inspection_date":null,"latest_work_order_status":null,"latest_work_order_type":null,"max_risk_rating":null,"risk_assessment_count":0,"service_request_id":"2737E1F6-F627-4C0F-93FB-D0E22D05527C","source":"Department of Parks and Recreation - Public Web Site","status":"Open","work_order_count":0},"type":"Feature"},{"geometry":{"coordinates":[-74.003483,40.616306],"type":"Point"},"id":"27481A67-199E-4FAF-962D-DD2924EBF7A7","properties":{"borough":"Brooklyn","created_date":"2026-09-12T23:30:02.000","inspection_count":0,"latest_inspection_date":null,"latest_work_order_status":null,"latest_work_order_type":null,"max_risk_rating":null,"risk_assessment_count":0,"service_request_id":"27481A67-199E-4FAF-962D-DD2924EBF7A7","source":"Department of Parks and Recreation - Public Web Site","status":"Open","work_order_count":0},"type":"Feature"},{"geometry":{"coordinates":[-73.798917,40.732646],"type":"Point"},"id":"2754D217-B08A-47B3-AC61-3A01B3EB4BAE","properties":{"borough":"Queens","created_date":"2026-09-09T13:41:00.000","inspection_count":0,"latest_inspection_date":null,"latest_work_order_status":null,"latest_work_order_type":null,"max_risk_rating":null,"risk_assessment_count":0,"service_request_id":"2754D217-B08A-47B3-AC61-3A01B3EB4BAE","source":"3-1-1 Call Center","status":"Open","work_order_count":0},"type":"Feature"},{"geometry":{"coordinates":[-73.974177,40.785257],"type":"Point"},"id":"275B45FA-9077-4BAD-BBD1-ECF819319F89","properties":{"borough":"Manhattan","created_date":"2026-09-07T22:35:02.000","inspection_count":0,"latest_inspection_date":null,"latest_work_order_status":null,"latest_work_order_type":null,"max_risk_rating":null,"risk_assessment_count":0,"service_request_id":"275B45FA-9077-4BAD-BBD1-ECF819319F89","source":"Department of Parks and Recreation - Public Web Site","status":"Closed","work_order_count":0},"type":"Feature"},{"geometry":{"coordinates":[-73.812434,40.749266],"type":"Point"},"id":"2775947A-BF1B-4A42-A793-11EB174A5E17","properties":{"borough":"Queens","created_date":"2026-09-23T12:24:00.000","inspection_count":0,"latest_inspection_date":null,"latest_work_order_status":null,"latest_work_order_type":null,"max_risk_rating":null,"risk_assessment_count":0,"service_request_id":"2775947A-BF1B-4A42-A793-11EB174A5E17","source":"3-1-1 Call Center","status":"Open","work_order_count":0},"type":"Feature"},{"geometry":{"coordinates":[-73.965793,40.636895],"type":"Point"},"id":"277FEFA7-64EF-4826-B4FD-09E97840F2A3","properties":{"borough":"Brooklyn","created_date":"2026-09-23T19:37:00.000","inspection_count":0,"latest_inspection_date":null,"latest_work_order_status":null,"latest_work_order_type":null,"max_risk_rating":null,"risk_assessment_count":0,"service_request_id":"277FEFA7-64EF-4826-B4FD-09E97840F2A3","source":"3-1-1 Call Center","status":"Open","work_order_count":0},"type":"Feature"},{"geometry":{"coordinates":[-73.749412,40.67336],"type":"Point"},"id":"278087D7-96C3-4110-BDF4-76EF0706454F","properties":{"borough":"Queens","created_date":"2026-09-24T13:48:00.000","inspection_count":0,"latest_inspection_date":null,"latest_work_order_status":null,"latest_work_order_type":null,"max_risk_rating":null,"risk_assessment_count":0,"service_request_id":"278087D7-96C3-4110-BDF4-76EF0706454F","source":"3-1-1 Call Center","status":"Open","work_order_count":0},"type":"Feature"},{"geometry":{"coordinates":[-73.845434,40.731416],"type":"Point"},"id":"2799777B-9806-4F16-A07B-7D8AAE07ACFF","properties":{"borough":"Queens","created_date":"2026-09-25T14:01:00.000","inspection_count":0,"latest_inspection_date":null,"latest_work_order_status":null,"latest_work_order_type":null,"max_risk_rating":null,"risk_assessment_count":0,"service_request_id":"2799777B-9806-4F16-A07B-7D8AAE07ACFF","source":"3-1-1 Call Center","status":"Open","work_order_count":0},"type":"Feature"},{"geometry":{"coordinates":[-73.968224,40.623759],"type":"Point"},"id":"27D32BC6-6D6D-47CB-800C-5DD9C4373385","properties":{"borough":"Brooklyn","created_date":"2026-09-08T12:18:00.000","inspection_count":0,"latest_inspection_date":null,"latest_work_order_status":null,"latest_work_order_type":null,"max_risk_rating":null,"risk_assessment_count":0,"service_request_id":"27D32BC6-6D6D-47CB-800C-5DD9C4373385","source":"3-1-1 Call Center","status":"Open","work_order_count":0},"type":"Feature"},{"geometry":{"coordinates":[-73.795189,40.789447],"type":"Point"},"id":"27D9437C-7596-4972-9A77-FC3BD6440025","properties":{"borough":"Queens","created_date":"2026-09-23T15:21:00.000","inspection_count":0,"latest_inspection_date":null,"latest_work_order_status":null,"latest_work_order_type":null,"max_risk_rating":null,"risk_assessment_count":0,"service_request_id":"27D9437C-7596-4972-9A77-FC3BD6440025","source":"3-1-1 Call Center","status":"Open","work_order_count":0},"type":"Feature"},{"geometry":{"coordinates":[-73.75525,40.670908],"type":"Point"},"id":"27E505E2-C540-4981-9FD9-0E1F0061CD94","properties":{"borough":"Queens","created_date":"2026-09-08T22:32:00.000","inspection_count":0,"latest_inspection_date":null,"latest_work_order_status":null,"latest_work_order_type":null,"max_risk_rating":null,"risk_assessment_count":0,"service_request_id":"27E505E2-C540-4981-9FD9-0E1F0061CD94","source":"3-1-1 Call Center","status":"Closed","work_order_count":0},"type":"Feature"},{"geometry":{"coordinates":[-73.846794,40.722223],"type":"Point"},"id":"27E64763-5B85-4A6B-A0F6-F063890CC04B","properties":{"borough":"Queens","created_date":"2026-09-05T20:13:00.000","inspection_count":0,"latest_inspection_date":null,"latest_work_order_status":null,"latest_work_order_type":null,"max_risk_rating":null,"risk_assessment_count":0,"service_request_id":"27E64763-5B85-4A6B-A0F6-F063890CC04B","source":"3-1-1 Call Center","status":"Open","work_order_count":0},"type":"Feature"},{"geometry":{"coordinates":[-74.002187,40.743833],"type":"Point"},"id":"280A59E3-208D-448E-B176-3E28F0A42AC5","properties":{"borough":"Manhattan","created_date":"2026-09-01T16:39:00.000","inspection_count":1,"latest_inspection_date":"2026-09-02T15:21:11.000","latest_work_order_status":"Closed","latest_work_order_type":"Hanging Limb","max_risk_rating":"9.0","risk_assessment_count":1,"service_request_id":"280A59E3-208D-448E-B176-3E28F0A42AC5","source":"3-1-1 Call Center","status":"Open","work_order_count":1},"type":"Feature"},{"geometry":{"coordinates":[-73.900072,40.709917],"type":"Point"},"id":"280C6B86-F174-4870-A7AE-1CD3BE4BE07C","properties":{"borough":"Queens","created_date":"2026-09-21T13:52:00.000","inspection_count":0,"latest_inspection_date":null,"latest_work_order_status":null,"latest_work_order_type":null,"max_risk_rating":null,"risk_assessment_count":0,"service_request_id":"280C6B86-F174-4870-A7AE-1CD3BE4BE07C","source":"3-1-1 Call Center","status":"Open","work_order_count":0},"type":"Feature"},{"geometry":{"coordinates":[-73.909625,40.655166],"type":"Point"},"id":"2811DCED-0672-4F5F-B4C9-E74A133F872F","properties":{"borough":"Brooklyn","created_date":"2026-09-26T00:21:27.000","inspection_count":0,"latest_inspection_date":null,"latest_work_order_status":null,"latest_work_order_type":null,"max_risk_rating":null,"risk_assessment_count":0,"service_request_id":"2811DCED-0672-4F5F-B4C9-E74A133F872F","source":"Department of Parks and Recreation - Public Web Site","status":"Open","work_order_count":0},"type":"Feature"},{"geometry":{"coordinates":[-73.964117,40.77237],"type":"Point"},"id":"282EF838-066C-4D97-AD77-81C6FE4A7268","properties":{"borough":"Manhattan","created_date":"2026-09-25T14:46:35.000","inspection_count":0,"latest_inspection_date":null,"latest_work_order_status":null,"latest_work_order_type":null,"max_risk_rating":null,"risk_assessment_count":0,"service_request_id":"282EF838-066C-4D97-AD77-81C6FE4A7268","source":"3-1-1 Call Center","status":"Closed","work_order_count":0},"type":"Feature"},{"geometry":{"coordinates":[-73.959652,40.632438],"type":"Point"},"id":"283581BF-8255-492D-A296-E8AB55D64D06","properties":{"borough":"Brooklyn","created_date":"2026-09-14T22:19:00.000","inspection_count":1,"latest_inspection_date":"2026-03-11T15:13:48.000","latest_work_order_status":null,"latest_work_order_type":null,"max_risk_rating":"8.0","risk_assessment_count":2,"service_request_id":"283581BF-8255-492D-A296-E8AB55D64D06","source":"3-1-1 Call Center","status":"Open","work_order_count":0},"type":"Feature"},{"geometry":{"coordinates":[-73.974177,40.785257],"type":"Point"},"id":"283AAA3E-59B9-4C76-B511-F38E51B4C6AE","properties":{"borough":"Manhattan","created_date":"2026-09-08T17:30:02.000","inspection_count":0,"latest_inspection_date":null,"latest_work_order_status":null,"latest_work_order_type":null,"max_risk_rating":null,"risk_assessment_count":0,"service_request_id":"283AAA3E-59B9-4C76-B511-F38E51B4C6AE","source":"Department of Parks and Recreation - Public Web Site","status":"Closed","work_order_count":0},"type":"Feature"},{"geometry":{"coordinates":[-73.905922,40.720692],"type":"Point"},"id":"286291D5-6B69-4A1E-B0C7-8EEFE7A39FFE","properties":{"borough":"Queens","created_date":"2026-09-02T20:43:00.000","inspection_count":0,"latest_inspection_date":null,"latest_work_order_status":null,"latest_work_order_type":null,"max_risk_rating":null,"risk_assessment_count":0,"service_request_id":"286291D5-6B69-4A1E-B0C7-8EEFE7A39FFE","source":"3-1-1 Call Center","status":"Open","work_order_count":0},"type":"Feature"},{"geometry":{"coordinates":[-73.949114,40.599389],"type":"Point"},"id":"286F0DA6-D590-4DC8-AAAB-FAAF16088162","properties":{"borough":"Brooklyn","created_date":"2026-09-15T14:38:00.000","inspection_count":0,"latest_inspection_date":null,"latest_work_order_status":null,"latest_work_order_type":null,"max_risk_rating":null,"risk_assessment_count":0,"service_request_id":"286F0DA6-D590-4DC8-AAAB-FAAF16088162","source":"DPR -Public Tree Map","status":"Closed","work_order_count":0},"type":"Feature"},{"geometry":{"coordinates":[-73.806576,40.697196],"type":"Point"},"id":"288216A3-CC81-4E74-BA8B-55E8C6980500","properties":{"borough":"Queens","created_date":"2026-09-13T15:20:19.000","inspection_count":0,"latest_inspection_date":null,"latest_work_order_status":null,"latest_work_order_type":null,"max_risk_rating":null,"risk_assessment_count":0,"service_request_id":"288216A3-CC81-4E74-BA8B-55E8C6980500","source":"3-1-1 Call Center","status":"Open","work_order_count":0},"type":"Feature"},{"geometry":{"coordinates":[-73.93638,40.668631],"type":"Point"},"id":"289E27D4-65BA-4A3D-931E-6DBBCB83860B","properties":{"borough":"Brooklyn","created_date":"2026-09-23T16:54:00.000","inspection_count":0,"latest_inspection_date":null,"latest_work_order_status":null,"latest_work_order_type":null,"max_risk_rating":null,"risk_assessment_count":0,"service_request_id":"289E27D4-65BA-4A3D-931E-6DBBCB83860B","source":"3-1-1 Call Center","status":"Open","work_order_count":0},"type":"Feature"},{"geometry":{"coordinates":[-73.946984,40.755931],"type":"Point"},"id":"28AB3F78-06C0-469A-A801-9F1E5633CBBB","properties":{"borough":"Queens","created_date":"2026-09-23T16:26:00.000","inspection_count":0,"latest_inspection_date":null,"latest_work_order_status":null,"latest_work_order_type":null,"max_risk_rating":null,"risk_assessment_count":0,"service_request_id":"28AB3F78-06C0-469A-A801-9F1E5633CBBB","source":"3-1-1 Call Center","status":"Open","work_order_count":0},"type":"Feature"},{"geometry":{"coordinates":[-73.77702,40.760327],"type":"Point"},"id":"28ADBBD2-0AEE-4EF3-AB12-1EC28413022E","properties":{"borough":"Queens","created_date":"2026-09-23T15:19:00.000","inspection_count":0,"latest_inspection_date":null,"latest_work_order_status":null,"latest_work_order_type":null,"max_risk_rating":null,"risk_assessment_count":0,"service_request_id":"28ADBBD2-0AEE-4EF3-AB12-1EC28413022E","source":"3-1-1 Call Center","status":"Closed","work_order_count":0},"type":"Feature"},{"geometry":{"coordinates":[-73.750372,40.750178],"type":"Point"},"id":"28CD4C52-A247-41AA-B52B-4E05A62237A6","properties":{"borough":"Queens","created_date":"2026-09-02T18:13:00.000","inspection_count":0,"latest_inspection_date":null,"latest_work_order_status":null,"latest_work_order_type":null,"max_risk_rating":null,"risk_assessment_count":0,"service_request_id":"28CD4C52-A247-41AA-B52B-4E05A62237A6","source":"3-1-1 Call Center","status":"Open","work_order_count":0},"type":"Feature"},{"geometry":{"coordinates":[-73.969102,40.641938],"type":"Point"},"id":"28CDC78C-9BC8-4C2B-9AB1-5463DBB28110","properties":{"borough":"Brooklyn","created_date":"2026-09-23T17:52:00.000","inspection_count":0,"latest_inspection_date":null,"latest_work_order_status":null,"latest_work_order_type":null,"max_risk_rating":null,"risk_assessment_count":0,"service_request_id":"28CDC78C-9BC8-4C2B-9AB1-5463DBB28110","source":"3-1-1 Call Center","status":"Closed","work_order_count":0},"type":"Feature"},{"geometry":{"coordinates":[-74.165578,40.610867],"type":"Point"},"id":"28D08808-4566-43E5-A91A-0E05BEE8FC35","properties":{"borough":"Staten Island","created_date":"2026-09-09T17:10:00.000","inspection_count":1,"latest_inspection_date":"2026-02-05T15:08:04.000","latest_work_order_status":null,"latest_work_order_type":null,"max_risk_rating":"7.0","risk_assessment_count":3,"service_request_id":"28D08808-4566-43E5-A91A-0E05BEE8FC35","source":"3-1-1 Call Center","status":"Closed","work_order_count":0},"type":"Feature"},{"geometry":{"coordinates":[-73.871713,40.712134],"type":"Point"},"id":"28E1759F-1F32-4AD3-B7DD-965AEB8397A1","properties":{"borough":"Queens","created_date":"2026-09-21T18:27:00.000","inspection_count":0,"latest_inspection_date":null,"latest_work_order_status":null,"latest_work_order_type":null,"max_risk_rating":null,"risk_assessment_count":0,"service_request_id":"28E1759F-1F32-4AD3-B7DD-965AEB8397A1","source":"3-1-1 Call Center","status":"Open","work_order_count":0},"type":"Feature"},{"geometry":{"coordinates":[-73.974177,40.785257],"type":"Point"},"id":"28E2227E-092E-4DF4-9562-776B286E681C","properties":{"borough":"Manhattan","created_date":"2026-09-08T17:05:02.000","inspection_count":0,"latest_inspection_date":null,"latest_work_order_status":null,"latest_work_order_type":null,"max_risk_rating":null,"risk_assessment_count":0,"service_request_id":"28E2227E-092E-4DF4-9562-776B286E681C","source":"Department of Parks and Recreation - Public Web Site","status":"Closed","work_order_count":0},"type":"Feature"},{"geometry":{"coordinates":[-73.82955,40.745878],"type":"Point"},"id":"28F2DAE4-1317-4258-8330-D871EB236B17","properties":{"borough":"Queens","created_date":"2026-09-02T01:00:26.000","inspection_count":0,"latest_inspection_date":null,"latest_work_order_status":null,"latest_work_order_type":null,"max_risk_rating":null,"risk_assessment_count":0,"service_request_id":"28F2DAE4-1317-4258-8330-D871EB236B17","source":"Department of Parks and Recreation - Public Web Site","status":"Closed","work_order_count":0},"type":"Feature"},{"geometry":{"coordinates":[-74.123409,40.561519],"type":"Point"},"id":"28FA3DFE-7C7A-41D8-B553-2C414AD33A80","properties":{"borough":"Staten Island","created_date":"2026-09-22T13:17:00.000","inspection_count":0,"latest_inspection_date":null,"latest_work_order_status":null,"latest_work_order_type":null,"max_risk_rating":null,"risk_assessment_count":0,"service_request_id":"28FA3DFE-7C7A-41D8-B553-2C414AD33A80","source":"3-1-1 Call Center","status":"Closed","work_order_count":0},"type":"Feature"},{"geometry":{"coordinates":[-73.914284,40.706418],"type":"Point"},"id":"28FA8EDF-F263-4F70-B903-7857DBE43F06","properties":{"borough":"Queens","created_date":"2026-09-05T19:35:00.000","inspection_count":0,"latest_inspection_date":null,"latest_work_order_status":null,"latest_work_order_type":null,"max_risk_rating":null,"risk_assessment_count":0,"service_request_id":"28FA8EDF-F263-4F70-B903-7857DBE43F06","source":"3-1-1 Call Center","status":"Open","work_order_count":0},"type":"Feature"},{"geometry":{"coordinates":[-73.895409,40.709287],"type":"Point"},"id":"28FB4815-55F3-4A03-BD66-7B12E591220C","properties":{"borough":"Queens","created_date":"2026-09-14T14:45:00.000","inspection_count":0,"latest_inspection_date":null,"latest_work_order_status":null,"latest_work_order_type":null,"max_risk_rating":null,"risk_assessment_count":0,"service_request_id":"28FB4815-55F3-4A03-BD66-7B12E591220C","source":"3-1-1 Call Center","status":"Open","work_order_count":0},"type":"Feature"},{"geometry":{"coordinates":[-74.002377,40.615216],"type":"Point"},"id":"290E4637-0CB7-4351-9240-E440135E40D7","properties":{"borough":"Brooklyn","created_date":"2026-09-03T16:42:59.000","inspection_count":0,"latest_inspection_date":null,"latest_work_order_status":null,"latest_work_order_type":null,"max_risk_rating":null,"risk_assessment_count":0,"service_request_id":"290E4637-0CB7-4351-9240-E440135E40D7","source":"3-1-1 Call Center","status":"Closed","work_order_count":0},"type":"Feature"},{"geometry":{"coordinates":[-73.853523,40.718436],"type":"Point"},"id":"291261AE-2AD0-46CB-8C9F-E1914204AECC","properties":{"borough":"Queens","created_date":"2026-09-18T20:24:00.000","inspection_count":0,"latest_inspection_date":null,"latest_work_order_status":null,"latest_work_order_type":null,"max_risk_rating":null,"risk_assessment_count":0,"service_request_id":"291261AE-2AD0-46CB-8C9F-E1914204AECC","source":"3-1-1 Call Center","status":"Open","work_order_count":0},"type":"Feature"},{"geometry":{"coordinates":[-73.748218,40.671554],"type":"Point"},"id":"291570D3-5BE6-4415-8B74-3CB6541D7ADF","properties":{"borough":"Queens","created_date":"2026-09-21T14:43:00.000","inspection_count":0,"latest_inspection_date":null,"latest_work_order_status":null,"latest_work_order_type":null,"max_risk_rating":null,"risk_assessment_count":0,"service_request_id":"291570D3-5BE6-4415-8B74-3CB6541D7ADF","source":"3-1-1 Call Center","status":"Closed","work_order_count":0},"type":"Feature"},{"geometry":{"coordinates":[-74.106665,40.621592],"type":"Point"},"id":"291734F3-B11D-42A0-A97A-D6B36C27348C","properties":{"borough":"Staten Island","created_date":"2026-09-01T22:00:00.000","inspection_count":0,"latest_inspection_date":null,"latest_work_order_status":null,"latest_work_order_type":null,"max_risk_rating":null,"risk_assessment_count":0,"service_request_id":"291734F3-B11D-42A0-A97A-D6B36C27348C","source":"3-1-1 Call Center","status":"Open","work_order_count":0},"type":"Feature"},{"geometry":{"coordinates":[-73.888797,40.696449],"type":"Point"},"id":"291AD630-4CEF-472C-8176-EADE2F81EE94","properties":{"borough":"Queens","created_date":"2026-09-11T16:05:00.000","inspection_count":0,"latest_inspection_date":null,"latest_work_order_status":null,"latest_work_order_type":null,"max_risk_rating":null,"risk_assessment_count":0,"service_request_id":"291AD630-4CEF-472C-8176-EADE2F81EE94","source":"3-1-1 Call Center","status":"Open","work_order_count":0},"type":"Feature"},{"geometry":{"coordinates":[-73.974177,40.785257],"type":"Point"},"id":"291ED64A-3C25-4C1A-821A-487702F93E6E","properties":{"borough":"Manhattan","created_date":"2026-09-08T11:20:02.000","inspection_count":0,"latest_inspection_date":null,"latest_work_order_status":null,"latest_work_order_type":null,"max_risk_rating":null,"risk_assessment_count":0,"service_request_id":"291ED64A-3C25-4C1A-821A-487702F93E6E","source":"Department of Parks and Recreation - Public Web Site","status":"Closed","work_order_count":0},"type":"Feature"},{"geometry":{"coordinates":[-73.94373,40.608403],"type":"Point"},"id":"292A7D72-2D1B-44D6-A9A5-17AE15B1B9FE","properties":{"borough":"Brooklyn","created_date":"2026-09-03T14:09:26.000","inspection_count":0,"latest_inspection_date":null,"latest_work_order_status":null,"latest_work_order_type":null,"max_risk_rating":null,"risk_assessment_count":0,"service_request_id":"292A7D72-2D1B-44D6-A9A5-17AE15B1B9FE","source":"3-1-1 Call Center","status":"Closed","work_order_count":0},"type":"Feature"},{"geometry":{"coordinates":[-73.981715,40.726452],"type":"Point"},"id":"292F23B6-ABF9-403E-93C2-C6616288CDA1","properties":{"borough":"Manhattan","created_date":"2026-09-12T14:23:00.000","inspection_count":0,"latest_inspection_date":null,"latest_work_order_status":null,"latest_work_order_type":null,"max_risk_rating":null,"risk_assessment_count":0,"service_request_id":"292F23B6-ABF9-403E-93C2-C6616288CDA1","source":"AMPS","status":"Open","work_order_count":0},"type":"Feature"},{"geometry":{"coordinates":[-73.870064,40.720075],"type":"Point"},"id":"2969C2D8-BC2F-4E31-A3D8-ECCF8BCCEC49","properties":{"borough":"Queens","created_date":"2026-09-22T17:21:00.000","inspection_count":0,"latest_inspection_date":null,"latest_work_order_status":null,"latest_work_order_type":null,"max_risk_rating":null,"risk_assessment_count":0,"service_request_id":"2969C2D8-BC2F-4E31-A3D8-ECCF8BCCEC49","source":"3-1-1 Call Center","status":"Open","work_order_count":0},"type":"Feature"},{"geometry":{"coordinates":[-73.743123,40.654929],"type":"Point"},"id":"296EEF70-2AD2-40DF-81DE-6644537B2816","properties":{"borough":"Queens","created_date":"2026-09-23T21:57:00.000","inspection_count":0,"latest_inspection_date":null,"latest_work_order_status":null,"latest_work_order_type":null,"max_risk_rating":null,"risk_assessment_count":0,"service_request_id":"296EEF70-2AD2-40DF-81DE-6644537B2816","source":"3-1-1 Call Center","status":"Open","work_order_count":0},"type":"Feature"},{"geometry":{"coordinates":[-73.959211,40.800541],"type":"Point"},"id":"29803F85-4F87-4528-9C0A-AF5D47345ADD","properties":{"borough":"Manhattan","created_date":"2026-09-09T20:15:05.000","inspection_count":0,"latest_inspection_date":null,"latest_work_order_status":null,"latest_work_order_type":null,"max_risk_rating":null,"risk_assessment_count":0,"service_request_id":"29803F85-4F87-4528-9C0A-AF5D47345ADD","source":"Department of Parks and Recreation - Public Web Site","status":"Open","work_order_count":0},"type":"Feature"},{"geometry":{"coordinates":[-74.08906,40.59392],"type":"Point"},"id":"2986F8A4-C13B-4762-97C3-01163A1573C7","properties":{"borough":"Staten Island","created_date":"2026-09-21T23:26:52.000","inspection_count":0,"latest_inspection_date":null,"latest_work_order_status":null,"latest_work_order_type":null,"max_risk_rating":null,"risk_assessment_count":0,"service_request_id":"2986F8A4-C13B-4762-97C3-01163A1573C7","source":"Department of Parks and Recreation - Public Web Site","status":"Open","work_order_count":0},"type":"Feature"},{"geometry":{"coordinates":[-73.94095,40.68934],"type":"Point"},"id":"299A1CB3-6A79-4A76-B06A-5AEA3AFBEFC5","properties":{"borough":"Brooklyn","created_date":"2026-09-12T14:26:44.000","inspection_count":0,"latest_inspection_date":null,"latest_work_order_status":null,"latest_work_order_type":null,"max_risk_rating":null,"risk_assessment_count":0,"service_request_id":"299A1CB3-6A79-4A76-B06A-5AEA3AFBEFC5","source":"3-1-1 Call Center","status":"Open","work_order_count":0},"type":"Feature"},{"geometry":{"coordinates":[-73.859113,40.693603],"type":"Point"},"id":"29B45A53-263D-4FEB-A0FF-030467428BA3","properties":{"borough":"Queens","created_date":"2026-09-01T19:26:00.000","inspection_count":0,"latest_inspection_date":null,"latest_work_order_status":null,"latest_work_order_type":null,"max_risk_rating":null,"risk_assessment_count":0,"service_request_id":"29B45A53-263D-4FEB-A0FF-030467428BA3","source":"3-1-1 Call Center","status":"Open","work_order_count":0},"type":"Feature"},{"geometry":{"coordinates":[-73.974177,40.785257],"type":"Point"},"id":"29C32616-7435-4F08-BBA6-6E75F2AD1EC5","properties":{"borough":"Manhattan","created_date":"2026-09-09T03:20:02.000","inspection_count":0,"latest_inspection_date":null,"latest_work_order_status":null,"latest_work_order_type":null,"max_risk_rating":null,"risk_assessment_count":0,"service_request_id":"29C32616-7435-4F08-BBA6-6E75F2AD1EC5","source":"Department of Parks and Recreation - Public Web Site","status":"Closed","work_order_count":0},"type":"Feature"},{"geometry":{"coordinates":[-74.003483,40.616306],"type":"Point"},"id":"29CF92C6-57C0-4629-890B-7B9E71F28ECB","properties":{"borough":"Brooklyn","created_date":"2026-09-12T23:20:02.000","inspection_count":0,"latest_inspection_date":null,"latest_work_order_status":null,"latest_work_order_type":null,"max_risk_rating":null,"risk_assessment_count":0,"service_request_id":"29CF92C6-57C0-4629-890B-7B9E71F28ECB","source":"Department of Parks and Recreation - Public Web Site","status":"Open","work_order_count":0},"type":"Feature"},{"geometry":{"coordinates":[-74.003483,40.616306],"type":"Point"},"id":"29F056A4-E920-4C66-97E8-EE048DA59C9C","properties":{"borough":"Brooklyn","created_date":"2026-09-12T08:10:02.000","inspection_count":0,"latest_inspection_date":null,"latest_work_order_status":null,"latest_work_order_type":null,"max_risk_rating":null,"risk_assessment_count":0,"service_request_id":"29F056A4-E920-4C66-97E8-EE048DA59C9C","source":"Department of Parks and Recreation - Public Web Site","status":"Open","work_order_count":0},"type":"Feature"},{"geometry":{"coordinates":[-73.840123,40.67283],"type":"Point"},"id":"29F90F54-284D-4960-801C-658A5CF72793","properties":{"borough":"Queens","created_date":"2026-09-01T17:13:00.000","inspection_count":0,"latest_inspection_date":null,"latest_work_order_status":null,"latest_work_order_type":null,"max_risk_rating":null,"risk_assessment_count":0,"service_request_id":"29F90F54-284D-4960-801C-658A5CF72793","source":"3-1-1 Call Center","status":"Open","work_order_count":0},"type":"Feature"},{"geometry":{"coordinates":[-74.003483,40.616306],"type":"Point"},"id":"29FC0717-31B1-4763-A087-D0CECCBDA38C","properties":{"borough":"Brooklyn","created_date":"2026-09-12T17:40:01.000","inspection_count":0,"latest_inspection_date":null,"latest_work_order_status":null,"latest_work_order_type":null,"max_risk_rating":null,"risk_assessment_count":0,"service_request_id":"29FC0717-31B1-4763-A087-D0CECCBDA38C","source":"Department of Parks and Recreation - Public Web Site","status":"Open","work_order_count":0},"type":"Feature"},{"geometry":{"coordinates":[-73.974177,40.785257],"type":"Point"},"id":"2A1429CD-320E-4A1F-B0E1-3105C35C06CD","properties":{"borough":"Manhattan","created_date":"2026-09-08T07:40:02.000","inspection_count":0,"latest_inspection_date":null,"latest_work_order_status":null,"latest_work_order_type":null,"max_risk_rating":null,"risk_assessment_count":0,"service_request_id":"2A1429CD-320E-4A1F-B0E1-3105C35C06CD","source":"Department of Parks and Recreation - Public Web Site","status":"Closed","work_order_count":0},"type":"Feature"},{"geometry":{"coordinates":[-73.768049,40.70674],"type":"Point"},"id":"2A290951-8EA6-4835-B37F-7448DBEC94E4","properties":{"borough":"Queens","created_date":"2026-09-17T20:57:00.000","inspection_count":0,"latest_inspection_date":null,"latest_work_order_status":null,"latest_work_order_type":null,"max_risk_rating":null,"risk_assessment_count":0,"service_request_id":"2A290951-8EA6-4835-B37F-7448DBEC94E4","source":"3-1-1 Call Center","status":"Open","work_order_count":0},"type":"Feature"},{"geometry":{"coordinates":[-74.089099,40.593152],"type":"Point"},"id":"2A2C539B-5658-432E-8A52-297B9DE7DF4F","properties":{"borough":"Staten Island","created_date":"2026-09-04T12:36:00.000","inspection_count":0,"latest_inspection_date":null,"latest_work_order_status":null,"latest_work_order_type":null,"max_risk_rating":null,"risk_assessment_count":0,"service_request_id":"2A2C539B-5658-432E-8A52-297B9DE7DF4F","source":"3-1-1 Call Center","status":"Open","work_order_count":0},"type":"Feature"},{"geometry":{"coordinates":[-73.974177,40.785257],"type":"Point"},"id":"2A459D62-E97C-4052-B601-F5EE50775E69","properties":{"borough":"Manhattan","created_date":"2026-09-08T17:45:01.000","inspection_count":0,"latest_inspection_date":null,"latest_work_order_status":null,"latest_work_order_type":null,"max_risk_rating":null,"risk_assessment_count":0,"service_request_id":"2A459D62-E97C-4052-B601-F5EE50775E69","source":"Department of Parks and Recreation - Public Web Site","status":"Closed","work_order_count":0},"type":"Feature"},{"geometry":{"coordinates":[-73.974177,40.785257],"type":"Point"},"id":"2A46C45B-A840-467A-B415-0C0462D51865","properties":{"borough":"Manhattan","created_date":"2026-09-08T05:15:01.000","inspection_count":0,"latest_inspection_date":null,"latest_work_order_status":null,"latest_work_order_type":null,"max_risk_rating":null,"risk_assessment_count":0,"service_request_id":"2A46C45B-A840-467A-B415-0C0462D51865","source":"Department of Parks and Recreation - Public Web Site","status":"Closed","work_order_count":0},"type":"Feature"},{"geometry":{"coordinates":[-73.851226,40.690727],"type":"Point"},"id":"2A4B819A-ECFC-4FE7-A4F0-4615903939BE","properties":{"borough":"Queens","created_date":"2026-09-03T21:52:51.000","inspection_count":0,"latest_inspection_date":null,"latest_work_order_status":null,"latest_work_order_type":null,"max_risk_rating":null,"risk_assessment_count":0,"service_request_id":"2A4B819A-ECFC-4FE7-A4F0-4615903939BE","source":"3-1-1 Call Center","status":"Closed","work_order_count":0},"type":"Feature"},{"geometry":{"coordinates":[-73.817735,40.736314],"type":"Point"},"id":"2A4BB1BA-6BE5-44FF-B839-B253648D6C18","properties":{"borough":"Queens","created_date":"2026-09-22T13:07:00.000","inspection_count":0,"latest_inspection_date":null,"latest_work_order_status":null,"latest_work_order_type":null,"max_risk_rating":null,"risk_assessment_count":0,"service_request_id":"2A4BB1BA-6BE5-44FF-B839-B253648D6C18","source":"3-1-1 Call Center","status":"Open","work_order_count":0},"type":"Feature"},{"geometry":{"coordinates":[-73.755252,40.719444],"type":"Point"},"id":"2A569A56-D8E0-47B4-97E4-E11DCE99C874","properties":{"borough":"Queens","created_date":"2026-09-04T10:49:00.000","inspection_count":2,"latest_inspection_date":"2026-09-10T04:00:00.000","latest_work_order_status":"Closed","latest_work_order_type":"Limb Down","max_risk_rating":"8.0","risk_assessment_count":3,"service_request_id":"2A569A56-D8E0-47B4-97E4-E11DCE99C874","source":"3-1-1 Call Center","status":"Open","work_order_count":2},"type":"Feature"},{"geometry":{"coordinates":[-73.857288,40.715724],"type":"Point"},"id":"2A5CA7D7-5645-467D-A026-7A772DA51C7E","properties":{"borough":"Queens","created_date":"2026-09-21T07:15:00.000","inspection_count":0,"latest_inspection_date":null,"latest_work_order_status":null,"latest_work_order_type":null,"max_risk_rating":null,"risk_assessment_count":0,"service_request_id":"2A5CA7D7-5645-467D-A026-7A772DA51C7E","source":"3-1-1 Call Center","status":"Closed","work_order_count":0},"type":"Feature"},{"geometry":{"coordinates":[-73.804909,40.765352],"type":"Point"},"id":"2A5E3456-E91F-41AB-BA72-16F8793A12B4","properties":{"borough":"Queens","created_date":"2026-09-23T14:53:00.000","inspection_count":0,"latest_inspection_date":null,"latest_work_order_status":null,"latest_work_order_type":null,"max_risk_rating":null,"risk_assessment_count":0,"service_request_id":"2A5E3456-E91F-41AB-BA72-16F8793A12B4","source":"3-1-1 Call Center","status":"Open","work_order_count":0},"type":"Feature"},{"geometry":{"coordinates":[-73.851183,40.690645],"type":"Point"},"id":"2A5F374D-58A4-4379-84E1-79516397F08A","properties":{"borough":"Queens","created_date":"2026-09-03T15:37:00.000","inspection_count":0,"latest_inspection_date":null,"latest_work_order_status":null,"latest_work_order_type":null,"max_risk_rating":null,"risk_assessment_count":0,"service_request_id":"2A5F374D-58A4-4379-84E1-79516397F08A","source":"3-1-1 Call Center","status":"Closed","work_order_count":0},"type":"Feature"},{"geometry":{"coordinates":[-73.745594,40.674222],"type":"Point"},"id":"2A5FFFB5-7C0E-428A-B867-E237F2629E78","properties":{"borough":"Queens","created_date":"2026-09-10T19:23:00.000","inspection_count":0,"latest_inspection_date":null,"latest_work_order_status":null,"latest_work_order_type":null,"max_risk_rating":null,"risk_assessment_count":0,"service_request_id":"2A5FFFB5-7C0E-428A-B867-E237F2629E78","source":"3-1-1 Call Center","status":"Open","work_order_count":0},"type":"Feature"},{"geometry":{"coordinates":[-73.806966,40.672016],"type":"Point"},"id":"2A71093F-2421-4848-BD98-F6A2508261DC","properties":{"borough":"Queens","created_date":"2026-09-02T16:05:00.000","inspection_count":0,"latest_inspection_date":null,"latest_work_order_status":null,"latest_work_order_type":null,"max_risk_rating":null,"risk_assessment_count":0,"service_request_id":"2A71093F-2421-4848-BD98-F6A2508261DC","source":"3-1-1 Call Center","status":"Open","work_order_count":0},"type":"Feature"},{"geometry":{"coordinates":[-73.802202,40.768863],"type":"Point"},"id":"2A76E277-8BA3-4610-9879-F87984D57672","properties":{"borough":"Queens","created_date":"2026-09-10T19:25:00.000","inspection_count":0,"latest_inspection_date":null,"latest_work_order_status":null,"latest_work_order_type":null,"max_risk_rating":null,"risk_assessment_count":0,"service_request_id":"2A76E277-8BA3-4610-9879-F87984D57672","source":"Department of Parks and Recreation - Public Web Site","status":"Open","work_order_count":0},"type":"Feature"},{"geometry":{"coordinates":[-73.788057,40.682693],"type":"Point"},"id":"2A770B09-2C2F-4C46-850E-83ACC3CBA567","properties":{"borough":"Queens","created_date":"2026-09-19T21:35:00.000","inspection_count":0,"latest_inspection_date":null,"latest_work_order_status":null,"latest_work_order_type":null,"max_risk_rating":null,"risk_assessment_count":0,"service_request_id":"2A770B09-2C2F-4C46-850E-83ACC3CBA567","source":"3-1-1 Call Center","status":"Open","work_order_count":0},"type":"Feature"},{"geometry":{"coordinates":[-73.900571,40.728582],"type":"Point"},"id":"2A7D6336-2A0A-484F-8855-D536933261A3","properties":{"borough":"Queens","created_date":"2026-09-08T19:43:00.000","inspection_count":0,"latest_inspection_date":null,"latest_work_order_status":null,"latest_work_order_type":null,"max_risk_rating":null,"risk_assessment_count":0,"service_request_id":"2A7D6336-2A0A-484F-8855-D536933261A3","source":"3-1-1 Call Center","status":"Open","work_order_count":0},"type":"Feature"},{"geometry":{"coordinates":[-73.974177,40.785257],"type":"Point"},"id":"2A892140-CA3A-480C-8EE6-E5A3F6642B3A","properties":{"borough":"Manhattan","created_date":"2026-09-09T01:05:02.000","inspection_count":0,"latest_inspection_date":null,"latest_work_order_status":null,"latest_work_order_type":null,"max_risk_rating":null,"risk_assessment_count":0,"service_request_id":"2A892140-CA3A-480C-8EE6-E5A3F6642B3A","source":"Department of Parks and Recreation - Public Web Site","status":"Closed","work_order_count":0},"type":"Feature"},{"geometry":{"coordinates":[-73.974177,40.785257],"type":"Point"},"id":"2A91C2E7-1752-4ABB-9682-6717D10555B6","properties":{"borough":"Manhattan","created_date":"2026-09-07T17:50:02.000","inspection_count":0,"latest_inspection_date":null,"latest_work_order_status":null,"latest_work_order_type":null,"max_risk_rating":null,"risk_assessment_count":0,"service_request_id":"2A91C2E7-1752-4ABB-9682-6717D10555B6","source":"Department of Parks and Recreation - Public Web Site","status":"Closed","work_order_count":0},"type":"Feature"},{"geometry":{"coordinates":[-74.003483,40.616306],"type":"Point"},"id":"2A937BB5-BF30-44BB-85BF-9F320D58A683","properties":{"borough":"Brooklyn","created_date":"2026-09-12T19:45:02.000","inspection_count":0,"latest_inspection_date":null,"latest_work_order_status":null,"latest_work_order_type":null,"max_risk_rating":null,"risk_assessment_count":0,"service_request_id":"2A937BB5-BF30-44BB-85BF-9F320D58A683","source":"Department of Parks and Recreation - Public Web Site","status":"Open","work_order_count":0},"type":"Feature"},{"geometry":{"coordinates":[-73.919697,40.701755],"type":"Point"},"id":"2ABCD5F9-F0E2-4EAF-92B5-429AB622CB11","properties":{"borough":"Brooklyn","created_date":"2026-09-17T02:59:52.000","inspection_count":0,"latest_inspection_date":null,"latest_work_order_status":null,"latest_work_order_type":null,"max_risk_rating":null,"risk_assessment_count":0,"service_request_id":"2ABCD5F9-F0E2-4EAF-92B5-429AB622CB11","source":"3-1-1 Call Center","status":"Closed","work_order_count":0},"type":"Feature"},{"geometry":{"coordinates":[-74.170379,40.554377],"type":"Point"},"id":"2AE8B4B5-31C2-4729-A352-C269E3AD1504","properties":{"borough":"Staten Island","created_date":"2026-09-12T15:43:25.000","inspection_count":0,"latest_inspection_date":null,"latest_work_order_status":null,"latest_work_order_type":null,"max_risk_rating":null,"risk_assessment_count":0,"service_request_id":"2AE8B4B5-31C2-4729-A352-C269E3AD1504","source":"3-1-1 Call Center","status":"Closed","work_order_count":0},"type":"Feature"},{"geometry":{"coordinates":[-73.871606,40.74178],"type":"Point"},"id":"2AEFFAC1-6234-4B40-8024-BAA003A38647","properties":{"borough":"Queens","created_date":"2026-09-04T19:30:56.000","inspection_count":0,"latest_inspection_date":null,"latest_work_order_status":null,"latest_work_order_type":null,"max_risk_rating":null,"risk_assessment_count":0,"service_request_id":"2AEFFAC1-6234-4B40-8024-BAA003A38647","source":"Department of Parks and Recreation - Public Web Site","status":"Open","work_order_count":0},"type":"Feature"},{"geometry":{"coordinates":[-73.799481,40.884696],"type":"Point"},"id":"2B09F828-6019-4DB7-B149-EDA964028626","properties":{"borough":"Bronx","created_date":"2026-09-01T12:03:00.000","inspection_count":0,"latest_inspection_date":null,"latest_work_order_status":null,"latest_work_order_type":null,"max_risk_rating":null,"risk_assessment_count":0,"service_request_id":"2B09F828-6019-4DB7-B149-EDA964028626","source":"3-1-1 Call Center","status":"Closed","work_order_count":0},"type":"Feature"},{"geometry":{"coordinates":[-74.125404,40.621716],"type":"Point"},"id":"2B23D699-3A2F-4926-851A-CEBC2A47D341","properties":{"borough":"Staten Island","created_date":"2026-09-08T19:12:00.000","inspection_count":0,"latest_inspection_date":null,"latest_work_order_status":null,"latest_work_order_type":null,"max_risk_rating":null,"risk_assessment_count":0,"service_request_id":"2B23D699-3A2F-4926-851A-CEBC2A47D341","source":"3-1-1 Call Center","status":"Open","work_order_count":0},"type":"Feature"},{"geometry":{"coordinates":[-73.880558,40.718006],"type":"Point"},"id":"2B38AB49-C2B0-437B-BDE1-6C3EA7901D20","properties":{"borough":"Queens","created_date":"2026-09-25T23:20:00.000","inspection_count":0,"latest_inspection_date":null,"latest_work_order_status":null,"latest_work_order_type":null,"max_risk_rating":null,"risk_assessment_count":0,"service_request_id":"2B38AB49-C2B0-437B-BDE1-6C3EA7901D20","source":"3-1-1 Call Center","status":"Open","work_order_count":0},"type":"Feature"},{"geometry":{"coordinates":[-73.861043,40.694912],"type":"Point"},"id":"2B57DD84-52B3-468B-8BF4-80CC549717AA","properties":{"borough":"Queens","created_date":"2026-09-01T21:14:00.000","inspection_count":0,"latest_inspection_date":null,"latest_work_order_status":null,"latest_work_order_type":null,"max_risk_rating":null,"risk_assessment_count":0,"service_request_id":"2B57DD84-52B3-468B-8BF4-80CC549717AA","source":"3-1-1 Call Center","status":"Open","work_order_count":0},"type":"Feature"},{"geometry":{"coordinates":[-73.951222,40.68581],"type":"Point"},"id":"2B5905CE-58D5-4732-A95A-2CE2BCD4A8D0","properties":{"borough":"Brooklyn","created_date":"2026-09-15T15:22:17.000","inspection_count":0,"latest_inspection_date":null,"latest_work_order_status":null,"latest_work_order_type":null,"max_risk_rating":null,"risk_assessment_count":0,"service_request_id":"2B5905CE-58D5-4732-A95A-2CE2BCD4A8D0","source":"3-1-1 Call Center","status":"Open","work_order_count":0},"type":"Feature"},{"geometry":{"coordinates":[-73.799217,40.75887],"type":"Point"},"id":"2B5EB51E-B442-4672-8D29-3EF0CD7A1FDE","properties":{"borough":"Queens","created_date":"2026-09-12T16:06:00.000","inspection_count":1,"latest_inspection_date":"2026-09-14T04:00:00.000","latest_work_order_status":null,"latest_work_order_type":null,"max_risk_rating":"8.0","risk_assessment_count":1,"service_request_id":"2B5EB51E-B442-4672-8D29-3EF0CD7A1FDE","source":"Department of Parks and Recreation - Public Web Site","status":"Closed","work_order_count":0},"type":"Feature"},{"geometry":{"coordinates":[-73.974177,40.785257],"type":"Point"},"id":"2B68FA6D-0806-46D3-9744-EFAD0A642FD1","properties":{"borough":"Manhattan","created_date":"2026-09-07T08:20:02.000","inspection_count":0,"latest_inspection_date":null,"latest_work_order_status":null,"latest_work_order_type":null,"max_risk_rating":null,"risk_assessment_count":0,"service_request_id":"2B68FA6D-0806-46D3-9744-EFAD0A642FD1","source":"Department of Parks and Recreation - Public Web Site","status":"Closed","work_order_count":0},"type":"Feature"},{"geometry":{"coordinates":[-73.974177,40.785257],"type":"Point"},"id":"2B6A3BA7-6996-46B6-9869-67591934F536","properties":{"borough":"Manhattan","created_date":"2026-09-08T04:45:02.000","inspection_count":0,"latest_inspection_date":null,"latest_work_order_status":null,"latest_work_order_type":null,"max_risk_rating":null,"risk_assessment_count":0,"service_request_id":"2B6A3BA7-6996-46B6-9869-67591934F536","source":"Department of Parks and Recreation - Public Web Site","status":"Closed","work_order_count":0},"type":"Feature"},{"geometry":{"coordinates":[-73.794287,40.764394],"type":"Point"},"id":"2B7FA721-5FBE-4C63-84A7-8BF2F31781C4","properties":{"borough":"Queens","created_date":"2026-09-15T16:09:12.000","inspection_count":0,"latest_inspection_date":null,"latest_work_order_status":null,"latest_work_order_type":null,"max_risk_rating":null,"risk_assessment_count":0,"service_request_id":"2B7FA721-5FBE-4C63-84A7-8BF2F31781C4","source":"3-1-1 Call Center","status":"Closed","work_order_count":0},"type":"Feature"},{"geometry":{"coordinates":[-73.787833,40.684038],"type":"Point"},"id":"2B9F5161-FE7C-4BC8-84BE-76E7EBC8AB20","properties":{"borough":"Queens","created_date":"2026-09-14T21:00:00.000","inspection_count":0,"latest_inspection_date":null,"latest_work_order_status":null,"latest_work_order_type":null,"max_risk_rating":null,"risk_assessment_count":0,"service_request_id":"2B9F5161-FE7C-4BC8-84BE-76E7EBC8AB20","source":"3-1-1 Call Center","status":"Open","work_order_count":0},"type":"Feature"},{"geometry":{"coordinates":[-73.893466,40.751595],"type":"Point"},"id":"2BA3E3E1-5AF0-4810-9E20-8EADFF2E2FDC","properties":{"borough":"Queens","created_date":"2026-09-18T19:02:00.000","inspection_count":0,"latest_inspection_date":null,"latest_work_order_status":null,"latest_work_order_type":null,"max_risk_rating":null,"risk_assessment_count":0,"service_request_id":"2BA3E3E1-5AF0-4810-9E20-8EADFF2E2FDC","source":"3-1-1 Call Center","status":"Open","work_order_count":0},"type":"Feature"},{"geometry":{"coordinates":[-73.898398,40.658069],"type":"Point"},"id":"2BAC4409-C885-4CE0-886E-462605A5787A","properties":{"borough":"Brooklyn","created_date":"2026-09-10T19:32:00.000","inspection_count":0,"latest_inspection_date":null,"latest_work_order_status":null,"latest_work_order_type":null,"max_risk_rating":null,"risk_assessment_count":0,"service_request_id":"2BAC4409-C885-4CE0-886E-462605A5787A","source":"3-1-1 Call Center","status":"Open","work_order_count":0},"type":"Feature"},{"geometry":{"coordinates":[-73.729222,40.663974],"type":"Point"},"id":"2BC02A16-DF14-4194-BACC-D22489F36D33","properties":{"borough":"Queens","created_date":"2026-09-25T16:25:00.000","inspection_count":0,"latest_inspection_date":null,"latest_work_order_status":null,"latest_work_order_type":null,"max_risk_rating":null,"risk_assessment_count":0,"service_request_id":"2BC02A16-DF14-4194-BACC-D22489F36D33","source":"3-1-1 Call Center","status":"Open","work_order_count":0},"type":"Feature"},{"geometry":{"coordinates":[-73.82342,40.761629],"type":"Point"},"id":"2BC1FF47-4173-4147-B7E1-4DAF765ABE03","properties":{"borough":"Queens","created_date":"2026-09-16T15:23:00.000","inspection_count":0,"latest_inspection_date":null,"latest_work_order_status":null,"latest_work_order_type":null,"max_risk_rating":null,"risk_assessment_count":0,"service_request_id":"2BC1FF47-4173-4147-B7E1-4DAF765ABE03","source":"Department of Parks and Recreation - Public Web Site","status":"Open","work_order_count":0},"type":"Feature"},{"geometry":{"coordinates":[-73.901782,40.839434],"type":"Point"},"id":"2BC9CA61-FBCC-40B1-B144-2EBF240C2E6C","properties":{"borough":"Bronx","created_date":"2026-09-19T04:30:43.000","inspection_count":0,"latest_inspection_date":null,"latest_work_order_status":null,"latest_work_order_type":null,"max_risk_rating":null,"risk_assessment_count":0,"service_request_id":"2BC9CA61-FBCC-40B1-B144-2EBF240C2E6C","source":"3-1-1 Call Center","status":"Closed","work_order_count":0},"type":"Feature"},{"geometry":{"coordinates":[-73.979964,40.600453],"type":"Point"},"id":"2BCD1015-E27F-4884-841C-BA62E9FD7B8A","properties":{"borough":"Brooklyn","created_date":"2026-09-25T20:38:00.000","inspection_count":0,"latest_inspection_date":null,"latest_work_order_status":null,"latest_work_order_type":null,"max_risk_rating":null,"risk_assessment_count":0,"service_request_id":"2BCD1015-E27F-4884-841C-BA62E9FD7B8A","source":"3-1-1 Call Center","status":"Open","work_order_count":0},"type":"Feature"},{"geometry":{"coordinates":[-73.974177,40.785257],"type":"Point"},"id":"2BD35535-20E0-498D-B159-E55410F8FB9F","properties":{"borough":"Manhattan","created_date":"2026-09-09T06:25:02.000","inspection_count":0,"latest_inspection_date":null,"latest_work_order_status":null,"latest_work_order_type":null,"max_risk_rating":null,"risk_assessment_count":0,"service_request_id":"2BD35535-20E0-498D-B159-E55410F8FB9F","source":"Department of Parks and Recreation - Public Web Site","status":"Closed","work_order_count":0},"type":"Feature"},{"geometry":{"coordinates":[-73.793307,40.76736],"type":"Point"},"id":"2BDDCF7B-CCE2-4BD6-960A-396F856682EB","properties":{"borough":"Queens","created_date":"2026-09-11T11:39:00.000","inspection_count":1,"latest_inspection_date":"2026-09-11T18:55:25.000","latest_work_order_status":"Open","latest_work_order_type":"Prune-Traffic 20 Day","max_risk_rating":"3.0","risk_assessment_count":1,"service_request_id":"2BDDCF7B-CCE2-4BD6-960A-396F856682EB","source":"DPR -Public Tree Map","status":"Open","work_order_count":1},"type":"Feature"},{"geometry":{"coordinates":[-73.843867,40.775023],"type":"Point"},"id":"2BE6A6A1-3E7E-4303-A43E-5C67ED3581C7","properties":{"borough":"Queens","created_date":"2026-09-13T12:11:00.000","inspection_count":0,"latest_inspection_date":null,"latest_work_order_status":null,"latest_work_order_type":null,"max_risk_rating":null,"risk_assessment_count":0,"service_request_id":"2BE6A6A1-3E7E-4303-A43E-5C67ED3581C7","source":"3-1-1 Call Center","status":"Open","work_order_count":0},"type":"Feature"},{"geometry":{"coordinates":[-73.797879,40.765765],"type":"Point"},"id":"2BEEF319-99CA-4B61-A558-6BFF7EAC858E","properties":{"borough":"Queens","created_date":"2026-09-11T20:28:56.000","inspection_count":0,"latest_inspection_date":null,"latest_work_order_status":null,"latest_work_order_type":null,"max_risk_rating":null,"risk_assessment_count":0,"service_request_id":"2BEEF319-99CA-4B61-A558-6BFF7EAC858E","source":"Department of Parks and Recreation - Public Web Site","status":"Open","work_order_count":0},"type":"Feature"},{"geometry":{"coordinates":[-73.850482,40.713555],"type":"Point"},"id":"2BF2F123-B3AE-48E5-AB93-68715901F3A0","properties":{"borough":"Queens","created_date":"2026-09-07T21:03:00.000","inspection_count":0,"latest_inspection_date":null,"latest_work_order_status":null,"latest_work_order_type":null,"max_risk_rating":null,"risk_assessment_count":0,"service_request_id":"2BF2F123-B3AE-48E5-AB93-68715901F3A0","source":"3-1-1 Call Center","status":"Open","work_order_count":0},"type":"Feature"},{"geometry":{"coordinates":[-73.944046,40.69123],"type":"Point"},"id":"2C05B38E-AF08-48D6-94A1-33EBA64ACF8E","properties":{"borough":"Brooklyn","created_date":"2026-09-07T16:11:05.000","inspection_count":0,"latest_inspection_date":null,"latest_work_order_status":null,"latest_work_order_type":null,"max_risk_rating":null,"risk_assessment_count":0,"service_request_id":"2C05B38E-AF08-48D6-94A1-33EBA64ACF8E","source":"3-1-1 Call Center","status":"Closed","work_order_count":0},"type":"Feature"},{"geometry":{"coordinates":[-74.033731,40.627842],"type":"Point"},"id":"2C08638D-8538-44DB-A65C-C93444E1D176","properties":{"borough":"Brooklyn","created_date":"2026-09-24T14:49:33.000","inspection_count":0,"latest_inspection_date":null,"latest_work_order_status":null,"latest_work_order_type":null,"max_risk_rating":null,"risk_assessment_count":0,"service_request_id":"2C08638D-8538-44DB-A65C-C93444E1D176","source":"DPR -Public Tree Map","status":"Open","work_order_count":0},"type":"Feature"},{"geometry":{"coordinates":[-73.880991,40.7343],"type":"Point"},"id":"2C09BCDF-E733-452E-ADAB-5854DB253363","properties":{"borough":"Queens","created_date":"2026-09-22T16:57:00.000","inspection_count":0,"latest_inspection_date":null,"latest_work_order_status":null,"latest_work_order_type":null,"max_risk_rating":null,"risk_assessment_count":0,"service_request_id":"2C09BCDF-E733-452E-ADAB-5854DB253363","source":"3-1-1 Call Center","status":"Open","work_order_count":0},"type":"Feature"},{"geometry":{"coordinates":[-73.77653,40.713877],"type":"Point"},"id":"2C3AD01C-BBD9-468F-A188-DF0D7AC3080C","properties":{"borough":"Queens","created_date":"2026-09-20T20:04:00.000","inspection_count":0,"latest_inspection_date":null,"latest_work_order_status":null,"latest_work_order_type":null,"max_risk_rating":null,"risk_assessment_count":0,"service_request_id":"2C3AD01C-BBD9-468F-A188-DF0D7AC3080C","source":"3-1-1 Call Center","status":"Open","work_order_count":0},"type":"Feature"},{"geometry":{"coordinates":[-73.81817,40.816244],"type":"Point"},"id":"2C526E0D-BC9B-414A-AD89-62E48059C467","properties":{"borough":"Bronx","created_date":"2026-09-09T23:15:16.000","inspection_count":0,"latest_inspection_date":null,"latest_work_order_status":null,"latest_work_order_type":null,"max_risk_rating":null,"risk_assessment_count":0,"service_request_id":"2C526E0D-BC9B-414A-AD89-62E48059C467","source":"Department of Parks and Recreation - Public Web Site","status":"Closed","work_order_count":0},"type":"Feature"},{"geometry":{"coordinates":[-73.851183,40.690645],"type":"Point"},"id":"2C52FD8F-EE90-4E75-9063-7AC66F68C661","properties":{"borough":"Queens","created_date":"2026-09-03T15:45:00.000","inspection_count":0,"latest_inspection_date":null,"latest_work_order_status":null,"latest_work_order_type":null,"max_risk_rating":null,"risk_assessment_count":0,"service_request_id":"2C52FD8F-EE90-4E75-9063-7AC66F68C661","source":"3-1-1 Call Center","status":"Closed","work_order_count":0},"type":"Feature"},{"geometry":{"coordinates":[-73.905209,40.722094],"type":"Point"},"id":"2C7CA62F-0604-4B7A-AEF1-336EDF3CF60E","properties":{"borough":"Queens","created_date":"2026-09-23T16:03:00.000","inspection_count":0,"latest_inspection_date":null,"latest_work_order_status":null,"latest_work_order_type":null,"max_risk_rating":null,"risk_assessment_count":0,"service_request_id":"2C7CA62F-0604-4B7A-AEF1-336EDF3CF60E","source":"3-1-1 Call Center","status":"Open","work_order_count":0},"type":"Feature"},{"geometry":{"coordinates":[-73.911248,40.808734],"type":"Point"},"id":"2C86E865-B73C-4B66-B82A-5F0D0E3A5129","properties":{"borough":"Bronx","created_date":"2026-09-22T20:11:16.000","inspection_count":0,"latest_inspection_date":null,"latest_work_order_status":null,"latest_work_order_type":null,"max_risk_rating":null,"risk_assessment_count":0,"service_request_id":"2C86E865-B73C-4B66-B82A-5F0D0E3A5129","source":"Department of Parks and Recreation - Public Web Site","status":"Closed","work_order_count":0},"type":"Feature"},{"geometry":{"coordinates":[-73.800679,40.678124],"type":"Point"},"id":"2C88CAA7-D59C-482C-A73A-F715A1FDC726","properties":{"borough":"Queens","created_date":"2026-09-08T14:16:00.000","inspection_count":0,"latest_inspection_date":null,"latest_work_order_status":null,"latest_work_order_type":null,"max_risk_rating":null,"risk_assessment_count":0,"service_request_id":"2C88CAA7-D59C-482C-A73A-F715A1FDC726","source":"3-1-1 Call Center","status":"Open","work_order_count":0},"type":"Feature"},{"geometry":{"coordinates":[-73.943295,40.599043],"type":"Point"},"id":"2C8F8662-7270-4757-8C4B-D8136FAACAA1","properties":{"borough":"Brooklyn","created_date":"2026-09-08T23:15:21.000","inspection_count":0,"latest_inspection_date":null,"latest_work_order_status":null,"latest_work_order_type":null,"max_risk_rating":null,"risk_assessment_count":0,"service_request_id":"2C8F8662-7270-4757-8C4B-D8136FAACAA1","source":"Department of Parks and Recreation - Public Web Site","status":"Open","work_order_count":0},"type":"Feature"},{"geometry":{"coordinates":[-73.868631,40.70372],"type":"Point"},"id":"2CA6D794-6404-4B59-BB8D-EB239CC1DB77","properties":{"borough":"Queens","created_date":"2026-09-18T12:53:47.000","inspection_count":0,"latest_inspection_date":null,"latest_work_order_status":null,"latest_work_order_type":null,"max_risk_rating":null,"risk_assessment_count":0,"service_request_id":"2CA6D794-6404-4B59-BB8D-EB239CC1DB77","source":"Department of Parks and Recreation - Public Web Site","status":"Open","work_order_count":0},"type":"Feature"},{"geometry":{"coordinates":[-73.996106,40.615641],"type":"Point"},"id":"2CAA1CCE-EEF5-4655-9FCD-CBEAC0E3E61C","properties":{"borough":"Brooklyn","created_date":"2026-09-04T22:16:56.000","inspection_count":0,"latest_inspection_date":null,"latest_work_order_status":null,"latest_work_order_type":null,"max_risk_rating":null,"risk_assessment_count":0,"service_request_id":"2CAA1CCE-EEF5-4655-9FCD-CBEAC0E3E61C","source":"Department of Parks and Recreation - Public Web Site","status":"Open","work_order_count":0},"type":"Feature"},{"geometry":{"coordinates":[-73.788344,40.846649],"type":"Point"},"id":"2CAB2379-425A-4247-B669-C127A00A66AD","properties":{"borough":"Bronx","created_date":"2026-09-24T12:02:08.000","inspection_count":0,"latest_inspection_date":null,"latest_work_order_status":null,"latest_work_order_type":null,"max_risk_rating":null,"risk_assessment_count":0,"service_request_id":"2CAB2379-425A-4247-B669-C127A00A66AD","source":"3-1-1 Call Center","status":"Closed","work_order_count":0},"type":"Feature"},{"geometry":{"coordinates":[-74.219934,40.539696],"type":"Point"},"id":"2CB97DC6-D320-4D2F-B0AB-8FF60DE0BFD2","properties":{"borough":"Staten Island","created_date":"2026-09-21T21:00:00.000","inspection_count":1,"latest_inspection_date":"2026-09-22T14:09:06.000","latest_work_order_status":null,"latest_work_order_type":null,"max_risk_rating":"7.0","risk_assessment_count":1,"service_request_id":"2CB97DC6-D320-4D2F-B0AB-8FF60DE0BFD2","source":"3-1-1 Call Center","status":"Closed","work_order_count":0},"type":"Feature"},{"geometry":{"coordinates":[-74.157626,40.549831],"type":"Point"},"id":"2CBAF4FD-F3DC-4335-9B47-91450B23EE2C","properties":{"borough":"Staten Island","created_date":"2026-09-16T22:59:17.000","inspection_count":0,"latest_inspection_date":null,"latest_work_order_status":null,"latest_work_order_type":null,"max_risk_rating":null,"risk_assessment_count":0,"service_request_id":"2CBAF4FD-F3DC-4335-9B47-91450B23EE2C","source":"3-1-1 Call Center","status":"Open","work_order_count":0},"type":"Feature"},{"geometry":{"coordinates":[-73.956925,40.805261],"type":"Point"},"id":"2CD24B94-09EC-459D-BA23-6E60680D437B","properties":{"borough":"Manhattan","created_date":"2026-09-23T18:12:47.000","inspection_count":0,"latest_inspection_date":null,"latest_work_order_status":null,"latest_work_order_type":null,"max_risk_rating":null,"risk_assessment_count":0,"service_request_id":"2CD24B94-09EC-459D-BA23-6E60680D437B","source":"DPR -Public Tree Map","status":"Open","work_order_count":0},"type":"Feature"},{"geometry":{"coordinates":[-73.948836,40.807231],"type":"Point"},"id":"2CF199F3-65C4-474F-A147-4607F363839A","properties":{"borough":"Manhattan","created_date":"2026-09-06T11:37:10.000","inspection_count":0,"latest_inspection_date":null,"latest_work_order_status":null,"latest_work_order_type":null,"max_risk_rating":null,"risk_assessment_count":0,"service_request_id":"2CF199F3-65C4-474F-A147-4607F363839A","source":"Department of Parks and Recreation - Public Web Site","status":"Open","work_order_count":0},"type":"Feature"},{"geometry":{"coordinates":[-74.000054,40.722034],"type":"Point"},"id":"2CF60FA3-EE25-4DE0-A167-6826F5AC8D80","properties":{"borough":"Manhattan","created_date":"2026-09-22T21:04:28.000","inspection_count":0,"latest_inspection_date":null,"latest_work_order_status":null,"latest_work_order_type":null,"max_risk_rating":null,"risk_assessment_count":0,"service_request_id":"2CF60FA3-EE25-4DE0-A167-6826F5AC8D80","source":"3-1-1 Call Center","status":"Open","work_order_count":0},"type":"Feature"},{"geometry":{"coordinates":[-73.920895,40.758411],"type":"Point"},"id":"2CF7ECB5-23D0-429A-ABAB-EAEDC319D3EA","properties":{"borough":"Queens","created_date":"2026-09-03T17:48:00.000","inspection_count":0,"latest_inspection_date":null,"latest_work_order_status":null,"latest_work_order_type":null,"max_risk_rating":null,"risk_assessment_count":0,"service_request_id":"2CF7ECB5-23D0-429A-ABAB-EAEDC319D3EA","source":"3-1-1 Call Center","status":"Open","work_order_count":0},"type":"Feature"},{"geometry":{"coordinates":[-73.958602,40.624266],"type":"Point"},"id":"2CFB052B-ED2B-498F-AC46-22BFDC80B4B8","properties":{"borough":"Brooklyn","created_date":"2026-09-21T03:13:31.000","inspection_count":0,"latest_inspection_date":null,"latest_work_order_status":null,"latest_work_order_type":null,"max_risk_rating":null,"risk_assessment_count":0,"service_request_id":"2CFB052B-ED2B-498F-AC46-22BFDC80B4B8","source":"Department of Parks and Recreation - Public Web Site","status":"Open","work_order_count":0},"type":"Feature"},{"geometry":{"coordinates":[-73.941401,40.664621],"type":"Point"},"id":"2D04FF1F-9181-42A8-8E53-283F3C139E1B","properties":{"borough":"Brooklyn","created_date":"2026-09-25T16:47:40.000","inspection_count":0,"latest_inspection_date":null,"latest_work_order_status":null,"latest_work_order_type":null,"max_risk_rating":null,"risk_assessment_count":0,"service_request_id":"2D04FF1F-9181-42A8-8E53-283F3C139E1B","source":"3-1-1 Call Center","status":"Closed","work_order_count":0},"type":"Feature"},{"geometry":{"coordinates":[-73.737463,40.693041],"type":"Point"},"id":"2D07DCDB-2B7E-4391-82B5-B39810B28F89","properties":{"borough":"Queens","created_date":"2026-09-14T19:11:12.000","inspection_count":0,"latest_inspection_date":null,"latest_work_order_status":null,"latest_work_order_type":null,"max_risk_rating":null,"risk_assessment_count":0,"service_request_id":"2D07DCDB-2B7E-4391-82B5-B39810B28F89","source":"Department of Parks and Recreation - Public Web Site","status":"Open","work_order_count":0},"type":"Feature"},{"geometry":{"coordinates":[-73.886247,40.72236],"type":"Point"},"id":"2D13B34E-01B6-40A4-9E43-34E413F5481A","properties":{"borough":"Queens","created_date":"2026-09-24T16:20:00.000","inspection_count":0,"latest_inspection_date":null,"latest_work_order_status":null,"latest_work_order_type":null,"max_risk_rating":null,"risk_assessment_count":0,"service_request_id":"2D13B34E-01B6-40A4-9E43-34E413F5481A","source":"3-1-1 Call Center","status":"Open","work_order_count":0},"type":"Feature"},{"geometry":{"coordinates":[-73.900134,40.771896],"type":"Point"},"id":"2D28E831-5FE0-4522-848A-29720317C56A","properties":{"borough":"Queens","created_date":"2026-09-13T15:27:00.000","inspection_count":0,"latest_inspection_date":null,"latest_work_order_status":null,"latest_work_order_type":null,"max_risk_rating":null,"risk_assessment_count":0,"service_request_id":"2D28E831-5FE0-4522-848A-29720317C56A","source":"3-1-1 Call Center","status":"Open","work_order_count":0},"type":"Feature"},{"geometry":{"coordinates":[-73.90829,40.622555],"type":"Point"},"id":"2D434BCB-9299-4770-9F12-BD74B8339301","properties":{"borough":"Brooklyn","created_date":"2026-09-21T01:39:48.000","inspection_count":0,"latest_inspection_date":null,"latest_work_order_status":null,"latest_work_order_type":null,"max_risk_rating":null,"risk_assessment_count":0,"service_request_id":"2D434BCB-9299-4770-9F12-BD74B8339301","source":"3-1-1 Call Center","status":"Open","work_order_count":0},"type":"Feature"},{"geometry":{"coordinates":[-73.982024,40.598444],"type":"Point"},"id":"2D52AD71-A05D-417D-BA62-D7E239FAEB81","properties":{"borough":"Brooklyn","created_date":"2026-09-23T18:33:00.000","inspection_count":0,"latest_inspection_date":null,"latest_work_order_status":null,"latest_work_order_type":null,"max_risk_rating":null,"risk_assessment_count":0,"service_request_id":"2D52AD71-A05D-417D-BA62-D7E239FAEB81","source":"3-1-1 Call Center","status":"Open","work_order_count":0},"type":"Feature"},{"geometry":{"coordinates":[-73.965264,40.642148],"type":"Point"},"id":"2D52FE5A-F6B5-4438-940D-37B57E2D0076","properties":{"borough":"Brooklyn","created_date":"2026-09-03T18:02:28.000","inspection_count":0,"latest_inspection_date":null,"latest_work_order_status":null,"latest_work_order_type":null,"max_risk_rating":null,"risk_assessment_count":0,"service_request_id":"2D52FE5A-F6B5-4438-940D-37B57E2D0076","source":"3-1-1 Call Center","status":"Open","work_order_count":0},"type":"Feature"},{"geometry":{"coordinates":[-73.734838,40.725629],"type":"Point"},"id":"2D5B84C5-074F-4837-8A7F-6FB29EDD9849","properties":{"borough":"Queens","created_date":"2026-09-21T14:29:00.000","inspection_count":0,"latest_inspection_date":null,"latest_work_order_status":null,"latest_work_order_type":null,"max_risk_rating":null,"risk_assessment_count":0,"service_request_id":"2D5B84C5-074F-4837-8A7F-6FB29EDD9849","source":"3-1-1 Call Center","status":"Open","work_order_count":0},"type":"Feature"},{"geometry":{"coordinates":[-74.228936,40.509263],"type":"Point"},"id":"2D5D0815-85CF-4F3C-AE8F-203D025E73DF","properties":{"borough":"Staten Island","created_date":"2026-09-08T13:56:00.000","inspection_count":0,"latest_inspection_date":null,"latest_work_order_status":null,"latest_work_order_type":null,"max_risk_rating":null,"risk_assessment_count":0,"service_request_id":"2D5D0815-85CF-4F3C-AE8F-203D025E73DF","source":"3-1-1 Call Center","status":"Closed","work_order_count":0},"type":"Feature"},{"geometry":{"coordinates":[-73.843989,40.836898],"type":"Point"},"id":"2D69532C-9016-418F-A48F-54762FB155EE","properties":{"borough":"Bronx","created_date":"2026-09-23T15:54:13.000","inspection_count":0,"latest_inspection_date":null,"latest_work_order_status":null,"latest_work_order_type":null,"max_risk_rating":null,"risk_assessment_count":0,"service_request_id":"2D69532C-9016-418F-A48F-54762FB155EE","source":"Department of Parks and Recreation - Public Web Site","status":"Open","work_order_count":0},"type":"Feature"},{"geometry":{"coordinates":[-73.927957,40.840853],"type":"Point"},"id":"2D6EC6BA-DC01-4386-92F2-DEF0C4D2169C","properties":{"borough":"Bronx","created_date":"2026-09-19T19:27:00.000","inspection_count":0,"latest_inspection_date":null,"latest_work_order_status":null,"latest_work_order_type":null,"max_risk_rating":null,"risk_assessment_count":0,"service_request_id":"2D6EC6BA-DC01-4386-92F2-DEF0C4D2169C","source":"3-1-1 Call Center","status":"Open","work_order_count":0},"type":"Feature"},{"geometry":{"coordinates":[-73.974177,40.785257],"type":"Point"},"id":"2D6F5ADF-222E-43C9-AC0D-3D40BF11362F","properties":{"borough":"Manhattan","created_date":"2026-09-07T09:30:02.000","inspection_count":0,"latest_inspection_date":null,"latest_work_order_status":null,"latest_work_order_type":null,"max_risk_rating":null,"risk_assessment_count":0,"service_request_id":"2D6F5ADF-222E-43C9-AC0D-3D40BF11362F","source":"Department of Parks and Recreation - Public Web Site","status":"Closed","work_order_count":0},"type":"Feature"},{"geometry":{"coordinates":[-73.975046,40.605431],"type":"Point"},"id":"2D816F4D-EB5C-43E0-9D83-3F2DF6B4D201","properties":{"borough":"Brooklyn","created_date":"2026-09-14T23:45:07.000","inspection_count":0,"latest_inspection_date":null,"latest_work_order_status":null,"latest_work_order_type":null,"max_risk_rating":null,"risk_assessment_count":0,"service_request_id":"2D816F4D-EB5C-43E0-9D83-3F2DF6B4D201","source":"3-1-1 Call Center","status":"Open","work_order_count":0},"type":"Feature"},{"geometry":{"coordinates":[-73.974177,40.785257],"type":"Point"},"id":"2D857D5A-5D3B-445B-8001-5CBC5B8717C9","properties":{"borough":"Manhattan","created_date":"2026-09-08T16:10:02.000","inspection_count":0,"latest_inspection_date":null,"latest_work_order_status":null,"latest_work_order_type":null,"max_risk_rating":null,"risk_assessment_count":0,"service_request_id":"2D857D5A-5D3B-445B-8001-5CBC5B8717C9","source":"Department of Parks and Recreation - Public Web Site","status":"Closed","work_order_count":0},"type":"Feature"},{"geometry":{"coordinates":[-73.974177,40.785257],"type":"Point"},"id":"2D8D8E22-154A-4912-A98C-33F66D59A013","properties":{"borough":"Manhattan","created_date":"2026-09-07T07:55:02.000","inspection_count":0,"latest_inspection_date":null,"latest_work_order_status":null,"latest_work_order_type":null,"max_risk_rating":null,"risk_assessment_count":0,"service_request_id":"2D8D8E22-154A-4912-A98C-33F66D59A013","source":"Department of Parks and Recreation - Public Web Site","status":"Closed","work_order_count":0},"type":"Feature"},{"geometry":{"coordinates":[-73.954243,40.603561],"type":"Point"},"id":"2D8F92CD-2824-4612-8FFB-7EF715BB49E5","properties":{"borough":"Brooklyn","created_date":"2026-09-16T12:42:00.000","inspection_count":0,"latest_inspection_date":null,"latest_work_order_status":null,"latest_work_order_type":null,"max_risk_rating":null,"risk_assessment_count":0,"service_request_id":"2D8F92CD-2824-4612-8FFB-7EF715BB49E5","source":"3-1-1 Call Center","status":"Open","work_order_count":0},"type":"Feature"},{"geometry":{"coordinates":[-73.974177,40.785257],"type":"Point"},"id":"2D954EAB-D74A-480E-8B20-29D33E6EC26C","properties":{"borough":"Manhattan","created_date":"2026-09-08T18:45:02.000","inspection_count":0,"latest_inspection_date":null,"latest_work_order_status":null,"latest_work_order_type":null,"max_risk_rating":null,"risk_assessment_count":0,"service_request_id":"2D954EAB-D74A-480E-8B20-29D33E6EC26C","source":"Department of Parks and Recreation - Public Web Site","status":"Closed","work_order_count":0},"type":"Feature"},{"geometry":{"coordinates":[-73.974177,40.785257],"type":"Point"},"id":"2DAA84E2-7C61-4335-9A39-5C01A1A1AA9D","properties":{"borough":"Manhattan","created_date":"2026-09-08T07:35:02.000","inspection_count":0,"latest_inspection_date":null,"latest_work_order_status":null,"latest_work_order_type":null,"max_risk_rating":null,"risk_assessment_count":0,"service_request_id":"2DAA84E2-7C61-4335-9A39-5C01A1A1AA9D","source":"Department of Parks and Recreation - Public Web Site","status":"Closed","work_order_count":0},"type":"Feature"},{"geometry":{"coordinates":[-73.971533,40.635554],"type":"Point"},"id":"2DAA99FB-6218-427F-9B20-43984DFC439B","properties":{"borough":"Brooklyn","created_date":"2026-09-25T16:03:56.000","inspection_count":0,"latest_inspection_date":null,"latest_work_order_status":null,"latest_work_order_type":null,"max_risk_rating":null,"risk_assessment_count":0,"service_request_id":"2DAA99FB-6218-427F-9B20-43984DFC439B","source":"3-1-1 Call Center","status":"Open","work_order_count":0},"type":"Feature"},{"geometry":{"coordinates":[-74.003483,40.616306],"type":"Point"},"id":"2DACD0E1-A00B-42AE-B619-8998FAE1153A","properties":{"borough":"Brooklyn","created_date":"2026-09-11T19:35:02.000","inspection_count":0,"latest_inspection_date":null,"latest_work_order_status":null,"latest_work_order_type":null,"max_risk_rating":null,"risk_assessment_count":0,"service_request_id":"2DACD0E1-A00B-42AE-B619-8998FAE1153A","source":"Department of Parks and Recreation - Public Web Site","status":"Open","work_order_count":0},"type":"Feature"},{"geometry":{"coordinates":[-74.165727,40.637659],"type":"Point"},"id":"2DD42C9D-7954-4C58-9211-7B352CF2D445","properties":{"borough":"Staten Island","created_date":"2026-09-02T07:50:39.000","inspection_count":0,"latest_inspection_date":null,"latest_work_order_status":null,"latest_work_order_type":null,"max_risk_rating":null,"risk_assessment_count":0,"service_request_id":"2DD42C9D-7954-4C58-9211-7B352CF2D445","source":"3-1-1 Call Center","status":"Closed","work_order_count":0},"type":"Feature"},{"geometry":{"coordinates":[-73.89571,40.758728],"type":"Point"},"id":"2DDC9276-D4D2-4069-B517-F0A311CD1257","properties":{"borough":"Queens","created_date":"2026-09-04T04:06:04.000","inspection_count":0,"latest_inspection_date":null,"latest_work_order_status":null,"latest_work_order_type":null,"max_risk_rating":null,"risk_assessment_count":0,"service_request_id":"2DDC9276-D4D2-4069-B517-F0A311CD1257","source":"Department of Parks and Recreation - Public Web Site","status":"Open","work_order_count":0},"type":"Feature"},{"geometry":{"coordinates":[-73.980434,40.702836],"type":"Point"},"id":"2DE04615-3D25-4D3B-83DE-CF57B5384342","properties":{"borough":"Brooklyn","created_date":"2026-09-15T18:52:00.000","inspection_count":0,"latest_inspection_date":null,"latest_work_order_status":null,"latest_work_order_type":null,"max_risk_rating":null,"risk_assessment_count":0,"service_request_id":"2DE04615-3D25-4D3B-83DE-CF57B5384342","source":"3-1-1 Call Center","status":"Open","work_order_count":0},"type":"Feature"},{"geometry":{"coordinates":[-73.974177,40.785257],"type":"Point"},"id":"2DF524DA-E34D-4CE6-B040-FF10376E701C","properties":{"borough":"Manhattan","created_date":"2026-09-08T06:40:02.000","inspection_count":0,"latest_inspection_date":null,"latest_work_order_status":null,"latest_work_order_type":null,"max_risk_rating":null,"risk_assessment_count":0,"service_request_id":"2DF524DA-E34D-4CE6-B040-FF10376E701C","source":"Department of Parks and Recreation - Public Web Site","status":"Closed","work_order_count":0},"type":"Feature"},{"geometry":{"coordinates":[-73.746907,40.706369],"type":"Point"},"id":"2DFA9996-DA69-4214-8B77-67E05347DA1D","properties":{"borough":"Queens","created_date":"2026-09-06T15:10:00.000","inspection_count":0,"latest_inspection_date":null,"latest_work_order_status":null,"latest_work_order_type":null,"max_risk_rating":null,"risk_assessment_count":0,"service_request_id":"2DFA9996-DA69-4214-8B77-67E05347DA1D","source":"3-1-1 Call Center","status":"Open","work_order_count":0},"type":"Feature"},{"geometry":{"coordinates":[-73.974177,40.785257],"type":"Point"},"id":"2E0C67DD-304B-454A-8D0F-FD448563C0B8","properties":{"borough":"Manhattan","created_date":"2026-09-09T12:45:01.000","inspection_count":0,"latest_inspection_date":null,"latest_work_order_status":null,"latest_work_order_type":null,"max_risk_rating":null,"risk_assessment_count":0,"service_request_id":"2E0C67DD-304B-454A-8D0F-FD448563C0B8","source":"Department of Parks and Recreation - Public Web Site","status":"Closed","work_order_count":0},"type":"Feature"},{"geometry":{"coordinates":[-73.743621,40.772022],"type":"Point"},"id":"2E12D7E8-8AA4-4A4C-B158-E502E7C4E0B1","properties":{"borough":"Queens","created_date":"2026-09-09T21:52:51.000","inspection_count":0,"latest_inspection_date":null,"latest_work_order_status":null,"latest_work_order_type":null,"max_risk_rating":null,"risk_assessment_count":0,"service_request_id":"2E12D7E8-8AA4-4A4C-B158-E502E7C4E0B1","source":"DPR -Public Tree Map","status":"Open","work_order_count":0},"type":"Feature"},{"geometry":{"coordinates":[-73.800191,40.795346],"type":"Point"},"id":"2E1CF087-EDE9-4A09-9192-8C790CA123BA","properties":{"borough":"Queens","created_date":"2026-09-25T22:10:00.000","inspection_count":0,"latest_inspection_date":null,"latest_work_order_status":null,"latest_work_order_type":null,"max_risk_rating":null,"risk_assessment_count":0,"service_request_id":"2E1CF087-EDE9-4A09-9192-8C790CA123BA","source":"3-1-1 Call Center","status":"Open","work_order_count":0},"type":"Feature"},{"geometry":{"coordinates":[-73.878385,40.702976],"type":"Point"},"id":"2E3428C4-4E68-49BD-B757-29EA58820077","properties":{"borough":"Queens","created_date":"2026-09-24T17:48:00.000","inspection_count":0,"latest_inspection_date":null,"latest_work_order_status":null,"latest_work_order_type":null,"max_risk_rating":null,"risk_assessment_count":0,"service_request_id":"2E3428C4-4E68-49BD-B757-29EA58820077","source":"DPR -Public Tree Map","status":"Open","work_order_count":0},"type":"Feature"},{"geometry":{"coordinates":[-73.974177,40.785257],"type":"Point"},"id":"2E3873AE-8A11-4951-A43A-28119ACDE022","properties":{"borough":"Manhattan","created_date":"2026-09-08T06:30:02.000","inspection_count":0,"latest_inspection_date":null,"latest_work_order_status":null,"latest_work_order_type":null,"max_risk_rating":null,"risk_assessment_count":0,"service_request_id":"2E3873AE-8A11-4951-A43A-28119ACDE022","source":"Department of Parks and Recreation - Public Web Site","status":"Closed","work_order_count":0},"type":"Feature"},{"geometry":{"coordinates":[-74.182639,40.540953],"type":"Point"},"id":"2E50AA40-C045-47ED-84F2-CD72ABED0DBE","properties":{"borough":"Staten Island","created_date":"2026-09-10T22:07:00.000","inspection_count":0,"latest_inspection_date":null,"latest_work_order_status":null,"latest_work_order_type":null,"max_risk_rating":null,"risk_assessment_count":0,"service_request_id":"2E50AA40-C045-47ED-84F2-CD72ABED0DBE","source":"Department of Parks and Recreation - Public Web Site","status":"Closed","work_order_count":0},"type":"Feature"},{"geometry":{"coordinates":[-73.943163,40.686841],"type":"Point"},"id":"2E58F76C-6060-426A-85BC-5AD16D65CD44","properties":{"borough":"Brooklyn","created_date":"2026-09-02T11:43:33.000","inspection_count":0,"latest_inspection_date":null,"latest_work_order_status":null,"latest_work_order_type":null,"max_risk_rating":null,"risk_assessment_count":0,"service_request_id":"2E58F76C-6060-426A-85BC-5AD16D65CD44","source":"3-1-1 Call Center","status":"Closed","work_order_count":0},"type":"Feature"},{"geometry":{"coordinates":[-73.709959,40.732044],"type":"Point"},"id":"2E69516B-40BB-47AC-B9E6-5CF6B73388CC","properties":{"borough":"Queens","created_date":"2026-09-01T19:47:00.000","inspection_count":0,"latest_inspection_date":null,"latest_work_order_status":null,"latest_work_order_type":null,"max_risk_rating":null,"risk_assessment_count":0,"service_request_id":"2E69516B-40BB-47AC-B9E6-5CF6B73388CC","source":"3-1-1 Call Center","status":"Open","work_order_count":0},"type":"Feature"},{"geometry":{"coordinates":[-73.943163,40.686841],"type":"Point"},"id":"2E77AE76-7051-48A0-BD2E-B79844A9EDA2","properties":{"borough":"Brooklyn","created_date":"2026-09-10T12:13:21.000","inspection_count":0,"latest_inspection_date":null,"latest_work_order_status":null,"latest_work_order_type":null,"max_risk_rating":null,"risk_assessment_count":0,"service_request_id":"2E77AE76-7051-48A0-BD2E-B79844A9EDA2","source":"3-1-1 Call Center","status":"Open","work_order_count":0},"type":"Feature"},{"geometry":{"coordinates":[-73.821139,40.684841],"type":"Point"},"id":"2E78108E-D93A-4D9C-9945-8144C2FFA439","properties":{"borough":"Queens","created_date":"2026-09-09T19:57:00.000","inspection_count":0,"latest_inspection_date":null,"latest_work_order_status":null,"latest_work_order_type":null,"max_risk_rating":null,"risk_assessment_count":0,"service_request_id":"2E78108E-D93A-4D9C-9945-8144C2FFA439","source":"3-1-1 Call Center","status":"Open","work_order_count":0},"type":"Feature"},{"geometry":{"coordinates":[-73.995511,40.680391],"type":"Point"},"id":"2EA3A00E-90D5-4886-8C06-B4F5EE2D251D","properties":{"borough":"Brooklyn","created_date":"2026-09-02T14:59:21.000","inspection_count":0,"latest_inspection_date":null,"latest_work_order_status":null,"latest_work_order_type":null,"max_risk_rating":null,"risk_assessment_count":0,"service_request_id":"2EA3A00E-90D5-4886-8C06-B4F5EE2D251D","source":"Department of Parks and Recreation - Public Web Site","status":"Open","work_order_count":0},"type":"Feature"},{"geometry":{"coordinates":[-73.721759,40.75085],"type":"Point"},"id":"2EAE9314-5AD7-4A07-B573-4469EA3A19F7","properties":{"borough":"Queens","created_date":"2026-09-12T15:08:00.000","inspection_count":0,"latest_inspection_date":null,"latest_work_order_status":null,"latest_work_order_type":null,"max_risk_rating":null,"risk_assessment_count":0,"service_request_id":"2EAE9314-5AD7-4A07-B573-4469EA3A19F7","source":"3-1-1 Call Center","status":"Open","work_order_count":0},"type":"Feature"},{"geometry":{"coordinates":[-73.899471,40.716059],"type":"Point"},"id":"2EC4E0A7-AB3E-483A-9E9A-8B34C2BA209C","properties":{"borough":"Queens","created_date":"2026-09-14T18:34:00.000","inspection_count":0,"latest_inspection_date":null,"latest_work_order_status":null,"latest_work_order_type":null,"max_risk_rating":null,"risk_assessment_count":0,"service_request_id":"2EC4E0A7-AB3E-483A-9E9A-8B34C2BA209C","source":"Department of Parks and Recreation - Public Web Site","status":"Open","work_order_count":0},"type":"Feature"},{"geometry":{"coordinates":[-73.760906,40.677927],"type":"Point"},"id":"2EC584CA-548B-4F01-AD4F-DD3049DC9A96","properties":{"borough":"Queens","created_date":"2026-09-02T14:03:00.000","inspection_count":0,"latest_inspection_date":null,"latest_work_order_status":null,"latest_work_order_type":null,"max_risk_rating":null,"risk_assessment_count":0,"service_request_id":"2EC584CA-548B-4F01-AD4F-DD3049DC9A96","source":"3-1-1 Call Center","status":"Closed","work_order_count":0},"type":"Feature"},{"geometry":{"coordinates":[-73.81246,40.747792],"type":"Point"},"id":"2ED96B6E-EC4C-4165-8DE7-B41AC9253835","properties":{"borough":"Queens","created_date":"2026-09-16T15:00:00.000","inspection_count":0,"latest_inspection_date":null,"latest_work_order_status":null,"latest_work_order_type":null,"max_risk_rating":null,"risk_assessment_count":0,"service_request_id":"2ED96B6E-EC4C-4165-8DE7-B41AC9253835","source":"Department of Parks and Recreation - Public Web Site","status":"Open","work_order_count":0},"type":"Feature"},{"geometry":{"coordinates":[-73.851183,40.690645],"type":"Point"},"id":"2EFFEF1E-54BE-46DE-9194-CD960B9392FE","properties":{"borough":"Queens","created_date":"2026-09-03T18:15:19.000","inspection_count":0,"latest_inspection_date":null,"latest_work_order_status":null,"latest_work_order_type":null,"max_risk_rating":null,"risk_assessment_count":0,"service_request_id":"2EFFEF1E-54BE-46DE-9194-CD960B9392FE","source":"3-1-1 Call Center","status":"Closed","work_order_count":0},"type":"Feature"},{"geometry":{"coordinates":[-73.968193,40.687663],"type":"Point"},"id":"2F060566-0399-4787-BCB3-FD65715F279A","properties":{"borough":"Brooklyn","created_date":"2026-09-12T02:53:55.000","inspection_count":0,"latest_inspection_date":null,"latest_work_order_status":null,"latest_work_order_type":null,"max_risk_rating":null,"risk_assessment_count":0,"service_request_id":"2F060566-0399-4787-BCB3-FD65715F279A","source":"Department of Parks and Recreation - Public Web Site","status":"Open","work_order_count":0},"type":"Feature"},{"geometry":{"coordinates":[-73.974177,40.785257],"type":"Point"},"id":"2F0B582D-FED0-4BC9-B50D-37C6E34A12C1","properties":{"borough":"Manhattan","created_date":"2026-09-09T05:35:02.000","inspection_count":0,"latest_inspection_date":null,"latest_work_order_status":null,"latest_work_order_type":null,"max_risk_rating":null,"risk_assessment_count":0,"service_request_id":"2F0B582D-FED0-4BC9-B50D-37C6E34A12C1","source":"Department of Parks and Recreation - Public Web Site","status":"Closed","work_order_count":0},"type":"Feature"},{"geometry":{"coordinates":[-73.727933,40.766955],"type":"Point"},"id":"2F154B8A-A20F-49B3-A8D8-3F8CB251C51D","properties":{"borough":"Queens","created_date":"2026-09-03T17:11:00.000","inspection_count":0,"latest_inspection_date":null,"latest_work_order_status":null,"latest_work_order_type":null,"max_risk_rating":null,"risk_assessment_count":0,"service_request_id":"2F154B8A-A20F-49B3-A8D8-3F8CB251C51D","source":"3-1-1 Call Center","status":"Open","work_order_count":0},"type":"Feature"},{"geometry":{"coordinates":[-73.732062,40.665065],"type":"Point"},"id":"2F2583AF-A64F-4601-9DED-E835C2B57374","properties":{"borough":"Queens","created_date":"2026-09-21T10:55:00.000","inspection_count":0,"latest_inspection_date":null,"latest_work_order_status":null,"latest_work_order_type":null,"max_risk_rating":null,"risk_assessment_count":0,"service_request_id":"2F2583AF-A64F-4601-9DED-E835C2B57374","source":"3-1-1 Call Center","status":"Open","work_order_count":0},"type":"Feature"},{"geometry":{"coordinates":[-74.003483,40.616306],"type":"Point"},"id":"2F2A2D88-417C-4CBD-8942-B9727FAC32E1","properties":{"borough":"Brooklyn","created_date":"2026-09-12T22:25:02.000","inspection_count":0,"latest_inspection_date":null,"latest_work_order_status":null,"latest_work_order_type":null,"max_risk_rating":null,"risk_assessment_count":0,"service_request_id":"2F2A2D88-417C-4CBD-8942-B9727FAC32E1","source":"Department of Parks and Recreation - Public Web Site","status":"Open","work_order_count":0},"type":"Feature"},{"geometry":{"coordinates":[-73.871078,40.730756],"type":"Point"},"id":"2F359908-166D-4B44-9542-11356DE1ECDD","properties":{"borough":"Queens","created_date":"2026-09-07T22:59:00.000","inspection_count":0,"latest_inspection_date":null,"latest_work_order_status":null,"latest_work_order_type":null,"max_risk_rating":null,"risk_assessment_count":0,"service_request_id":"2F359908-166D-4B44-9542-11356DE1ECDD","source":"3-1-1 Call Center","status":"Open","work_order_count":0},"type":"Feature"},{"geometry":{"coordinates":[-73.981715,40.726452],"type":"Point"},"id":"2F361B52-F16D-4905-8F78-E8B12FFA4D99","properties":{"borough":"Manhattan","created_date":"2026-09-12T14:35:00.000","inspection_count":0,"latest_inspection_date":null,"latest_work_order_status":null,"latest_work_order_type":null,"max_risk_rating":null,"risk_assessment_count":0,"service_request_id":"2F361B52-F16D-4905-8F78-E8B12FFA4D99","source":"AMPS","status":"Open","work_order_count":0},"type":"Feature"},{"geometry":{"coordinates":[-74.005057,40.619536],"type":"Point"},"id":"2F374B05-452E-49D7-B267-077642251375","properties":{"borough":"Brooklyn","created_date":"2026-09-25T19:55:01.000","inspection_count":0,"latest_inspection_date":null,"latest_work_order_status":null,"latest_work_order_type":null,"max_risk_rating":null,"risk_assessment_count":0,"service_request_id":"2F374B05-452E-49D7-B267-077642251375","source":"Department of Parks and Recreation - Public Web Site","status":"Open","work_order_count":0},"type":"Feature"},{"geometry":{"coordinates":[-73.895326,40.663243],"type":"Point"},"id":"2F3AD1E3-CC0F-4904-9424-374C030D65F2","properties":{"borough":"Brooklyn","created_date":"2026-09-03T10:51:22.000","inspection_count":0,"latest_inspection_date":null,"latest_work_order_status":null,"latest_work_order_type":null,"max_risk_rating":null,"risk_assessment_count":0,"service_request_id":"2F3AD1E3-CC0F-4904-9424-374C030D65F2","source":"3-1-1 Call Center","status":"Open","work_order_count":0},"type":"Feature"},{"geometry":{"coordinates":[-73.946619,40.724953],"type":"Point"},"id":"2F441D32-5C40-4A7A-B371-F179C37B0B96","properties":{"borough":"Brooklyn","created_date":"2026-09-24T14:24:17.000","inspection_count":0,"latest_inspection_date":null,"latest_work_order_status":null,"latest_work_order_type":null,"max_risk_rating":null,"risk_assessment_count":0,"service_request_id":"2F441D32-5C40-4A7A-B371-F179C37B0B96","source":"Department of Parks and Recreation - Public Web Site","status":"Open","work_order_count":0},"type":"Feature"},{"geometry":{"coordinates":[-73.908573,40.781164],"type":"Point"},"id":"2F485446-DB5C-4AE3-9803-314FE0B46D5E","properties":{"borough":"Queens","created_date":"2026-09-20T16:45:00.000","inspection_count":0,"latest_inspection_date":null,"latest_work_order_status":null,"latest_work_order_type":null,"max_risk_rating":null,"risk_assessment_count":0,"service_request_id":"2F485446-DB5C-4AE3-9803-314FE0B46D5E","source":"3-1-1 Call Center","status":"Open","work_order_count":0},"type":"Feature"},{"geometry":{"coordinates":[-73.922337,40.775553],"type":"Point"},"id":"2F517EB9-4EE6-4745-98B8-C8D6BC65611D","properties":{"borough":"Queens","created_date":"2026-09-23T13:27:48.000","inspection_count":0,"latest_inspection_date":null,"latest_work_order_status":null,"latest_work_order_type":null,"max_risk_rating":null,"risk_assessment_count":0,"service_request_id":"2F517EB9-4EE6-4745-98B8-C8D6BC65611D","source":"3-1-1 Call Center","status":"Open","work_order_count":0},"type":"Feature"},{"geometry":{"coordinates":[-73.815257,40.687826],"type":"Point"},"id":"2F8A5B3F-C69B-4F09-968A-D6B2A9166F3F","properties":{"borough":"Queens","created_date":"2026-09-02T12:22:00.000","inspection_count":0,"latest_inspection_date":null,"latest_work_order_status":null,"latest_work_order_type":null,"max_risk_rating":null,"risk_assessment_count":0,"service_request_id":"2F8A5B3F-C69B-4F09-968A-D6B2A9166F3F","source":"3-1-1 Call Center","status":"Open","work_order_count":0},"type":"Feature"},{"geometry":{"coordinates":[-73.92337,40.746827],"type":"Point"},"id":"2F8D39AD-9423-4538-9F02-ECA7D9AC5C25","properties":{"borough":"Queens","created_date":"2026-09-25T16:00:00.000","inspection_count":0,"latest_inspection_date":null,"latest_work_order_status":null,"latest_work_order_type":null,"max_risk_rating":null,"risk_assessment_count":0,"service_request_id":"2F8D39AD-9423-4538-9F02-ECA7D9AC5C25","source":"3-1-1 Call Center","status":"Open","work_order_count":0},"type":"Feature"},{"geometry":{"coordinates":[-73.962606,40.61496],"type":"Point"},"id":"2F9145D5-381C-4E4C-9934-EB86BDB68D44","properties":{"borough":"Brooklyn","created_date":"2026-09-03T10:49:46.000","inspection_count":0,"latest_inspection_date":null,"latest_work_order_status":null,"latest_work_order_type":null,"max_risk_rating":null,"risk_assessment_count":0,"service_request_id":"2F9145D5-381C-4E4C-9934-EB86BDB68D44","source":"3-1-1 Call Center","status":"Closed","work_order_count":0},"type":"Feature"},{"geometry":{"coordinates":[-74.003483,40.616306],"type":"Point"},"id":"2F96416A-56B7-42A6-876F-71CEA3AC43C4","properties":{"borough":"Brooklyn","created_date":"2026-09-11T18:55:02.000","inspection_count":0,"latest_inspection_date":null,"latest_work_order_status":null,"latest_work_order_type":null,"max_risk_rating":null,"risk_assessment_count":0,"service_request_id":"2F96416A-56B7-42A6-876F-71CEA3AC43C4","source":"Department of Parks and Recreation - Public Web Site","status":"Open","work_order_count":0},"type":"Feature"},{"geometry":{"coordinates":[-73.78777,40.683277],"type":"Point"},"id":"2F971F18-E307-4DAF-AA8A-A2E94CEE4A09","properties":{"borough":"Queens","created_date":"2026-09-25T16:15:32.000","inspection_count":0,"latest_inspection_date":null,"latest_work_order_status":null,"latest_work_order_type":null,"max_risk_rating":null,"risk_assessment_count":0,"service_request_id":"2F971F18-E307-4DAF-AA8A-A2E94CEE4A09","source":"Department of Parks and Recreation - Public Web Site","status":"Open","work_order_count":0},"type":"Feature"},{"geometry":{"coordinates":[-73.729634,40.728716],"type":"Point"},"id":"2FAEF0BC-3605-480A-A1DF-F08BF01D5D88","properties":{"borough":"Queens","created_date":"2026-09-03T23:43:28.000","inspection_count":4,"latest_inspection_date":"2026-09-04T13:46:24.000","latest_work_order_status":"Pending","latest_work_order_type":"Pruning","max_risk_rating":"8.0","risk_assessment_count":4,"service_request_id":"2FAEF0BC-3605-480A-A1DF-F08BF01D5D88","source":"3-1-1 Call Center","status":"Open","work_order_count":3},"type":"Feature"},{"geometry":{"coordinates":[-73.730918,40.727915],"type":"Point"},"id":"2FC8E82A-78F5-4128-B645-1F52EA8B7230","properties":{"borough":"Queens","created_date":"2026-09-22T13:32:00.000","inspection_count":0,"latest_inspection_date":null,"latest_work_order_status":null,"latest_work_order_type":null,"max_risk_rating":null,"risk_assessment_count":0,"service_request_id":"2FC8E82A-78F5-4128-B645-1F52EA8B7230","source":"Department of Parks and Recreation - Public Web Site","status":"Open","work_order_count":0},"type":"Feature"},{"geometry":{"coordinates":[-74.003483,40.616306],"type":"Point"},"id":"2FD010DA-5E4D-4EE6-9E2B-81B53ED1C87C","properties":{"borough":"Brooklyn","created_date":"2026-09-12T02:25:02.000","inspection_count":0,"latest_inspection_date":null,"latest_work_order_status":null,"latest_work_order_type":null,"max_risk_rating":null,"risk_assessment_count":0,"service_request_id":"2FD010DA-5E4D-4EE6-9E2B-81B53ED1C87C","source":"Department of Parks and Recreation - Public Web Site","status":"Open","work_order_count":0},"type":"Feature"},{"geometry":{"coordinates":[-73.908618,40.688045],"type":"Point"},"id":"2FDE2600-C371-45F5-B7DC-613CA61E2B1A","properties":{"borough":"Brooklyn","created_date":"2026-09-07T15:31:06.000","inspection_count":0,"latest_inspection_date":null,"latest_work_order_status":null,"latest_work_order_type":null,"max_risk_rating":null,"risk_assessment_count":0,"service_request_id":"2FDE2600-C371-45F5-B7DC-613CA61E2B1A","source":"3-1-1 Call Center","status":"Open","work_order_count":0},"type":"Feature"},{"geometry":{"coordinates":[-73.899773,40.615911],"type":"Point"},"id":"2FE61E34-401E-4516-BD13-F0B673A4697F","properties":{"borough":"Brooklyn","created_date":"2026-09-25T13:30:00.000","inspection_count":0,"latest_inspection_date":null,"latest_work_order_status":null,"latest_work_order_type":null,"max_risk_rating":null,"risk_assessment_count":0,"service_request_id":"2FE61E34-401E-4516-BD13-F0B673A4697F","source":"3-1-1 Call Center","status":"Closed","work_order_count":0},"type":"Feature"},{"geometry":{"coordinates":[-73.965542,40.634169],"type":"Point"},"id":"2FFCB210-D8F3-4340-B86F-99BF9402B339","properties":{"borough":"Brooklyn","created_date":"2026-09-10T19:11:50.000","inspection_count":0,"latest_inspection_date":null,"latest_work_order_status":null,"latest_work_order_type":null,"max_risk_rating":null,"risk_assessment_count":0,"service_request_id":"2FFCB210-D8F3-4340-B86F-99BF9402B339","source":"3-1-1 Call Center","status":"Closed","work_order_count":0},"type":"Feature"},{"geometry":{"coordinates":[-73.743755,40.673559],"type":"Point"},"id":"2FFDCF65-0A41-4B21-ABDC-4CA2E70BCCA0","properties":{"borough":"Queens","created_date":"2026-09-03T22:10:52.000","inspection_count":0,"latest_inspection_date":null,"latest_work_order_status":null,"latest_work_order_type":null,"max_risk_rating":null,"risk_assessment_count":0,"service_request_id":"2FFDCF65-0A41-4B21-ABDC-4CA2E70BCCA0","source":"3-1-1 Call Center","status":"Open","work_order_count":0},"type":"Feature"},{"geometry":{"coordinates":[-73.831592,40.68187],"type":"Point"},"id":"2FFDE820-446A-4B83-BDF9-9BB42B38F61D","properties":{"borough":"Queens","created_date":"2026-09-21T13:57:00.000","inspection_count":0,"latest_inspection_date":null,"latest_work_order_status":null,"latest_work_order_type":null,"max_risk_rating":null,"risk_assessment_count":0,"service_request_id":"2FFDE820-446A-4B83-BDF9-9BB42B38F61D","source":"3-1-1 Call Center","status":"Open","work_order_count":0},"type":"Feature"},{"geometry":{"coordinates":[-73.935962,40.829451],"type":"Point"},"id":"300D71EA-C24D-4003-8225-E5683FA4C0DE","properties":{"borough":"Manhattan","created_date":"2026-09-18T17:11:00.000","inspection_count":0,"latest_inspection_date":null,"latest_work_order_status":null,"latest_work_order_type":null,"max_risk_rating":null,"risk_assessment_count":0,"service_request_id":"300D71EA-C24D-4003-8225-E5683FA4C0DE","source":"AMPS","status":"Open","work_order_count":0},"type":"Feature"},{"geometry":{"coordinates":[-73.974177,40.785257],"type":"Point"},"id":"3010AD64-5EE6-46C1-8E79-13700DFB2CA1","properties":{"borough":"Manhattan","created_date":"2026-09-08T13:10:02.000","inspection_count":0,"latest_inspection_date":null,"latest_work_order_status":null,"latest_work_order_type":null,"max_risk_rating":null,"risk_assessment_count":0,"service_request_id":"3010AD64-5EE6-46C1-8E79-13700DFB2CA1","source":"Department of Parks and Recreation - Public Web Site","status":"Closed","work_order_count":0},"type":"Feature"},{"geometry":{"coordinates":[-73.974177,40.785257],"type":"Point"},"id":"30335895-06CA-4A88-9053-9699559BFB15","properties":{"borough":"Manhattan","created_date":"2026-09-08T13:05:02.000","inspection_count":0,"latest_inspection_date":null,"latest_work_order_status":null,"latest_work_order_type":null,"max_risk_rating":null,"risk_assessment_count":0,"service_request_id":"30335895-06CA-4A88-9053-9699559BFB15","source":"Department of Parks and Recreation - Public Web Site","status":"Closed","work_order_count":0},"type":"Feature"},{"geometry":{"coordinates":[-74.007946,40.617181],"type":"Point"},"id":"3042F727-2DEA-4DD1-9988-95EE05589353","properties":{"borough":"Brooklyn","created_date":"2026-09-13T13:27:49.000","inspection_count":0,"latest_inspection_date":null,"latest_work_order_status":null,"latest_work_order_type":null,"max_risk_rating":null,"risk_assessment_count":0,"service_request_id":"3042F727-2DEA-4DD1-9988-95EE05589353","source":"Department of Parks and Recreation - Public Web Site","status":"Open","work_order_count":0},"type":"Feature"},{"geometry":{"coordinates":[-73.857321,40.688482],"type":"Point"},"id":"30585809-3910-4539-AEBD-DBA48D718A3B","properties":{"borough":"Queens","created_date":"2026-09-24T11:54:32.000","inspection_count":0,"latest_inspection_date":null,"latest_work_order_status":null,"latest_work_order_type":null,"max_risk_rating":null,"risk_assessment_count":0,"service_request_id":"30585809-3910-4539-AEBD-DBA48D718A3B","source":"Department of Parks and Recreation - Public Web Site","status":"Open","work_order_count":0},"type":"Feature"},{"geometry":{"coordinates":[-73.974177,40.785257],"type":"Point"},"id":"307230B5-BC3F-4679-8BD5-1CF2C11B9F3C","properties":{"borough":"Manhattan","created_date":"2026-09-09T09:05:02.000","inspection_count":0,"latest_inspection_date":null,"latest_work_order_status":null,"latest_work_order_type":null,"max_risk_rating":null,"risk_assessment_count":0,"service_request_id":"307230B5-BC3F-4679-8BD5-1CF2C11B9F3C","source":"Department of Parks and Recreation - Public Web Site","status":"Closed","work_order_count":0},"type":"Feature"},{"geometry":{"coordinates":[-73.974177,40.785257],"type":"Point"},"id":"307236C5-2963-43F9-AE4D-F59817B742A2","properties":{"borough":"Manhattan","created_date":"2026-09-09T15:35:02.000","inspection_count":0,"latest_inspection_date":null,"latest_work_order_status":null,"latest_work_order_type":null,"max_risk_rating":null,"risk_assessment_count":0,"service_request_id":"307236C5-2963-43F9-AE4D-F59817B742A2","source":"Department of Parks and Recreation - Public Web Site","status":"Closed","work_order_count":0},"type":"Feature"},{"geometry":{"coordinates":[-74.14955,40.586284],"type":"Point"},"id":"308817FD-89B2-4561-94AD-EB84A863DBC6","properties":{"borough":"Staten Island","created_date":"2026-09-03T14:08:00.000","inspection_count":0,"latest_inspection_date":null,"latest_work_order_status":null,"latest_work_order_type":null,"max_risk_rating":null,"risk_assessment_count":0,"service_request_id":"308817FD-89B2-4561-94AD-EB84A863DBC6","source":"3-1-1 Call Center","status":"Closed","work_order_count":0},"type":"Feature"},{"geometry":{"coordinates":[-73.745609,40.765829],"type":"Point"},"id":"308BC021-0C33-4891-92D5-EBD90E413D69","properties":{"borough":"Queens","created_date":"2026-09-09T01:21:00.000","inspection_count":0,"latest_inspection_date":null,"latest_work_order_status":null,"latest_work_order_type":null,"max_risk_rating":null,"risk_assessment_count":0,"service_request_id":"308BC021-0C33-4891-92D5-EBD90E413D69","source":"3-1-1 Call Center","status":"Open","work_order_count":0},"type":"Feature"},{"geometry":{"coordinates":[-73.864208,40.738283],"type":"Point"},"id":"3099856A-C304-40B2-9F4F-374DD34652BE","properties":{"borough":"Queens","created_date":"2026-09-08T14:09:00.000","inspection_count":0,"latest_inspection_date":null,"latest_work_order_status":null,"latest_work_order_type":null,"max_risk_rating":null,"risk_assessment_count":0,"service_request_id":"3099856A-C304-40B2-9F4F-374DD34652BE","source":"3-1-1 Call Center","status":"Closed","work_order_count":0},"type":"Feature"},{"geometry":{"coordinates":[-74.114062,40.578168],"type":"Point"},"id":"30B22703-471D-4395-A46B-84A1AA2BD600","properties":{"borough":"Staten Island","created_date":"2026-09-12T21:10:00.000","inspection_count":0,"latest_inspection_date":null,"latest_work_order_status":null,"latest_work_order_type":null,"max_risk_rating":null,"risk_assessment_count":0,"service_request_id":"30B22703-471D-4395-A46B-84A1AA2BD600","source":"3-1-1 Call Center","status":"Open","work_order_count":0},"type":"Feature"},{"geometry":{"coordinates":[-73.974177,40.785257],"type":"Point"},"id":"30BC7561-A03F-46ED-AC1E-13A1497AFCAF","properties":{"borough":"Manhattan","created_date":"2026-09-08T07:50:02.000","inspection_count":0,"latest_inspection_date":null,"latest_work_order_status":null,"latest_work_order_type":null,"max_risk_rating":null,"risk_assessment_count":0,"service_request_id":"30BC7561-A03F-46ED-AC1E-13A1497AFCAF","source":"Department of Parks and Recreation - Public Web Site","status":"Closed","work_order_count":0},"type":"Feature"},{"geometry":{"coordinates":[-73.974177,40.785257],"type":"Point"},"id":"30D764D5-FF84-4FEB-BA97-F661E73EF2DE","properties":{"borough":"Manhattan","created_date":"2026-09-07T07:45:02.000","inspection_count":0,"latest_inspection_date":null,"latest_work_order_status":null,"latest_work_order_type":null,"max_risk_rating":null,"risk_assessment_count":0,"service_request_id":"30D764D5-FF84-4FEB-BA97-F661E73EF2DE","source":"Department of Parks and Recreation - Public Web Site","status":"Closed","work_order_count":0},"type":"Feature"},{"geometry":{"coordinates":[-73.751604,40.659696],"type":"Point"},"id":"30D83602-0848-4448-BC33-43BDF949B997","properties":{"borough":"Queens","created_date":"2026-09-16T14:26:52.000","inspection_count":0,"latest_inspection_date":null,"latest_work_order_status":null,"latest_work_order_type":null,"max_risk_rating":null,"risk_assessment_count":0,"service_request_id":"30D83602-0848-4448-BC33-43BDF949B997","source":"Department of Parks and Recreation - Public Web Site","status":"Open","work_order_count":0},"type":"Feature"},{"geometry":{"coordinates":[-74.130903,40.575111],"type":"Point"},"id":"3108B3AE-830F-45B8-9EF4-50E2C71911C9","properties":{"borough":"Staten Island","created_date":"2026-09-16T21:57:00.000","inspection_count":0,"latest_inspection_date":null,"latest_work_order_status":null,"latest_work_order_type":null,"max_risk_rating":null,"risk_assessment_count":0,"service_request_id":"3108B3AE-830F-45B8-9EF4-50E2C71911C9","source":"3-1-1 Call Center","status":"Open","work_order_count":0},"type":"Feature"},{"geometry":{"coordinates":[-74.003483,40.616306],"type":"Point"},"id":"3110074C-DD49-4B9E-8CA3-AE4F2DB7FF8A","properties":{"borough":"Brooklyn","created_date":"2026-09-11T22:35:01.000","inspection_count":0,"latest_inspection_date":null,"latest_work_order_status":null,"latest_work_order_type":null,"max_risk_rating":null,"risk_assessment_count":0,"service_request_id":"3110074C-DD49-4B9E-8CA3-AE4F2DB7FF8A","source":"Department of Parks and Recreation - Public Web Site","status":"Open","work_order_count":0},"type":"Feature"},{"geometry":{"coordinates":[-73.821104,40.775981],"type":"Point"},"id":"311CD5A1-F1CA-4551-87A4-C7262A68E454","properties":{"borough":"Queens","created_date":"2026-09-02T18:22:00.000","inspection_count":0,"latest_inspection_date":null,"latest_work_order_status":null,"latest_work_order_type":null,"max_risk_rating":null,"risk_assessment_count":0,"service_request_id":"311CD5A1-F1CA-4551-87A4-C7262A68E454","source":"3-1-1 Call Center","status":"Open","work_order_count":0},"type":"Feature"},{"geometry":{"coordinates":[-73.919697,40.701755],"type":"Point"},"id":"3129EAB5-5D93-4A0D-A823-ED92264BD679","properties":{"borough":"Brooklyn","created_date":"2026-09-10T15:40:00.000","inspection_count":0,"latest_inspection_date":null,"latest_work_order_status":null,"latest_work_order_type":null,"max_risk_rating":null,"risk_assessment_count":0,"service_request_id":"3129EAB5-5D93-4A0D-A823-ED92264BD679","source":"3-1-1 Call Center","status":"Open","work_order_count":0},"type":"Feature"},{"geometry":{"coordinates":[-73.960511,40.624503],"type":"Point"},"id":"313368D1-8106-4239-85D5-D08A4B225CB8","properties":{"borough":"Brooklyn","created_date":"2026-09-04T03:19:46.000","inspection_count":0,"latest_inspection_date":null,"latest_work_order_status":null,"latest_work_order_type":null,"max_risk_rating":null,"risk_assessment_count":0,"service_request_id":"313368D1-8106-4239-85D5-D08A4B225CB8","source":"Department of Parks and Recreation - Public Web Site","status":"Open","work_order_count":0},"type":"Feature"},{"geometry":{"coordinates":[-74.125568,40.609372],"type":"Point"},"id":"313B5C86-3EBE-4290-912D-F6B250654A3C","properties":{"borough":"Staten Island","created_date":"2026-09-07T15:43:29.000","inspection_count":0,"latest_inspection_date":null,"latest_work_order_status":null,"latest_work_order_type":null,"max_risk_rating":null,"risk_assessment_count":0,"service_request_id":"313B5C86-3EBE-4290-912D-F6B250654A3C","source":"Department of Parks and Recreation - Public Web Site","status":"Open","work_order_count":0},"type":"Feature"},{"geometry":{"coordinates":[-74.166314,40.543327],"type":"Point"},"id":"3147632E-CACB-471C-9547-FCFF79CEA1DD","properties":{"borough":"Staten Island","created_date":"2026-09-13T17:59:00.000","inspection_count":1,"latest_inspection_date":"2026-05-20T12:57:22.000","latest_work_order_status":null,"latest_work_order_type":null,"max_risk_rating":"6.0","risk_assessment_count":3,"service_request_id":"3147632E-CACB-471C-9547-FCFF79CEA1DD","source":"3-1-1 Call Center","status":"Closed","work_order_count":0},"type":"Feature"},{"geometry":{"coordinates":[-73.829071,40.85531],"type":"Point"},"id":"314D88CA-FD99-48F1-A2F3-6FB9ECA46AB4","properties":{"borough":"Bronx","created_date":"2026-09-11T15:45:22.000","inspection_count":0,"latest_inspection_date":null,"latest_work_order_status":null,"latest_work_order_type":null,"max_risk_rating":null,"risk_assessment_count":0,"service_request_id":"314D88CA-FD99-48F1-A2F3-6FB9ECA46AB4","source":"Department of Parks and Recreation - Public Web Site","status":"Open","work_order_count":0},"type":"Feature"},{"geometry":{"coordinates":[-74.165879,40.536081],"type":"Point"},"id":"31606C3C-43FF-4E02-B8F3-74364F621861","properties":{"borough":"Staten Island","created_date":"2026-09-25T12:02:00.000","inspection_count":0,"latest_inspection_date":null,"latest_work_order_status":null,"latest_work_order_type":null,"max_risk_rating":null,"risk_assessment_count":0,"service_request_id":"31606C3C-43FF-4E02-B8F3-74364F621861","source":"Department of Parks and Recreation - Public Web Site","status":"Closed","work_order_count":0},"type":"Feature"},{"geometry":{"coordinates":[-73.716605,40.733916],"type":"Point"},"id":"31616A56-714F-41B9-9124-4B5CF589FCFD","properties":{"borough":"Queens","created_date":"2026-09-07T13:47:00.000","inspection_count":0,"latest_inspection_date":null,"latest_work_order_status":null,"latest_work_order_type":null,"max_risk_rating":null,"risk_assessment_count":0,"service_request_id":"31616A56-714F-41B9-9124-4B5CF589FCFD","source":"3-1-1 Call Center","status":"Open","work_order_count":0},"type":"Feature"},{"geometry":{"coordinates":[-74.092706,40.59274],"type":"Point"},"id":"3181E992-A631-4713-B8A5-6DD590078AFB","properties":{"borough":"Staten Island","created_date":"2026-09-25T15:15:00.000","inspection_count":0,"latest_inspection_date":null,"latest_work_order_status":null,"latest_work_order_type":null,"max_risk_rating":null,"risk_assessment_count":0,"service_request_id":"3181E992-A631-4713-B8A5-6DD590078AFB","source":"3-1-1 Call Center","status":"Closed","work_order_count":0},"type":"Feature"},{"geometry":{"coordinates":[-74.07936,40.632994],"type":"Point"},"id":"3197C280-D8AD-42F0-8F9B-99D6362B730E","properties":{"borough":"Staten Island","created_date":"2026-09-03T14:12:00.000","inspection_count":0,"latest_inspection_date":null,"latest_work_order_status":null,"latest_work_order_type":null,"max_risk_rating":null,"risk_assessment_count":0,"service_request_id":"3197C280-D8AD-42F0-8F9B-99D6362B730E","source":"3-1-1 Call Center","status":"Closed","work_order_count":0},"type":"Feature"},{"geometry":{"coordinates":[-73.940723,40.61668],"type":"Point"},"id":"319CBAD8-815F-4E3E-A94B-F36B063F8134","properties":{"borough":"Brooklyn","created_date":"2026-09-10T22:59:56.000","inspection_count":0,"latest_inspection_date":null,"latest_work_order_status":null,"latest_work_order_type":null,"max_risk_rating":null,"risk_assessment_count":0,"service_request_id":"319CBAD8-815F-4E3E-A94B-F36B063F8134","source":"3-1-1 Call Center","status":"Open","work_order_count":0},"type":"Feature"},{"geometry":{"coordinates":[-73.974177,40.785257],"type":"Point"},"id":"319CBD41-D2DE-4D54-B171-C297DF084331","properties":{"borough":"Manhattan","created_date":"2026-09-07T19:00:02.000","inspection_count":0,"latest_inspection_date":null,"latest_work_order_status":null,"latest_work_order_type":null,"max_risk_rating":null,"risk_assessment_count":0,"service_request_id":"319CBD41-D2DE-4D54-B171-C297DF084331","source":"Department of Parks and Recreation - Public Web Site","status":"Closed","work_order_count":0},"type":"Feature"},{"geometry":{"coordinates":[-73.922542,40.773483],"type":"Point"},"id":"319F8FC8-53F9-4E26-AA0C-D747699568EE","properties":{"borough":"Queens","created_date":"2026-09-25T16:47:57.000","inspection_count":0,"latest_inspection_date":null,"latest_work_order_status":null,"latest_work_order_type":null,"max_risk_rating":null,"risk_assessment_count":0,"service_request_id":"319F8FC8-53F9-4E26-AA0C-D747699568EE","source":"Department of Parks and Recreation - Public Web Site","status":"Open","work_order_count":0},"type":"Feature"},{"geometry":{"coordinates":[-73.864986,40.858187],"type":"Point"},"id":"319FDF66-6F0D-45DE-A8C2-E2681B8949C7","properties":{"borough":"Bronx","created_date":"2026-09-02T20:21:49.000","inspection_count":0,"latest_inspection_date":null,"latest_work_order_status":null,"latest_work_order_type":null,"max_risk_rating":null,"risk_assessment_count":0,"service_request_id":"319FDF66-6F0D-45DE-A8C2-E2681B8949C7","source":"3-1-1 Call Center","status":"Closed","work_order_count":0},"type":"Feature"},{"geometry":{"coordinates":[-73.974177,40.785257],"type":"Point"},"id":"31D48D70-2B91-4F66-AF16-7EDC9BB679E0","properties":{"borough":"Manhattan","created_date":"2026-09-07T15:30:02.000","inspection_count":0,"latest_inspection_date":null,"latest_work_order_status":null,"latest_work_order_type":null,"max_risk_rating":null,"risk_assessment_count":0,"service_request_id":"31D48D70-2B91-4F66-AF16-7EDC9BB679E0","source":"Department of Parks and Recreation - Public Web Site","status":"Closed","work_order_count":0},"type":"Feature"},{"geometry":{"coordinates":[-73.893024,40.705321],"type":"Point"},"id":"31EF6F65-436D-4206-8CB4-7FE376E3F547","properties":{"borough":"Queens","created_date":"2026-09-03T12:07:00.000","inspection_count":0,"latest_inspection_date":null,"latest_work_order_status":null,"latest_work_order_type":null,"max_risk_rating":null,"risk_assessment_count":0,"service_request_id":"31EF6F65-436D-4206-8CB4-7FE376E3F547","source":"3-1-1 Call Center","status":"Open","work_order_count":0},"type":"Feature"},{"geometry":{"coordinates":[-73.974177,40.785257],"type":"Point"},"id":"31EFB7FE-5A0A-4978-8E42-E4483AF0713E","properties":{"borough":"Manhattan","created_date":"2026-09-08T20:30:01.000","inspection_count":0,"latest_inspection_date":null,"latest_work_order_status":null,"latest_work_order_type":null,"max_risk_rating":null,"risk_assessment_count":0,"service_request_id":"31EFB7FE-5A0A-4978-8E42-E4483AF0713E","source":"Department of Parks and Recreation - Public Web Site","status":"Closed","work_order_count":0},"type":"Feature"},{"geometry":{"coordinates":[-73.875904,40.743637],"type":"Point"},"id":"3213F1D2-2FB3-4DBE-80C8-52F71BE6D9E1","properties":{"borough":"Queens","created_date":"2026-09-14T20:21:00.000","inspection_count":0,"latest_inspection_date":null,"latest_work_order_status":null,"latest_work_order_type":null,"max_risk_rating":null,"risk_assessment_count":0,"service_request_id":"3213F1D2-2FB3-4DBE-80C8-52F71BE6D9E1","source":"3-1-1 Call Center","status":"Closed","work_order_count":0},"type":"Feature"},{"geometry":{"coordinates":[-74.108908,40.567959],"type":"Point"},"id":"3216EB0D-6FCC-4D8E-B1D2-CCAC7E10089E","properties":{"borough":"Staten Island","created_date":"2026-09-15T17:36:00.000","inspection_count":0,"latest_inspection_date":null,"latest_work_order_status":null,"latest_work_order_type":null,"max_risk_rating":null,"risk_assessment_count":0,"service_request_id":"3216EB0D-6FCC-4D8E-B1D2-CCAC7E10089E","source":"3-1-1 Call Center","status":"Closed","work_order_count":0},"type":"Feature"},{"geometry":{"coordinates":[-73.985675,40.766773],"type":"Point"},"id":"321C85FA-DF6A-4B7A-94A4-2C024AF92318","properties":{"borough":"Manhattan","created_date":"2026-09-01T14:49:39.000","inspection_count":0,"latest_inspection_date":null,"latest_work_order_status":null,"latest_work_order_type":null,"max_risk_rating":null,"risk_assessment_count":0,"service_request_id":"321C85FA-DF6A-4B7A-94A4-2C024AF92318","source":"DPR -Public Tree Map","status":"Open","work_order_count":0},"type":"Feature"},{"geometry":{"coordinates":[-73.89502,40.745676],"type":"Point"},"id":"321CD3CF-C4E9-4929-83EE-FD55C4394AD9","properties":{"borough":"Queens","created_date":"2026-09-08T15:37:00.000","inspection_count":0,"latest_inspection_date":null,"latest_work_order_status":null,"latest_work_order_type":null,"max_risk_rating":null,"risk_assessment_count":0,"service_request_id":"321CD3CF-C4E9-4929-83EE-FD55C4394AD9","source":"3-1-1 Call Center","status":"Open","work_order_count":0},"type":"Feature"},{"geometry":{"coordinates":[-73.800132,40.779984],"type":"Point"},"id":"321FF3C5-ED22-48D5-98BA-4A5CC4433C0B","properties":{"borough":"Queens","created_date":"2026-09-17T20:49:00.000","inspection_count":0,"latest_inspection_date":null,"latest_work_order_status":null,"latest_work_order_type":null,"max_risk_rating":null,"risk_assessment_count":0,"service_request_id":"321FF3C5-ED22-48D5-98BA-4A5CC4433C0B","source":"3-1-1 Call Center","status":"Open","work_order_count":0},"type":"Feature"},{"geometry":{"coordinates":[-73.873826,40.727773],"type":"Point"},"id":"32258368-9CF8-45E7-B8B6-067C082572E2","properties":{"borough":"Queens","created_date":"2026-09-23T18:31:00.000","inspection_count":0,"latest_inspection_date":null,"latest_work_order_status":null,"latest_work_order_type":null,"max_risk_rating":null,"risk_assessment_count":0,"service_request_id":"32258368-9CF8-45E7-B8B6-067C082572E2","source":"3-1-1 Call Center","status":"Open","work_order_count":0},"type":"Feature"},{"geometry":{"coordinates":[-73.981849,40.737974],"type":"Point"},"id":"3231F34A-FF0C-422F-AC16-59B26E6FA935","properties":{"borough":"Manhattan","created_date":"2026-09-24T16:34:00.000","inspection_count":0,"latest_inspection_date":null,"latest_work_order_status":null,"latest_work_order_type":null,"max_risk_rating":null,"risk_assessment_count":0,"service_request_id":"3231F34A-FF0C-422F-AC16-59B26E6FA935","source":"3-1-1 Call Center","status":"Open","work_order_count":0},"type":"Feature"},{"geometry":{"coordinates":[-74.240079,40.517038],"type":"Point"},"id":"323B585A-B162-4A85-B0E0-A81EEEB4881C","properties":{"borough":"Staten Island","created_date":"2026-09-16T23:07:00.000","inspection_count":0,"latest_inspection_date":null,"latest_work_order_status":null,"latest_work_order_type":null,"max_risk_rating":null,"risk_assessment_count":0,"service_request_id":"323B585A-B162-4A85-B0E0-A81EEEB4881C","source":"3-1-1 Call Center","status":"Open","work_order_count":0},"type":"Feature"},{"geometry":{"coordinates":[-73.879431,40.738599],"type":"Point"},"id":"323BD44D-425C-494B-B0FB-358CE7D21E33","properties":{"borough":"Queens","created_date":"2026-09-22T16:07:00.000","inspection_count":0,"latest_inspection_date":null,"latest_work_order_status":null,"latest_work_order_type":null,"max_risk_rating":null,"risk_assessment_count":0,"service_request_id":"323BD44D-425C-494B-B0FB-358CE7D21E33","source":"3-1-1 Call Center","status":"Open","work_order_count":0},"type":"Feature"},{"geometry":{"coordinates":[-73.804938,40.765132],"type":"Point"},"id":"3249E563-B1D5-4D86-A200-9922F0C472C6","properties":{"borough":"Queens","created_date":"2026-09-23T14:59:00.000","inspection_count":0,"latest_inspection_date":null,"latest_work_order_status":null,"latest_work_order_type":null,"max_risk_rating":null,"risk_assessment_count":0,"service_request_id":"3249E563-B1D5-4D86-A200-9922F0C472C6","source":"3-1-1 Call Center","status":"Open","work_order_count":0},"type":"Feature"},{"geometry":{"coordinates":[-73.820764,40.739714],"type":"Point"},"id":"3269DDC4-0A5F-4150-9257-C9F802AED4E8","properties":{"borough":"Queens","created_date":"2026-09-16T14:43:00.000","inspection_count":0,"latest_inspection_date":null,"latest_work_order_status":null,"latest_work_order_type":null,"max_risk_rating":null,"risk_assessment_count":0,"service_request_id":"3269DDC4-0A5F-4150-9257-C9F802AED4E8","source":"3-1-1 Call Center","status":"Open","work_order_count":0},"type":"Feature"},{"geometry":{"coordinates":[-73.793522,40.735417],"type":"Point"},"id":"326CEC95-71DE-48D3-B679-AB8FDEA0B4C0","properties":{"borough":"Queens","created_date":"2026-09-11T07:20:00.000","inspection_count":0,"latest_inspection_date":null,"latest_work_order_status":null,"latest_work_order_type":null,"max_risk_rating":null,"risk_assessment_count":0,"service_request_id":"326CEC95-71DE-48D3-B679-AB8FDEA0B4C0","source":"Department of Parks and Recreation - Public Web Site","status":"Open","work_order_count":0},"type":"Feature"},{"geometry":{"coordinates":[-73.800169,40.774824],"type":"Point"},"id":"3277A3E4-98B3-4E8F-BA80-76ABB2BAA169","properties":{"borough":"Queens","created_date":"2026-09-16T18:02:00.000","inspection_count":0,"latest_inspection_date":null,"latest_work_order_status":null,"latest_work_order_type":null,"max_risk_rating":null,"risk_assessment_count":0,"service_request_id":"3277A3E4-98B3-4E8F-BA80-76ABB2BAA169","source":"3-1-1 Call Center","status":"Open","work_order_count":0},"type":"Feature"},{"geometry":{"coordinates":[-73.776747,40.792424],"type":"Point"},"id":"327B543F-5173-4851-8F59-C23C4472F65C","properties":{"borough":"Queens","created_date":"2026-09-01T21:53:41.000","inspection_count":1,"latest_inspection_date":"2026-09-02T11:39:53.000","latest_work_order_status":null,"latest_work_order_type":null,"max_risk_rating":"8.0","risk_assessment_count":1,"service_request_id":"327B543F-5173-4851-8F59-C23C4472F65C","source":"3-1-1 Call Center","status":"Closed","work_order_count":0},"type":"Feature"},{"geometry":{"coordinates":[-73.974177,40.785257],"type":"Point"},"id":"327C6309-916D-4347-A717-EC2C914009FD","properties":{"borough":"Manhattan","created_date":"2026-09-08T17:55:02.000","inspection_count":0,"latest_inspection_date":null,"latest_work_order_status":null,"latest_work_order_type":null,"max_risk_rating":null,"risk_assessment_count":0,"service_request_id":"327C6309-916D-4347-A717-EC2C914009FD","source":"Department of Parks and Recreation - Public Web Site","status":"Closed","work_order_count":0},"type":"Feature"},{"geometry":{"coordinates":[-73.74293,40.689142],"type":"Point"},"id":"327FF1CB-B75C-4D52-A880-048839940605","properties":{"borough":"Queens","created_date":"2026-09-09T12:10:00.000","inspection_count":0,"latest_inspection_date":null,"latest_work_order_status":null,"latest_work_order_type":null,"max_risk_rating":null,"risk_assessment_count":0,"service_request_id":"327FF1CB-B75C-4D52-A880-048839940605","source":"3-1-1 Call Center","status":"Open","work_order_count":0},"type":"Feature"},{"geometry":{"coordinates":[-73.881266,40.764341],"type":"Point"},"id":"328E5EFE-D14F-47B4-B06D-2E21526DF74B","properties":{"borough":"Queens","created_date":"2026-09-21T18:12:13.000","inspection_count":0,"latest_inspection_date":null,"latest_work_order_status":null,"latest_work_order_type":null,"max_risk_rating":null,"risk_assessment_count":0,"service_request_id":"328E5EFE-D14F-47B4-B06D-2E21526DF74B","source":"3-1-1 Call Center","status":"Closed","work_order_count":0},"type":"Feature"},{"geometry":{"coordinates":[-73.964314,40.6133],"type":"Point"},"id":"32AF1791-854E-4C9D-916E-D49F2BDE33E7","properties":{"borough":"Brooklyn","created_date":"2026-09-23T10:59:28.000","inspection_count":0,"latest_inspection_date":null,"latest_work_order_status":null,"latest_work_order_type":null,"max_risk_rating":null,"risk_assessment_count":0,"service_request_id":"32AF1791-854E-4C9D-916E-D49F2BDE33E7","source":"Department of Parks and Recreation - Public Web Site","status":"Open","work_order_count":0},"type":"Feature"},{"geometry":{"coordinates":[-74.00389,40.616418],"type":"Point"},"id":"32B28585-261C-4EAD-8990-E1114DC5F579","properties":{"borough":"Brooklyn","created_date":"2026-09-22T23:55:00.000","inspection_count":0,"latest_inspection_date":null,"latest_work_order_status":null,"latest_work_order_type":null,"max_risk_rating":null,"risk_assessment_count":0,"service_request_id":"32B28585-261C-4EAD-8990-E1114DC5F579","source":"3-1-1 Call Center","status":"Closed","work_order_count":0},"type":"Feature"},{"geometry":{"coordinates":[-73.974177,40.785257],"type":"Point"},"id":"32BD43C1-B134-4E4A-BD2E-E81DD40AC2F1","properties":{"borough":"Manhattan","created_date":"2026-09-09T09:15:02.000","inspection_count":0,"latest_inspection_date":null,"latest_work_order_status":null,"latest_work_order_type":null,"max_risk_rating":null,"risk_assessment_count":0,"service_request_id":"32BD43C1-B134-4E4A-BD2E-E81DD40AC2F1","source":"Department of Parks and Recreation - Public Web Site","status":"Closed","work_order_count":0},"type":"Feature"},{"geometry":{"coordinates":[-73.965035,40.625915],"type":"Point"},"id":"32BDBB4A-1733-4545-8551-6551524B74C6","properties":{"borough":"Brooklyn","created_date":"2026-09-16T17:58:08.000","inspection_count":0,"latest_inspection_date":null,"latest_work_order_status":null,"latest_work_order_type":null,"max_risk_rating":null,"risk_assessment_count":0,"service_request_id":"32BDBB4A-1733-4545-8551-6551524B74C6","source":"3-1-1 Call Center","status":"Closed","work_order_count":0},"type":"Feature"},{"geometry":{"coordinates":[-74.002119,40.657755],"type":"Point"},"id":"32CB54A8-C877-4DFF-8933-BD1075DBE8D0","properties":{"borough":"Brooklyn","created_date":"2026-09-16T19:43:00.000","inspection_count":0,"latest_inspection_date":null,"latest_work_order_status":null,"latest_work_order_type":null,"max_risk_rating":null,"risk_assessment_count":0,"service_request_id":"32CB54A8-C877-4DFF-8933-BD1075DBE8D0","source":"3-1-1 Call Center","status":"Open","work_order_count":0},"type":"Feature"},{"geometry":{"coordinates":[-73.798346,40.758116],"type":"Point"},"id":"32DCA446-4F76-4174-9C4E-1121C64E2F68","properties":{"borough":"Queens","created_date":"2026-09-01T17:25:00.000","inspection_count":0,"latest_inspection_date":null,"latest_work_order_status":null,"latest_work_order_type":null,"max_risk_rating":null,"risk_assessment_count":0,"service_request_id":"32DCA446-4F76-4174-9C4E-1121C64E2F68","source":"3-1-1 Call Center","status":"Open","work_order_count":0},"type":"Feature"},{"geometry":{"coordinates":[-73.746613,40.748572],"type":"Point"},"id":"32F0727F-589E-4ACB-ADBD-4F8CEC7701DD","properties":{"borough":"Queens","created_date":"2026-09-06T21:02:00.000","inspection_count":0,"latest_inspection_date":null,"latest_work_order_status":null,"latest_work_order_type":null,"max_risk_rating":null,"risk_assessment_count":0,"service_request_id":"32F0727F-589E-4ACB-ADBD-4F8CEC7701DD","source":"3-1-1 Call Center","status":"Open","work_order_count":0},"type":"Feature"},{"geometry":{"coordinates":[-74.003483,40.616306],"type":"Point"},"id":"32F91470-4034-404C-8C90-0FA3DF170F37","properties":{"borough":"Brooklyn","created_date":"2026-09-12T12:20:02.000","inspection_count":0,"latest_inspection_date":null,"latest_work_order_status":null,"latest_work_order_type":null,"max_risk_rating":null,"risk_assessment_count":0,"service_request_id":"32F91470-4034-404C-8C90-0FA3DF170F37","source":"Department of Parks and Recreation - Public Web Site","status":"Open","work_order_count":0},"type":"Feature"},{"geometry":{"coordinates":[-74.003483,40.616306],"type":"Point"},"id":"32F92694-D1A2-4D75-839D-179D154D57D0","properties":{"borough":"Brooklyn","created_date":"2026-09-12T10:55:02.000","inspection_count":0,"latest_inspection_date":null,"latest_work_order_status":null,"latest_work_order_type":null,"max_risk_rating":null,"risk_assessment_count":0,"service_request_id":"32F92694-D1A2-4D75-839D-179D154D57D0","source":"Department of Parks and Recreation - Public Web Site","status":"Open","work_order_count":0},"type":"Feature"},{"geometry":{"coordinates":[-73.77256,40.694367],"type":"Point"},"id":"330F3CEB-7491-41F0-B3F8-BD462556A832","properties":{"borough":"Queens","created_date":"2026-09-10T12:36:00.000","inspection_count":0,"latest_inspection_date":null,"latest_work_order_status":null,"latest_work_order_type":null,"max_risk_rating":null,"risk_assessment_count":0,"service_request_id":"330F3CEB-7491-41F0-B3F8-BD462556A832","source":"3-1-1 Call Center","status":"Open","work_order_count":0},"type":"Feature"},{"geometry":{"coordinates":[-73.913247,40.755603],"type":"Point"},"id":"3313E51B-B94C-4126-9A39-147A7C7D31E2","properties":{"borough":"Queens","created_date":"2026-09-21T20:54:00.000","inspection_count":0,"latest_inspection_date":null,"latest_work_order_status":null,"latest_work_order_type":null,"max_risk_rating":null,"risk_assessment_count":0,"service_request_id":"3313E51B-B94C-4126-9A39-147A7C7D31E2","source":"3-1-1 Call Center","status":"Open","work_order_count":0},"type":"Feature"},{"geometry":{"coordinates":[-73.974177,40.785257],"type":"Point"},"id":"3314C1FA-3AB6-46CF-9927-C3293824A301","properties":{"borough":"Manhattan","created_date":"2026-09-08T13:45:02.000","inspection_count":0,"latest_inspection_date":null,"latest_work_order_status":null,"latest_work_order_type":null,"max_risk_rating":null,"risk_assessment_count":0,"service_request_id":"3314C1FA-3AB6-46CF-9927-C3293824A301","source":"Department of Parks and Recreation - Public Web Site","status":"Closed","work_order_count":0},"type":"Feature"},{"geometry":{"coordinates":[-73.97406,40.781354],"type":"Point"},"id":"331D4B05-FFCA-4468-8CEE-EBAA542E6E00","properties":{"borough":"Manhattan","created_date":"2026-09-11T21:22:39.000","inspection_count":1,"latest_inspection_date":"2026-09-12T11:11:09.000","latest_work_order_status":"Closed","latest_work_order_type":"Limb Down","max_risk_rating":"8.0","risk_assessment_count":1,"service_request_id":"331D4B05-FFCA-4468-8CEE-EBAA542E6E00","source":"Department of Parks and Recreation - Public Web Site","status":"Open","work_order_count":1},"type":"Feature"},{"geometry":{"coordinates":[-73.853306,40.84471],"type":"Point"},"id":"332F1379-EE40-4403-96F3-EA25DA8403D9","properties":{"borough":"Bronx","created_date":"2026-09-09T14:44:05.000","inspection_count":0,"latest_inspection_date":null,"latest_work_order_status":null,"latest_work_order_type":null,"max_risk_rating":null,"risk_assessment_count":0,"service_request_id":"332F1379-EE40-4403-96F3-EA25DA8403D9","source":"Department of Parks and Recreation - Public Web Site","status":"Closed","work_order_count":0},"type":"Feature"},{"geometry":{"coordinates":[-74.003483,40.616306],"type":"Point"},"id":"33352C73-E718-4167-B703-EAA6C165E78F","properties":{"borough":"Brooklyn","created_date":"2026-09-12T14:35:02.000","inspection_count":0,"latest_inspection_date":null,"latest_work_order_status":null,"latest_work_order_type":null,"max_risk_rating":null,"risk_assessment_count":0,"service_request_id":"33352C73-E718-4167-B703-EAA6C165E78F","source":"Department of Parks and Recreation - Public Web Site","status":"Open","work_order_count":0},"type":"Feature"},{"geometry":{"coordinates":[-74.144733,40.609764],"type":"Point"},"id":"3336FD7B-2BF6-4C42-B207-8978B52DAAEF","properties":{"borough":"Staten Island","created_date":"2026-09-04T14:59:00.000","inspection_count":0,"latest_inspection_date":null,"latest_work_order_status":null,"latest_work_order_type":null,"max_risk_rating":null,"risk_assessment_count":0,"service_request_id":"3336FD7B-2BF6-4C42-B207-8978B52DAAEF","source":"Department of Parks and Recreation - Public Web Site","status":"Closed","work_order_count":0},"type":"Feature"},{"geometry":{"coordinates":[-73.975312,40.657365],"type":"Point"},"id":"33373C44-7098-4ADF-9BD9-D1E2D4CB11CE","properties":{"borough":"Brooklyn","created_date":"2026-09-19T19:27:10.000","inspection_count":0,"latest_inspection_date":null,"latest_work_order_status":null,"latest_work_order_type":null,"max_risk_rating":null,"risk_assessment_count":0,"service_request_id":"33373C44-7098-4ADF-9BD9-D1E2D4CB11CE","source":"Department of Parks and Recreation - Public Web Site","status":"Open","work_order_count":0},"type":"Feature"},{"geometry":{"coordinates":[-73.892798,40.704909],"type":"Point"},"id":"33429D03-7869-49D3-AF4F-20D84D9DC76A","properties":{"borough":"Queens","created_date":"2026-09-15T00:07:54.000","inspection_count":0,"latest_inspection_date":null,"latest_work_order_status":null,"latest_work_order_type":null,"max_risk_rating":null,"risk_assessment_count":0,"service_request_id":"33429D03-7869-49D3-AF4F-20D84D9DC76A","source":"DPR -Public Tree Map","status":"Open","work_order_count":0},"type":"Feature"},{"geometry":{"coordinates":[-74.003483,40.616306],"type":"Point"},"id":"3342F7D0-6648-4010-A09E-9B5BE56C8756","properties":{"borough":"Brooklyn","created_date":"2026-09-12T20:00:02.000","inspection_count":0,"latest_inspection_date":null,"latest_work_order_status":null,"latest_work_order_type":null,"max_risk_rating":null,"risk_assessment_count":0,"service_request_id":"3342F7D0-6648-4010-A09E-9B5BE56C8756","source":"Department of Parks and Recreation - Public Web Site","status":"Open","work_order_count":0},"type":"Feature"},{"geometry":{"coordinates":[-74.140448,40.57605],"type":"Point"},"id":"3349BC58-928A-42A4-B472-CE2780C7E521","properties":{"borough":"Staten Island","created_date":"2026-09-23T20:20:00.000","inspection_count":0,"latest_inspection_date":null,"latest_work_order_status":null,"latest_work_order_type":null,"max_risk_rating":null,"risk_assessment_count":0,"service_request_id":"3349BC58-928A-42A4-B472-CE2780C7E521","source":"3-1-1 Call Center","status":"Closed","work_order_count":0},"type":"Feature"},{"geometry":{"coordinates":[-73.916081,40.61714],"type":"Point"},"id":"3354A809-4D1A-4ABE-A230-63BC8606540D","properties":{"borough":"Brooklyn","created_date":"2026-09-03T20:21:32.000","inspection_count":1,"latest_inspection_date":"2026-06-25T14:57:00.000","latest_work_order_status":null,"latest_work_order_type":null,"max_risk_rating":"6.0","risk_assessment_count":2,"service_request_id":"3354A809-4D1A-4ABE-A230-63BC8606540D","source":"Department of Parks and Recreation - Public Web Site","status":"Open","work_order_count":0},"type":"Feature"},{"geometry":{"coordinates":[-74.002522,40.620417],"type":"Point"},"id":"335974C0-E79F-4EA3-8C4E-DB1856E52920","properties":{"borough":"Brooklyn","created_date":"2026-09-03T22:07:00.000","inspection_count":0,"latest_inspection_date":null,"latest_work_order_status":null,"latest_work_order_type":null,"max_risk_rating":null,"risk_assessment_count":0,"service_request_id":"335974C0-E79F-4EA3-8C4E-DB1856E52920","source":"3-1-1 Call Center","status":"Open","work_order_count":0},"type":"Feature"},{"geometry":{"coordinates":[-73.745966,40.739496],"type":"Point"},"id":"335EB2AD-BC51-4BE6-ACC0-F2EF8833089B","properties":{"borough":"Queens","created_date":"2026-09-08T19:33:00.000","inspection_count":0,"latest_inspection_date":null,"latest_work_order_status":null,"latest_work_order_type":null,"max_risk_rating":null,"risk_assessment_count":0,"service_request_id":"335EB2AD-BC51-4BE6-ACC0-F2EF8833089B","source":"3-1-1 Call Center","status":"Open","work_order_count":0},"type":"Feature"},{"geometry":{"coordinates":[-73.819581,40.790191],"type":"Point"},"id":"33718DE4-4397-4B05-9570-B63A7C450BE6","properties":{"borough":"Queens","created_date":"2026-09-09T14:01:00.000","inspection_count":0,"latest_inspection_date":null,"latest_work_order_status":null,"latest_work_order_type":null,"max_risk_rating":null,"risk_assessment_count":0,"service_request_id":"33718DE4-4397-4B05-9570-B63A7C450BE6","source":"3-1-1 Call Center","status":"Open","work_order_count":0},"type":"Feature"},{"geometry":{"coordinates":[-73.927893,40.763433],"type":"Point"},"id":"3374BB11-E0CE-46D2-9056-2BB12182870C","properties":{"borough":"Queens","created_date":"2026-09-05T11:45:00.000","inspection_count":0,"latest_inspection_date":null,"latest_work_order_status":null,"latest_work_order_type":null,"max_risk_rating":null,"risk_assessment_count":0,"service_request_id":"3374BB11-E0CE-46D2-9056-2BB12182870C","source":"3-1-1 Call Center","status":"Open","work_order_count":0},"type":"Feature"},{"geometry":{"coordinates":[-74.099099,40.642418],"type":"Point"},"id":"33869241-C4AF-4A70-843F-B79E0D3FE591","properties":{"borough":"Staten Island","created_date":"2026-09-14T15:07:00.000","inspection_count":0,"latest_inspection_date":null,"latest_work_order_status":null,"latest_work_order_type":null,"max_risk_rating":null,"risk_assessment_count":0,"service_request_id":"33869241-C4AF-4A70-843F-B79E0D3FE591","source":"3-1-1 Call Center","status":"Open","work_order_count":0},"type":"Feature"},{"geometry":{"coordinates":[-74.165638,40.630542],"type":"Point"},"id":"33926EDD-A0E3-4FB9-8261-1EA3FA83EEF3","properties":{"borough":"Staten Island","created_date":"2026-09-05T18:25:45.000","inspection_count":0,"latest_inspection_date":null,"latest_work_order_status":null,"latest_work_order_type":null,"max_risk_rating":null,"risk_assessment_count":0,"service_request_id":"33926EDD-A0E3-4FB9-8261-1EA3FA83EEF3","source":"3-1-1 Call Center","status":"Open","work_order_count":0},"type":"Feature"},{"geometry":{"coordinates":[-73.983634,40.685105],"type":"Point"},"id":"3392E70D-46BA-4A9B-8CFA-E645B9A49D1F","properties":{"borough":"Brooklyn","created_date":"2026-09-19T16:15:00.000","inspection_count":1,"latest_inspection_date":"2026-09-01T17:35:46.000","latest_work_order_status":null,"latest_work_order_type":null,"max_risk_rating":"9.0","risk_assessment_count":2,"service_request_id":"3392E70D-46BA-4A9B-8CFA-E645B9A49D1F","source":"3-1-1 Call Center","status":"Open","work_order_count":0},"type":"Feature"},{"geometry":{"coordinates":[-73.848081,40.691012],"type":"Point"},"id":"33A35DF4-C7F8-4DF5-A21E-02083B4DDF3D","properties":{"borough":"Queens","created_date":"2026-09-16T01:23:00.000","inspection_count":0,"latest_inspection_date":null,"latest_work_order_status":null,"latest_work_order_type":null,"max_risk_rating":null,"risk_assessment_count":0,"service_request_id":"33A35DF4-C7F8-4DF5-A21E-02083B4DDF3D","source":"3-1-1 Call Center","status":"Open","work_order_count":0},"type":"Feature"},{"geometry":{"coordinates":[-73.782806,40.76268],"type":"Point"},"id":"33AE0F4F-F986-462C-9004-646E12B9C971","properties":{"borough":"Queens","created_date":"2026-09-23T20:58:00.000","inspection_count":0,"latest_inspection_date":null,"latest_work_order_status":null,"latest_work_order_type":null,"max_risk_rating":null,"risk_assessment_count":0,"service_request_id":"33AE0F4F-F986-462C-9004-646E12B9C971","source":"3-1-1 Call Center","status":"Open","work_order_count":0},"type":"Feature"},{"geometry":{"coordinates":[-73.937657,40.578781],"type":"Point"},"id":"33AF12C7-8A21-4DF2-9F46-C4CAF151B70E","properties":{"borough":"Brooklyn","created_date":"2026-09-09T16:19:14.000","inspection_count":0,"latest_inspection_date":null,"latest_work_order_status":null,"latest_work_order_type":null,"max_risk_rating":null,"risk_assessment_count":0,"service_request_id":"33AF12C7-8A21-4DF2-9F46-C4CAF151B70E","source":"Department of Parks and Recreation - Public Web Site","status":"Open","work_order_count":0},"type":"Feature"},{"geometry":{"coordinates":[-74.217111,40.537854],"type":"Point"},"id":"33B631F7-CC9B-4B94-99BF-BB3494D99B6E","properties":{"borough":"Staten Island","created_date":"2026-09-06T17:21:00.000","inspection_count":0,"latest_inspection_date":null,"latest_work_order_status":null,"latest_work_order_type":null,"max_risk_rating":null,"risk_assessment_count":0,"service_request_id":"33B631F7-CC9B-4B94-99BF-BB3494D99B6E","source":"3-1-1 Call Center","status":"Open","work_order_count":0},"type":"Feature"},{"geometry":{"coordinates":[-73.875704,40.711263],"type":"Point"},"id":"33BB0F0C-C065-4043-B1E6-B7A3A90F5B96","properties":{"borough":"Queens","created_date":"2026-09-24T15:01:00.000","inspection_count":0,"latest_inspection_date":null,"latest_work_order_status":null,"latest_work_order_type":null,"max_risk_rating":null,"risk_assessment_count":0,"service_request_id":"33BB0F0C-C065-4043-B1E6-B7A3A90F5B96","source":"3-1-1 Call Center","status":"Open","work_order_count":0},"type":"Feature"},{"geometry":{"coordinates":[-73.981495,40.779181],"type":"Point"},"id":"33C187CD-4BAC-4291-83FD-6B163201A633","properties":{"borough":"Manhattan","created_date":"2026-09-12T14:22:00.000","inspection_count":0,"latest_inspection_date":null,"latest_work_order_status":null,"latest_work_order_type":null,"max_risk_rating":null,"risk_assessment_count":0,"service_request_id":"33C187CD-4BAC-4291-83FD-6B163201A633","source":"AMPS","status":"Closed","work_order_count":0},"type":"Feature"},{"geometry":{"coordinates":[-73.741598,40.657118],"type":"Point"},"id":"33CA5F5C-BDA3-4869-9CAA-AA93A7F65E0D","properties":{"borough":"Queens","created_date":"2026-09-15T15:33:00.000","inspection_count":0,"latest_inspection_date":null,"latest_work_order_status":null,"latest_work_order_type":null,"max_risk_rating":null,"risk_assessment_count":0,"service_request_id":"33CA5F5C-BDA3-4869-9CAA-AA93A7F65E0D","source":"3-1-1 Call Center","status":"Open","work_order_count":0},"type":"Feature"},{"geometry":{"coordinates":[-73.855469,40.719325],"type":"Point"},"id":"33D0B56C-AA74-40BA-8527-E031C4B21ECF","properties":{"borough":"Queens","created_date":"2026-09-09T17:29:00.000","inspection_count":0,"latest_inspection_date":null,"latest_work_order_status":null,"latest_work_order_type":null,"max_risk_rating":null,"risk_assessment_count":0,"service_request_id":"33D0B56C-AA74-40BA-8527-E031C4B21ECF","source":"3-1-1 Call Center","status":"Open","work_order_count":0},"type":"Feature"},{"geometry":{"coordinates":[-74.219106,40.543845],"type":"Point"},"id":"33F1BA0C-FAD0-450E-A59A-E08692B5F236","properties":{"borough":"Staten Island","created_date":"2026-09-24T17:13:00.000","inspection_count":0,"latest_inspection_date":null,"latest_work_order_status":null,"latest_work_order_type":null,"max_risk_rating":null,"risk_assessment_count":0,"service_request_id":"33F1BA0C-FAD0-450E-A59A-E08692B5F236","source":"Department of Parks and Recreation - Public Web Site","status":"Closed","work_order_count":0},"type":"Feature"},{"geometry":{"coordinates":[-73.892357,40.698434],"type":"Point"},"id":"33F6A679-9191-4527-AC73-262BFF626596","properties":{"borough":"Queens","created_date":"2026-09-21T15:20:00.000","inspection_count":0,"latest_inspection_date":null,"latest_work_order_status":null,"latest_work_order_type":null,"max_risk_rating":null,"risk_assessment_count":0,"service_request_id":"33F6A679-9191-4527-AC73-262BFF626596","source":"3-1-1 Call Center","status":"Open","work_order_count":0},"type":"Feature"},{"geometry":{"coordinates":[-73.753365,40.740887],"type":"Point"},"id":"33F73601-9219-4040-8FC5-B906D0208229","properties":{"borough":"Queens","created_date":"2026-09-12T15:40:00.000","inspection_count":0,"latest_inspection_date":null,"latest_work_order_status":null,"latest_work_order_type":null,"max_risk_rating":null,"risk_assessment_count":0,"service_request_id":"33F73601-9219-4040-8FC5-B906D0208229","source":"3-1-1 Call Center","status":"Open","work_order_count":0},"type":"Feature"},{"geometry":{"coordinates":[-73.901973,40.744014],"type":"Point"},"id":"33FB2A9C-4EB5-4F9C-95F8-7D5C34F59431","properties":{"borough":"Queens","created_date":"2026-09-23T22:18:00.000","inspection_count":0,"latest_inspection_date":null,"latest_work_order_status":null,"latest_work_order_type":null,"max_risk_rating":null,"risk_assessment_count":0,"service_request_id":"33FB2A9C-4EB5-4F9C-95F8-7D5C34F59431","source":"3-1-1 Call Center","status":"Open","work_order_count":0},"type":"Feature"},{"geometry":{"coordinates":[-73.809676,40.736765],"type":"Point"},"id":"340057A7-C820-4FBE-822A-A670AD6D6DE6","properties":{"borough":"Queens","created_date":"2026-09-10T21:26:00.000","inspection_count":0,"latest_inspection_date":null,"latest_work_order_status":null,"latest_work_order_type":null,"max_risk_rating":null,"risk_assessment_count":0,"service_request_id":"340057A7-C820-4FBE-822A-A670AD6D6DE6","source":"3-1-1 Call Center","status":"Open","work_order_count":0},"type":"Feature"},{"geometry":{"coordinates":[-73.94095,40.68934],"type":"Point"},"id":"3411B61D-A54F-4CDB-A349-8E3B390AFACD","properties":{"borough":"Brooklyn","created_date":"2026-09-11T01:07:00.000","inspection_count":0,"latest_inspection_date":null,"latest_work_order_status":null,"latest_work_order_type":null,"max_risk_rating":null,"risk_assessment_count":0,"service_request_id":"3411B61D-A54F-4CDB-A349-8E3B390AFACD","source":"3-1-1 Call Center","status":"Open","work_order_count":0},"type":"Feature"},{"geometry":{"coordinates":[-73.738277,40.687628],"type":"Point"},"id":"34160EDB-9350-4B8C-AF50-E58380126736","properties":{"borough":"Queens","created_date":"2026-09-22T18:47:00.000","inspection_count":0,"latest_inspection_date":null,"latest_work_order_status":null,"latest_work_order_type":null,"max_risk_rating":null,"risk_assessment_count":0,"service_request_id":"34160EDB-9350-4B8C-AF50-E58380126736","source":"3-1-1 Call Center","status":"Closed","work_order_count":0},"type":"Feature"},{"geometry":{"coordinates":[-73.874873,40.73695],"type":"Point"},"id":"3425F853-5C23-4DA3-AFFD-BBEFE72BA80F","properties":{"borough":"Queens","created_date":"2026-09-13T20:46:00.000","inspection_count":0,"latest_inspection_date":null,"latest_work_order_status":null,"latest_work_order_type":null,"max_risk_rating":null,"risk_assessment_count":0,"service_request_id":"3425F853-5C23-4DA3-AFFD-BBEFE72BA80F","source":"3-1-1 Call Center","status":"Open","work_order_count":0},"type":"Feature"},{"geometry":{"coordinates":[-73.854499,40.823081],"type":"Point"},"id":"3427844E-75A1-40B5-AE9C-51980FE80B97","properties":{"borough":"Bronx","created_date":"2026-09-15T18:14:05.000","inspection_count":0,"latest_inspection_date":null,"latest_work_order_status":null,"latest_work_order_type":null,"max_risk_rating":null,"risk_assessment_count":0,"service_request_id":"3427844E-75A1-40B5-AE9C-51980FE80B97","source":"Department of Parks and Recreation - Public Web Site","status":"Open","work_order_count":0},"type":"Feature"},{"geometry":{"coordinates":[-73.782614,40.69008],"type":"Point"},"id":"342CE073-509A-4AD1-BCF9-D06FAAB50062","properties":{"borough":"Queens","created_date":"2026-09-16T01:23:00.000","inspection_count":0,"latest_inspection_date":null,"latest_work_order_status":null,"latest_work_order_type":null,"max_risk_rating":null,"risk_assessment_count":0,"service_request_id":"342CE073-509A-4AD1-BCF9-D06FAAB50062","source":"3-1-1 Call Center","status":"Open","work_order_count":0},"type":"Feature"},{"geometry":{"coordinates":[-73.966368,40.632149],"type":"Point"},"id":"342EAF63-F591-4858-9B44-D942D00910BB","properties":{"borough":"Brooklyn","created_date":"2026-09-13T22:26:04.000","inspection_count":0,"latest_inspection_date":null,"latest_work_order_status":null,"latest_work_order_type":null,"max_risk_rating":null,"risk_assessment_count":0,"service_request_id":"342EAF63-F591-4858-9B44-D942D00910BB","source":"3-1-1 Call Center","status":"Open","work_order_count":0},"type":"Feature"},{"geometry":{"coordinates":[-73.952431,40.669501],"type":"Point"},"id":"343EBB8A-7C13-4C2C-B870-D7F866691774","properties":{"borough":"Brooklyn","created_date":"2026-09-13T17:07:52.000","inspection_count":0,"latest_inspection_date":null,"latest_work_order_status":null,"latest_work_order_type":null,"max_risk_rating":null,"risk_assessment_count":0,"service_request_id":"343EBB8A-7C13-4C2C-B870-D7F866691774","source":"3-1-1 Call Center","status":"Open","work_order_count":0},"type":"Feature"},{"geometry":{"coordinates":[-73.951982,40.682824],"type":"Point"},"id":"344A7DAE-5CD2-4FE0-88CC-784ADF6FFEFF","properties":{"borough":"Brooklyn","created_date":"2026-09-12T18:41:35.000","inspection_count":0,"latest_inspection_date":null,"latest_work_order_status":null,"latest_work_order_type":null,"max_risk_rating":null,"risk_assessment_count":0,"service_request_id":"344A7DAE-5CD2-4FE0-88CC-784ADF6FFEFF","source":"Department of Parks and Recreation - Public Web Site","status":"Open","work_order_count":0},"type":"Feature"},{"geometry":{"coordinates":[-73.898634,40.701835],"type":"Point"},"id":"345736F5-C7E2-43FA-9E6E-90182CF197D6","properties":{"borough":"Queens","created_date":"2026-09-05T15:54:00.000","inspection_count":0,"latest_inspection_date":null,"latest_work_order_status":null,"latest_work_order_type":null,"max_risk_rating":null,"risk_assessment_count":0,"service_request_id":"345736F5-C7E2-43FA-9E6E-90182CF197D6","source":"3-1-1 Call Center","status":"Open","work_order_count":0},"type":"Feature"},{"geometry":{"coordinates":[-73.873047,40.862245],"type":"Point"},"id":"345D8433-E663-4231-8C4E-8AC58C4E20BC","properties":{"borough":"Bronx","created_date":"2026-09-03T13:39:31.000","inspection_count":0,"latest_inspection_date":null,"latest_work_order_status":null,"latest_work_order_type":null,"max_risk_rating":null,"risk_assessment_count":0,"service_request_id":"345D8433-E663-4231-8C4E-8AC58C4E20BC","source":"Department of Parks and Recreation - Public Web Site","status":"Closed","work_order_count":0},"type":"Feature"},{"geometry":{"coordinates":[-73.975228,40.69675],"type":"Point"},"id":"345FA67A-5DB9-4020-8209-1E57B0AA27F6","properties":{"borough":"Brooklyn","created_date":"2026-09-25T19:10:40.000","inspection_count":0,"latest_inspection_date":null,"latest_work_order_status":null,"latest_work_order_type":null,"max_risk_rating":null,"risk_assessment_count":0,"service_request_id":"345FA67A-5DB9-4020-8209-1E57B0AA27F6","source":"Department of Parks and Recreation - Public Web Site","status":"Open","work_order_count":0},"type":"Feature"},{"geometry":{"coordinates":[-73.926025,40.76434],"type":"Point"},"id":"34635189-ABA2-493A-BA53-84C357676C8A","properties":{"borough":"Queens","created_date":"2026-09-23T18:19:00.000","inspection_count":0,"latest_inspection_date":null,"latest_work_order_status":null,"latest_work_order_type":null,"max_risk_rating":null,"risk_assessment_count":0,"service_request_id":"34635189-ABA2-493A-BA53-84C357676C8A","source":"3-1-1 Call Center","status":"Open","work_order_count":0},"type":"Feature"},{"geometry":{"coordinates":[-73.757348,40.708601],"type":"Point"},"id":"347D03B3-0410-4DFA-922F-5BFCDFE0F319","properties":{"borough":"Queens","created_date":"2026-09-16T14:45:49.000","inspection_count":0,"latest_inspection_date":null,"latest_work_order_status":null,"latest_work_order_type":null,"max_risk_rating":null,"risk_assessment_count":0,"service_request_id":"347D03B3-0410-4DFA-922F-5BFCDFE0F319","source":"3-1-1 Call Center","status":"Open","work_order_count":0},"type":"Feature"},{"geometry":{"coordinates":[-74.108908,40.567959],"type":"Point"},"id":"347DD670-CB00-4964-A694-D183715B1332","properties":{"borough":"Staten Island","created_date":"2026-09-14T17:22:00.000","inspection_count":0,"latest_inspection_date":null,"latest_work_order_status":null,"latest_work_order_type":null,"max_risk_rating":null,"risk_assessment_count":0,"service_request_id":"347DD670-CB00-4964-A694-D183715B1332","source":"3-1-1 Call Center","status":"Closed","work_order_count":0},"type":"Feature"},{"geometry":{"coordinates":[-73.909526,40.622457],"type":"Point"},"id":"348382AB-393F-41C2-BE1A-528DF62F4993","properties":{"borough":"Brooklyn","created_date":"2026-09-24T17:31:07.000","inspection_count":0,"latest_inspection_date":null,"latest_work_order_status":null,"latest_work_order_type":null,"max_risk_rating":null,"risk_assessment_count":0,"service_request_id":"348382AB-393F-41C2-BE1A-528DF62F4993","source":"3-1-1 Call Center","status":"Open","work_order_count":0},"type":"Feature"},{"geometry":{"coordinates":[-73.727109,40.766382],"type":"Point"},"id":"3487434A-2503-435C-B7BD-1A77E7E1FD62","properties":{"borough":"Queens","created_date":"2026-09-01T21:07:00.000","inspection_count":0,"latest_inspection_date":null,"latest_work_order_status":null,"latest_work_order_type":null,"max_risk_rating":null,"risk_assessment_count":0,"service_request_id":"3487434A-2503-435C-B7BD-1A77E7E1FD62","source":"Department of Parks and Recreation - Public Web Site","status":"Open","work_order_count":0},"type":"Feature"},{"geometry":{"coordinates":[-73.725379,40.736869],"type":"Point"},"id":"3492B3FD-5189-410F-B1E1-7379B6755785","properties":{"borough":"Queens","created_date":"2026-09-15T18:54:00.000","inspection_count":0,"latest_inspection_date":null,"latest_work_order_status":null,"latest_work_order_type":null,"max_risk_rating":null,"risk_assessment_count":0,"service_request_id":"3492B3FD-5189-410F-B1E1-7379B6755785","source":"3-1-1 Call Center","status":"Open","work_order_count":0},"type":"Feature"},{"geometry":{"coordinates":[-73.974177,40.785257],"type":"Point"},"id":"34A5CBFA-DBBF-45AD-B696-07E555E1F605","properties":{"borough":"Manhattan","created_date":"2026-09-09T01:00:02.000","inspection_count":0,"latest_inspection_date":null,"latest_work_order_status":null,"latest_work_order_type":null,"max_risk_rating":null,"risk_assessment_count":0,"service_request_id":"34A5CBFA-DBBF-45AD-B696-07E555E1F605","source":"Department of Parks and Recreation - Public Web Site","status":"Closed","work_order_count":0},"type":"Feature"},{"geometry":{"coordinates":[-74.108239,40.57679],"type":"Point"},"id":"34A5EED5-7DC4-4F1E-8B8E-BF32E8A1631B","properties":{"borough":"Staten Island","created_date":"2026-09-02T15:41:00.000","inspection_count":0,"latest_inspection_date":null,"latest_work_order_status":null,"latest_work_order_type":null,"max_risk_rating":null,"risk_assessment_count":0,"service_request_id":"34A5EED5-7DC4-4F1E-8B8E-BF32E8A1631B","source":"3-1-1 Call Center","status":"Closed","work_order_count":0},"type":"Feature"},{"geometry":{"coordinates":[-73.901743,40.711757],"type":"Point"},"id":"34A7BC28-BEFF-4A23-887E-E5F8694C8BB6","properties":{"borough":"Queens","created_date":"2026-09-21T15:16:00.000","inspection_count":0,"latest_inspection_date":null,"latest_work_order_status":null,"latest_work_order_type":null,"max_risk_rating":null,"risk_assessment_count":0,"service_request_id":"34A7BC28-BEFF-4A23-887E-E5F8694C8BB6","source":"3-1-1 Call Center","status":"Open","work_order_count":0},"type":"Feature"},{"geometry":{"coordinates":[-73.986214,40.624449],"type":"Point"},"id":"34B607F2-F6CB-4C99-8D9F-0E6F5675E39C","properties":{"borough":"Brooklyn","created_date":"2026-09-23T19:05:00.000","inspection_count":0,"latest_inspection_date":null,"latest_work_order_status":null,"latest_work_order_type":null,"max_risk_rating":null,"risk_assessment_count":0,"service_request_id":"34B607F2-F6CB-4C99-8D9F-0E6F5675E39C","source":"3-1-1 Call Center","status":"Open","work_order_count":0},"type":"Feature"},{"geometry":{"coordinates":[-73.990668,40.665967],"type":"Point"},"id":"34B85E75-D81E-4F75-937A-8FC553A9C270","properties":{"borough":"Brooklyn","created_date":"2026-09-05T16:01:35.000","inspection_count":0,"latest_inspection_date":null,"latest_work_order_status":null,"latest_work_order_type":null,"max_risk_rating":null,"risk_assessment_count":0,"service_request_id":"34B85E75-D81E-4F75-937A-8FC553A9C270","source":"3-1-1 Call Center","status":"Closed","work_order_count":0},"type":"Feature"},{"geometry":{"coordinates":[-73.851999,40.852386],"type":"Point"},"id":"34BFCC19-217D-4A55-AF91-15BBA2897598","properties":{"borough":"Bronx","created_date":"2026-09-23T18:14:47.000","inspection_count":0,"latest_inspection_date":null,"latest_work_order_status":null,"latest_work_order_type":null,"max_risk_rating":null,"risk_assessment_count":0,"service_request_id":"34BFCC19-217D-4A55-AF91-15BBA2897598","source":"3-1-1 Call Center","status":"Closed","work_order_count":0},"type":"Feature"},{"geometry":{"coordinates":[-74.138799,40.608737],"type":"Point"},"id":"34C8DBF8-45C9-4810-A9B7-E285B163EFC3","properties":{"borough":"Staten Island","created_date":"2026-09-10T20:31:00.000","inspection_count":0,"latest_inspection_date":null,"latest_work_order_status":null,"latest_work_order_type":null,"max_risk_rating":null,"risk_assessment_count":0,"service_request_id":"34C8DBF8-45C9-4810-A9B7-E285B163EFC3","source":"3-1-1 Call Center","status":"Open","work_order_count":0},"type":"Feature"},{"geometry":{"coordinates":[-73.983851,40.608081],"type":"Point"},"id":"34C9093D-B9AA-495B-A54A-EE4A32F88519","properties":{"borough":"Brooklyn","created_date":"2026-09-18T04:26:00.000","inspection_count":0,"latest_inspection_date":null,"latest_work_order_status":null,"latest_work_order_type":null,"max_risk_rating":null,"risk_assessment_count":0,"service_request_id":"34C9093D-B9AA-495B-A54A-EE4A32F88519","source":"3-1-1 Call Center","status":"Open","work_order_count":0},"type":"Feature"},{"geometry":{"coordinates":[-73.991551,40.721707],"type":"Point"},"id":"34DFD152-D43F-4241-99AF-C90FF5E8AF7A","properties":{"borough":"Manhattan","created_date":"2026-09-07T12:16:00.000","inspection_count":0,"latest_inspection_date":null,"latest_work_order_status":null,"latest_work_order_type":null,"max_risk_rating":null,"risk_assessment_count":0,"service_request_id":"34DFD152-D43F-4241-99AF-C90FF5E8AF7A","source":"AMPS","status":"Open","work_order_count":0},"type":"Feature"},{"geometry":{"coordinates":[-73.8784,40.667198],"type":"Point"},"id":"34EB7FE3-FA9B-4703-A592-15FD324C136C","properties":{"borough":"Brooklyn","created_date":"2026-09-17T21:28:00.000","inspection_count":0,"latest_inspection_date":null,"latest_work_order_status":null,"latest_work_order_type":null,"max_risk_rating":null,"risk_assessment_count":0,"service_request_id":"34EB7FE3-FA9B-4703-A592-15FD324C136C","source":"3-1-1 Call Center","status":"Open","work_order_count":0},"type":"Feature"},{"geometry":{"coordinates":[-74.084995,40.579475],"type":"Point"},"id":"34ECE5AB-CB40-47C2-8E4C-497E8F95E350","properties":{"borough":"Staten Island","created_date":"2026-09-17T23:20:00.000","inspection_count":1,"latest_inspection_date":"2026-09-18T04:00:00.000","latest_work_order_status":"Open","latest_work_order_type":"Stump Removal","max_risk_rating":null,"risk_assessment_count":0,"service_request_id":"34ECE5AB-CB40-47C2-8E4C-497E8F95E350","source":"Department of Parks and Recreation - Public Web Site","status":"Closed","work_order_count":1},"type":"Feature"},{"geometry":{"coordinates":[-73.838932,40.87911],"type":"Point"},"id":"34F7B912-0B6D-41A0-9883-C87C7A50DE42","properties":{"borough":"Bronx","created_date":"2026-09-14T12:26:07.000","inspection_count":0,"latest_inspection_date":null,"latest_work_order_status":null,"latest_work_order_type":null,"max_risk_rating":null,"risk_assessment_count":0,"service_request_id":"34F7B912-0B6D-41A0-9883-C87C7A50DE42","source":"3-1-1 Call Center","status":"Closed","work_order_count":0},"type":"Feature"},{"geometry":{"coordinates":[-73.794638,40.684772],"type":"Point"},"id":"34FA805E-61FD-49FE-AB10-BFE8B9C9E493","properties":{"borough":"Queens","created_date":"2026-09-08T17:08:00.000","inspection_count":0,"latest_inspection_date":null,"latest_work_order_status":null,"latest_work_order_type":null,"max_risk_rating":null,"risk_assessment_count":0,"service_request_id":"34FA805E-61FD-49FE-AB10-BFE8B9C9E493","source":"Department of Parks and Recreation - Public Web Site","status":"Open","work_order_count":0},"type":"Feature"},{"geometry":{"coordinates":[-73.784663,40.716429],"type":"Point"},"id":"34FAD503-B17E-4C3F-B4EE-16067B6D65C6","properties":{"borough":"Queens","created_date":"2026-09-07T05:41:00.000","inspection_count":0,"latest_inspection_date":null,"latest_work_order_status":null,"latest_work_order_type":null,"max_risk_rating":null,"risk_assessment_count":0,"service_request_id":"34FAD503-B17E-4C3F-B4EE-16067B6D65C6","source":"Department of Parks and Recreation - Public Web Site","status":"Open","work_order_count":0},"type":"Feature"},{"geometry":{"coordinates":[-73.870424,40.831367],"type":"Point"},"id":"34FB8F71-DA3C-40F5-B971-871FBC62E2EC","properties":{"borough":"Bronx","created_date":"2026-09-02T00:31:28.000","inspection_count":0,"latest_inspection_date":null,"latest_work_order_status":null,"latest_work_order_type":null,"max_risk_rating":null,"risk_assessment_count":0,"service_request_id":"34FB8F71-DA3C-40F5-B971-871FBC62E2EC","source":"Department of Parks and Recreation - Public Web Site","status":"Closed","work_order_count":0},"type":"Feature"},{"geometry":{"coordinates":[-73.98586,40.627245],"type":"Point"},"id":"3500749D-EDF5-41FD-A028-7DD5B8791FAD","properties":{"borough":"Brooklyn","created_date":"2026-09-10T14:12:40.000","inspection_count":0,"latest_inspection_date":null,"latest_work_order_status":null,"latest_work_order_type":null,"max_risk_rating":null,"risk_assessment_count":0,"service_request_id":"3500749D-EDF5-41FD-A028-7DD5B8791FAD","source":"3-1-1 Call Center","status":"Open","work_order_count":0},"type":"Feature"},{"geometry":{"coordinates":[-73.786322,40.723326],"type":"Point"},"id":"3507ADA2-0E31-4749-9E4E-EC47501AA7A1","properties":{"borough":"Queens","created_date":"2026-09-22T12:32:00.000","inspection_count":0,"latest_inspection_date":null,"latest_work_order_status":null,"latest_work_order_type":null,"max_risk_rating":null,"risk_assessment_count":0,"service_request_id":"3507ADA2-0E31-4749-9E4E-EC47501AA7A1","source":"3-1-1 Call Center","status":"Open","work_order_count":0},"type":"Feature"},{"geometry":{"coordinates":[-73.912386,40.682883],"type":"Point"},"id":"350AF2CE-08C7-4EB7-8BE8-761003D38A04","properties":{"borough":"Brooklyn","created_date":"2026-09-01T22:14:47.000","inspection_count":0,"latest_inspection_date":null,"latest_work_order_status":null,"latest_work_order_type":null,"max_risk_rating":null,"risk_assessment_count":0,"service_request_id":"350AF2CE-08C7-4EB7-8BE8-761003D38A04","source":"3-1-1 Call Center","status":"Open","work_order_count":0},"type":"Feature"},{"geometry":{"coordinates":[-73.857646,40.679702],"type":"Point"},"id":"3510B0EF-A40F-49B4-9C39-5DE553514897","properties":{"borough":"Queens","created_date":"2026-09-23T14:21:00.000","inspection_count":0,"latest_inspection_date":null,"latest_work_order_status":null,"latest_work_order_type":null,"max_risk_rating":null,"risk_assessment_count":0,"service_request_id":"3510B0EF-A40F-49B4-9C39-5DE553514897","source":"3-1-1 Call Center","status":"Open","work_order_count":0},"type":"Feature"},{"geometry":{"coordinates":[-73.964098,40.673551],"type":"Point"},"id":"351E69E6-0C57-446D-8F66-39248807F3BC","properties":{"borough":"Brooklyn","created_date":"2026-09-14T00:14:43.000","inspection_count":0,"latest_inspection_date":null,"latest_work_order_status":null,"latest_work_order_type":null,"max_risk_rating":null,"risk_assessment_count":0,"service_request_id":"351E69E6-0C57-446D-8F66-39248807F3BC","source":"Department of Parks and Recreation - Public Web Site","status":"Open","work_order_count":0},"type":"Feature"},{"geometry":{"coordinates":[-73.974177,40.785257],"type":"Point"},"id":"3526C09F-A437-4834-B4A6-C5AE8F015EBB","properties":{"borough":"Manhattan","created_date":"2026-09-09T11:40:01.000","inspection_count":0,"latest_inspection_date":null,"latest_work_order_status":null,"latest_work_order_type":null,"max_risk_rating":null,"risk_assessment_count":0,"service_request_id":"3526C09F-A437-4834-B4A6-C5AE8F015EBB","source":"Department of Parks and Recreation - Public Web Site","status":"Closed","work_order_count":0},"type":"Feature"},{"geometry":{"coordinates":[-74.204566,40.51798],"type":"Point"},"id":"35370A13-E38D-41C9-8CB0-84C308F1CEA3","properties":{"borough":"Staten Island","created_date":"2026-09-15T13:29:00.000","inspection_count":0,"latest_inspection_date":null,"latest_work_order_status":null,"latest_work_order_type":null,"max_risk_rating":null,"risk_assessment_count":0,"service_request_id":"35370A13-E38D-41C9-8CB0-84C308F1CEA3","source":"3-1-1 Call Center","status":"Closed","work_order_count":0},"type":"Feature"},{"geometry":{"coordinates":[-73.919411,40.702162],"type":"Point"},"id":"35544B7E-E691-46C4-88D7-9258C5516663","properties":{"borough":"Brooklyn","created_date":"2026-09-17T21:59:00.000","inspection_count":0,"latest_inspection_date":null,"latest_work_order_status":null,"latest_work_order_type":null,"max_risk_rating":null,"risk_assessment_count":0,"service_request_id":"35544B7E-E691-46C4-88D7-9258C5516663","source":"3-1-1 Call Center","status":"Open","work_order_count":0},"type":"Feature"},{"geometry":{"coordinates":[-73.847502,40.721675],"type":"Point"},"id":"355E2481-865E-463D-9610-50050E970460","properties":{"borough":"Queens","created_date":"2026-09-25T14:57:21.000","inspection_count":0,"latest_inspection_date":null,"latest_work_order_status":null,"latest_work_order_type":null,"max_risk_rating":null,"risk_assessment_count":0,"service_request_id":"355E2481-865E-463D-9610-50050E970460","source":"DPR -Public Tree Map","status":"Open","work_order_count":0},"type":"Feature"},{"geometry":{"coordinates":[-73.974177,40.785257],"type":"Point"},"id":"3569755B-EBCC-48EA-92E9-0248442C935F","properties":{"borough":"Manhattan","created_date":"2026-09-09T12:50:02.000","inspection_count":0,"latest_inspection_date":null,"latest_work_order_status":null,"latest_work_order_type":null,"max_risk_rating":null,"risk_assessment_count":0,"service_request_id":"3569755B-EBCC-48EA-92E9-0248442C935F","source":"Department of Parks and Recreation - Public Web Site","status":"Closed","work_order_count":0},"type":"Feature"},{"geometry":{"coordinates":[-74.084451,40.644623],"type":"Point"},"id":"3570B7F8-1A4F-4B3E-9992-5013BC9A585D","properties":{"borough":"Staten Island","created_date":"2026-09-21T15:59:00.000","inspection_count":0,"latest_inspection_date":null,"latest_work_order_status":null,"latest_work_order_type":null,"max_risk_rating":null,"risk_assessment_count":0,"service_request_id":"3570B7F8-1A4F-4B3E-9992-5013BC9A585D","source":"3-1-1 Call Center","status":"Open","work_order_count":0},"type":"Feature"},{"geometry":{"coordinates":[-73.846789,40.661394],"type":"Point"},"id":"35743AF1-4760-4854-981F-77FA378EE464","properties":{"borough":"Queens","created_date":"2026-09-09T18:51:00.000","inspection_count":0,"latest_inspection_date":null,"latest_work_order_status":null,"latest_work_order_type":null,"max_risk_rating":null,"risk_assessment_count":0,"service_request_id":"35743AF1-4760-4854-981F-77FA378EE464","source":"3-1-1 Call Center","status":"Open","work_order_count":0},"type":"Feature"},{"geometry":{"coordinates":[-73.91001,40.773205],"type":"Point"},"id":"3579AA5C-10B3-42E5-9290-504527A2C7D3","properties":{"borough":"Queens","created_date":"2026-09-16T20:17:00.000","inspection_count":0,"latest_inspection_date":null,"latest_work_order_status":null,"latest_work_order_type":null,"max_risk_rating":null,"risk_assessment_count":0,"service_request_id":"3579AA5C-10B3-42E5-9290-504527A2C7D3","source":"3-1-1 Call Center","status":"Closed","work_order_count":0},"type":"Feature"},{"geometry":{"coordinates":[-73.973091,40.62368],"type":"Point"},"id":"35B1F5E6-EE32-412A-AF85-DB2A83BEEBA1","properties":{"borough":"Brooklyn","created_date":"2026-09-16T12:14:00.000","inspection_count":0,"latest_inspection_date":null,"latest_work_order_status":null,"latest_work_order_type":null,"max_risk_rating":null,"risk_assessment_count":0,"service_request_id":"35B1F5E6-EE32-412A-AF85-DB2A83BEEBA1","source":"3-1-1 Call Center","status":"Open","work_order_count":0},"type":"Feature"},{"geometry":{"coordinates":[-73.992513,40.735851],"type":"Point"},"id":"35B6DABD-9585-41FB-BF12-596C20369580","properties":{"borough":"Manhattan","created_date":"2026-09-10T11:25:00.000","inspection_count":0,"latest_inspection_date":null,"latest_work_order_status":null,"latest_work_order_type":null,"max_risk_rating":null,"risk_assessment_count":0,"service_request_id":"35B6DABD-9585-41FB-BF12-596C20369580","source":"3-1-1 Call Center","status":"Open","work_order_count":0},"type":"Feature"},{"geometry":{"coordinates":[-73.847933,40.690726],"type":"Point"},"id":"35B76DD4-7563-4FE7-8258-3265CD261EEC","properties":{"borough":"Queens","created_date":"2026-09-23T14:38:00.000","inspection_count":0,"latest_inspection_date":null,"latest_work_order_status":null,"latest_work_order_type":null,"max_risk_rating":null,"risk_assessment_count":0,"service_request_id":"35B76DD4-7563-4FE7-8258-3265CD261EEC","source":"3-1-1 Call Center","status":"Open","work_order_count":0},"type":"Feature"},{"geometry":{"coordinates":[-73.857113,40.576903],"type":"Point"},"id":"35CE6058-4236-4921-B7EA-748D6D92B9BE","properties":{"borough":"Queens","created_date":"2026-09-18T12:48:00.000","inspection_count":0,"latest_inspection_date":null,"latest_work_order_status":null,"latest_work_order_type":null,"max_risk_rating":null,"risk_assessment_count":0,"service_request_id":"35CE6058-4236-4921-B7EA-748D6D92B9BE","source":"Department of Parks and Recreation - Public Web Site","status":"Open","work_order_count":0},"type":"Feature"},{"geometry":{"coordinates":[-73.730758,40.723597],"type":"Point"},"id":"35D329A5-1CD0-4B75-8436-3103A34A6770","properties":{"borough":"Queens","created_date":"2026-09-16T20:00:02.000","inspection_count":0,"latest_inspection_date":null,"latest_work_order_status":null,"latest_work_order_type":null,"max_risk_rating":null,"risk_assessment_count":0,"service_request_id":"35D329A5-1CD0-4B75-8436-3103A34A6770","source":"Department of Parks and Recreation - Public Web Site","status":"Open","work_order_count":0},"type":"Feature"},{"geometry":{"coordinates":[-73.978537,40.670952],"type":"Point"},"id":"3601C51A-2186-46A4-9B9E-120346A79FDE","properties":{"borough":"Brooklyn","created_date":"2026-09-24T13:41:00.000","inspection_count":0,"latest_inspection_date":null,"latest_work_order_status":null,"latest_work_order_type":null,"max_risk_rating":null,"risk_assessment_count":0,"service_request_id":"3601C51A-2186-46A4-9B9E-120346A79FDE","source":"Department of Parks and Recreation - Public Web Site","status":"Open","work_order_count":0},"type":"Feature"},{"geometry":{"coordinates":[-73.974177,40.785257],"type":"Point"},"id":"36159C11-203D-4BAA-B8AA-479152F15F7D","properties":{"borough":"Manhattan","created_date":"2026-09-09T15:15:02.000","inspection_count":0,"latest_inspection_date":null,"latest_work_order_status":null,"latest_work_order_type":null,"max_risk_rating":null,"risk_assessment_count":0,"service_request_id":"36159C11-203D-4BAA-B8AA-479152F15F7D","source":"Department of Parks and Recreation - Public Web Site","status":"Closed","work_order_count":0},"type":"Feature"},{"geometry":{"coordinates":[-73.9886,40.760639],"type":"Point"},"id":"3619C8D1-E081-484C-942B-0B6170931340","properties":{"borough":"Manhattan","created_date":"2026-09-21T18:38:00.000","inspection_count":0,"latest_inspection_date":null,"latest_work_order_status":null,"latest_work_order_type":null,"max_risk_rating":null,"risk_assessment_count":0,"service_request_id":"3619C8D1-E081-484C-942B-0B6170931340","source":"Department of Parks and Recreation - Public Web Site","status":"Open","work_order_count":0},"type":"Feature"},{"geometry":{"coordinates":[-73.840924,40.673776],"type":"Point"},"id":"361C4C27-F7A2-4373-860A-7438F84CB551","properties":{"borough":"Queens","created_date":"2026-09-24T21:02:00.000","inspection_count":0,"latest_inspection_date":null,"latest_work_order_status":null,"latest_work_order_type":null,"max_risk_rating":null,"risk_assessment_count":0,"service_request_id":"361C4C27-F7A2-4373-860A-7438F84CB551","source":"3-1-1 Call Center","status":"Open","work_order_count":0},"type":"Feature"},{"geometry":{"coordinates":[-73.994165,40.736697],"type":"Point"},"id":"3621CD43-884F-48BE-9A55-39BCF10945C4","properties":{"borough":"Manhattan","created_date":"2026-09-08T21:04:20.000","inspection_count":0,"latest_inspection_date":null,"latest_work_order_status":null,"latest_work_order_type":null,"max_risk_rating":null,"risk_assessment_count":0,"service_request_id":"3621CD43-884F-48BE-9A55-39BCF10945C4","source":"3-1-1 Call Center","status":"Open","work_order_count":0},"type":"Feature"},{"geometry":{"coordinates":[-73.942867,40.645378],"type":"Point"},"id":"36264C00-96B9-420D-9696-B84DE00F920C","properties":{"borough":"Brooklyn","created_date":"2026-09-14T19:40:39.000","inspection_count":0,"latest_inspection_date":null,"latest_work_order_status":null,"latest_work_order_type":null,"max_risk_rating":null,"risk_assessment_count":0,"service_request_id":"36264C00-96B9-420D-9696-B84DE00F920C","source":"3-1-1 Call Center","status":"Open","work_order_count":0},"type":"Feature"},{"geometry":{"coordinates":[-73.961952,40.674319],"type":"Point"},"id":"362F24EC-06BB-4CE2-8225-71558A54EA37","properties":{"borough":"Brooklyn","created_date":"2026-09-07T14:48:48.000","inspection_count":0,"latest_inspection_date":null,"latest_work_order_status":null,"latest_work_order_type":null,"max_risk_rating":null,"risk_assessment_count":0,"service_request_id":"362F24EC-06BB-4CE2-8225-71558A54EA37","source":"3-1-1 Call Center","status":"Closed","work_order_count":0},"type":"Feature"},{"geometry":{"coordinates":[-74.003483,40.616306],"type":"Point"},"id":"365A0AB2-674A-4521-91CA-0339835B17D8","properties":{"borough":"Brooklyn","created_date":"2026-09-12T01:40:02.000","inspection_count":0,"latest_inspection_date":null,"latest_work_order_status":null,"latest_work_order_type":null,"max_risk_rating":null,"risk_assessment_count":0,"service_request_id":"365A0AB2-674A-4521-91CA-0339835B17D8","source":"Department of Parks and Recreation - Public Web Site","status":"Open","work_order_count":0},"type":"Feature"},{"geometry":{"coordinates":[-74.031729,40.622644],"type":"Point"},"id":"365B7D3A-81A5-4173-A64F-ECF76D52B738","properties":{"borough":"Brooklyn","created_date":"2026-09-22T16:27:01.000","inspection_count":0,"latest_inspection_date":null,"latest_work_order_status":null,"latest_work_order_type":null,"max_risk_rating":null,"risk_assessment_count":0,"service_request_id":"365B7D3A-81A5-4173-A64F-ECF76D52B738","source":"DPR -Public Tree Map","status":"Open","work_order_count":0},"type":"Feature"},{"geometry":{"coordinates":[-73.974177,40.785257],"type":"Point"},"id":"36605578-8AD8-405D-926B-AAAC81138A5F","properties":{"borough":"Manhattan","created_date":"2026-09-14T19:50:41.000","inspection_count":0,"latest_inspection_date":null,"latest_work_order_status":null,"latest_work_order_type":null,"max_risk_rating":null,"risk_assessment_count":0,"service_request_id":"36605578-8AD8-405D-926B-AAAC81138A5F","source":"Department of Parks and Recreation - Public Web Site","status":"Open","work_order_count":0},"type":"Feature"},{"geometry":{"coordinates":[-73.881235,40.716947],"type":"Point"},"id":"36674795-9D00-4E19-B905-BA8948B7946C","properties":{"borough":"Queens","created_date":"2026-09-01T16:05:00.000","inspection_count":0,"latest_inspection_date":null,"latest_work_order_status":null,"latest_work_order_type":null,"max_risk_rating":null,"risk_assessment_count":0,"service_request_id":"36674795-9D00-4E19-B905-BA8948B7946C","source":"3-1-1 Call Center","status":"Open","work_order_count":0},"type":"Feature"},{"geometry":{"coordinates":[-73.974177,40.785257],"type":"Point"},"id":"3668E2B5-51D7-4A1F-B3EC-9D27E55D163B","properties":{"borough":"Manhattan","created_date":"2026-09-08T02:40:01.000","inspection_count":0,"latest_inspection_date":null,"latest_work_order_status":null,"latest_work_order_type":null,"max_risk_rating":null,"risk_assessment_count":0,"service_request_id":"3668E2B5-51D7-4A1F-B3EC-9D27E55D163B","source":"Department of Parks and Recreation - Public Web Site","status":"Closed","work_order_count":0},"type":"Feature"},{"geometry":{"coordinates":[-74.215556,40.535508],"type":"Point"},"id":"367887DD-3637-4959-8143-EE63277C4120","properties":{"borough":"Staten Island","created_date":"2026-09-06T16:32:00.000","inspection_count":0,"latest_inspection_date":null,"latest_work_order_status":null,"latest_work_order_type":null,"max_risk_rating":null,"risk_assessment_count":0,"service_request_id":"367887DD-3637-4959-8143-EE63277C4120","source":"Department of Parks and Recreation - Public Web Site","status":"Open","work_order_count":0},"type":"Feature"},{"geometry":{"coordinates":[-73.832361,40.850564],"type":"Point"},"id":"368A36CA-12F3-4FE4-9A48-A8641B1D7704","properties":{"borough":"Bronx","created_date":"2026-09-02T01:31:41.000","inspection_count":0,"latest_inspection_date":null,"latest_work_order_status":null,"latest_work_order_type":null,"max_risk_rating":null,"risk_assessment_count":0,"service_request_id":"368A36CA-12F3-4FE4-9A48-A8641B1D7704","source":"Department of Parks and Recreation - Public Web Site","status":"Open","work_order_count":0},"type":"Feature"},{"geometry":{"coordinates":[-74.156945,40.59085],"type":"Point"},"id":"368C1FD5-4FE3-42C7-B82E-22B5A3474229","properties":{"borough":"Staten Island","created_date":"2026-09-14T17:25:00.000","inspection_count":0,"latest_inspection_date":null,"latest_work_order_status":null,"latest_work_order_type":null,"max_risk_rating":null,"risk_assessment_count":0,"service_request_id":"368C1FD5-4FE3-42C7-B82E-22B5A3474229","source":"3-1-1 Call Center","status":"Open","work_order_count":0},"type":"Feature"},{"geometry":{"coordinates":[-73.974177,40.785257],"type":"Point"},"id":"36A41453-9C68-4759-A935-82683E9AEB21","properties":{"borough":"Manhattan","created_date":"2026-09-09T05:05:02.000","inspection_count":0,"latest_inspection_date":null,"latest_work_order_status":null,"latest_work_order_type":null,"max_risk_rating":null,"risk_assessment_count":0,"service_request_id":"36A41453-9C68-4759-A935-82683E9AEB21","source":"Department of Parks and Recreation - Public Web Site","status":"Closed","work_order_count":0},"type":"Feature"},{"geometry":{"coordinates":[-74.067634,40.595853],"type":"Point"},"id":"36A60C87-B851-42D3-B77E-E1FEB18A5402","properties":{"borough":"Staten Island","created_date":"2026-09-02T16:49:15.000","inspection_count":0,"latest_inspection_date":null,"latest_work_order_status":null,"latest_work_order_type":null,"max_risk_rating":null,"risk_assessment_count":0,"service_request_id":"36A60C87-B851-42D3-B77E-E1FEB18A5402","source":"3-1-1 Call Center","status":"Closed","work_order_count":0},"type":"Feature"},{"geometry":{"coordinates":[-73.838501,40.684375],"type":"Point"},"id":"36C1A1D9-9890-40AB-A92B-C84C1312DE57","properties":{"borough":"Queens","created_date":"2026-09-13T17:56:00.000","inspection_count":0,"latest_inspection_date":null,"latest_work_order_status":null,"latest_work_order_type":null,"max_risk_rating":null,"risk_assessment_count":0,"service_request_id":"36C1A1D9-9890-40AB-A92B-C84C1312DE57","source":"3-1-1 Call Center","status":"Open","work_order_count":0},"type":"Feature"},{"geometry":{"coordinates":[-73.820919,40.688878],"type":"Point"},"id":"36C536A8-9439-47F1-B26F-F3ED09D21C66","properties":{"borough":"Queens","created_date":"2026-09-10T16:09:00.000","inspection_count":0,"latest_inspection_date":null,"latest_work_order_status":null,"latest_work_order_type":null,"max_risk_rating":null,"risk_assessment_count":0,"service_request_id":"36C536A8-9439-47F1-B26F-F3ED09D21C66","source":"3-1-1 Call Center","status":"Open","work_order_count":0},"type":"Feature"},{"geometry":{"coordinates":[-73.805631,40.750419],"type":"Point"},"id":"36CEC7CB-FA15-42D9-AF88-B150BDC373EA","properties":{"borough":"Queens","created_date":"2026-09-15T12:59:00.000","inspection_count":0,"latest_inspection_date":null,"latest_work_order_status":null,"latest_work_order_type":null,"max_risk_rating":null,"risk_assessment_count":0,"service_request_id":"36CEC7CB-FA15-42D9-AF88-B150BDC373EA","source":"3-1-1 Call Center","status":"Open","work_order_count":0},"type":"Feature"},{"geometry":{"coordinates":[-73.902531,40.619498],"type":"Point"},"id":"36DA40D3-FFC9-434D-8F9B-79A3E9EB04C2","properties":{"borough":"Brooklyn","created_date":"2026-09-24T19:39:00.000","inspection_count":0,"latest_inspection_date":null,"latest_work_order_status":null,"latest_work_order_type":null,"max_risk_rating":null,"risk_assessment_count":0,"service_request_id":"36DA40D3-FFC9-434D-8F9B-79A3E9EB04C2","source":"3-1-1 Call Center","status":"Open","work_order_count":0},"type":"Feature"},{"geometry":{"coordinates":[-73.781883,40.747047],"type":"Point"},"id":"37031776-AFF5-449A-B021-A38408F46864","properties":{"borough":"Queens","created_date":"2026-09-24T14:05:35.000","inspection_count":0,"latest_inspection_date":null,"latest_work_order_status":null,"latest_work_order_type":null,"max_risk_rating":null,"risk_assessment_count":0,"service_request_id":"37031776-AFF5-449A-B021-A38408F46864","source":"3-1-1 Call Center","status":"Open","work_order_count":0},"type":"Feature"},{"geometry":{"coordinates":[-74.151518,40.615926],"type":"Point"},"id":"370E1968-C656-482C-BDDF-D13365C1551E","properties":{"borough":"Staten Island","created_date":"2026-09-12T17:19:53.000","inspection_count":0,"latest_inspection_date":null,"latest_work_order_status":null,"latest_work_order_type":null,"max_risk_rating":null,"risk_assessment_count":0,"service_request_id":"370E1968-C656-482C-BDDF-D13365C1551E","source":"Department of Parks and Recreation - Public Web Site","status":"Open","work_order_count":0},"type":"Feature"},{"geometry":{"coordinates":[-73.734351,40.71015],"type":"Point"},"id":"371913DB-D5E0-4EDF-8380-8F3CBA27DE10","properties":{"borough":"Queens","created_date":"2026-09-23T17:55:00.000","inspection_count":0,"latest_inspection_date":null,"latest_work_order_status":null,"latest_work_order_type":null,"max_risk_rating":null,"risk_assessment_count":0,"service_request_id":"371913DB-D5E0-4EDF-8380-8F3CBA27DE10","source":"3-1-1 Call Center","status":"Open","work_order_count":0},"type":"Feature"},{"geometry":{"coordinates":[-74.105311,40.621898],"type":"Point"},"id":"3722E20A-2153-422E-957F-9D34E721EBBC","properties":{"borough":"Staten Island","created_date":"2026-09-18T15:43:00.000","inspection_count":0,"latest_inspection_date":null,"latest_work_order_status":null,"latest_work_order_type":null,"max_risk_rating":null,"risk_assessment_count":0,"service_request_id":"3722E20A-2153-422E-957F-9D34E721EBBC","source":"DPR","status":"Closed","work_order_count":0},"type":"Feature"},{"geometry":{"coordinates":[-74.183901,40.548573],"type":"Point"},"id":"372474C1-CC22-4DCD-BF8B-215A4B2A7C7D","properties":{"borough":"Staten Island","created_date":"2026-09-06T15:29:00.000","inspection_count":0,"latest_inspection_date":null,"latest_work_order_status":null,"latest_work_order_type":null,"max_risk_rating":null,"risk_assessment_count":0,"service_request_id":"372474C1-CC22-4DCD-BF8B-215A4B2A7C7D","source":"3-1-1 Call Center","status":"Open","work_order_count":0},"type":"Feature"},{"geometry":{"coordinates":[-73.974177,40.785257],"type":"Point"},"id":"372B8CE4-537B-46D5-A3C1-BBAC65328E91","properties":{"borough":"Manhattan","created_date":"2026-09-08T05:05:02.000","inspection_count":0,"latest_inspection_date":null,"latest_work_order_status":null,"latest_work_order_type":null,"max_risk_rating":null,"risk_assessment_count":0,"service_request_id":"372B8CE4-537B-46D5-A3C1-BBAC65328E91","source":"Department of Parks and Recreation - Public Web Site","status":"Closed","work_order_count":0},"type":"Feature"},{"geometry":{"coordinates":[-73.993715,40.690969],"type":"Point"},"id":"372BFC73-A7C2-46FC-9DD3-F4AB4407CC92","properties":{"borough":"Brooklyn","created_date":"2026-09-05T23:41:00.000","inspection_count":0,"latest_inspection_date":null,"latest_work_order_status":null,"latest_work_order_type":null,"max_risk_rating":null,"risk_assessment_count":0,"service_request_id":"372BFC73-A7C2-46FC-9DD3-F4AB4407CC92","source":"3-1-1 Call Center","status":"Open","work_order_count":0},"type":"Feature"},{"geometry":{"coordinates":[-73.829114,40.752783],"type":"Point"},"id":"37471BEC-B753-4C75-A334-6BBA3D853E82","properties":{"borough":"Queens","created_date":"2026-09-09T15:56:10.000","inspection_count":0,"latest_inspection_date":null,"latest_work_order_status":null,"latest_work_order_type":null,"max_risk_rating":null,"risk_assessment_count":0,"service_request_id":"37471BEC-B753-4C75-A334-6BBA3D853E82","source":"Department of Parks and Recreation - Public Web Site","status":"Open","work_order_count":0},"type":"Feature"},{"geometry":{"coordinates":[-73.860272,40.856557],"type":"Point"},"id":"37491CDE-D343-4CFE-96B0-8F31D19EBB95","properties":{"borough":"Bronx","created_date":"2026-09-01T18:04:00.000","inspection_count":0,"latest_inspection_date":null,"latest_work_order_status":null,"latest_work_order_type":null,"max_risk_rating":null,"risk_assessment_count":0,"service_request_id":"37491CDE-D343-4CFE-96B0-8F31D19EBB95","source":"3-1-1 Call Center","status":"Closed","work_order_count":0},"type":"Feature"},{"geometry":{"coordinates":[-73.778674,40.72968],"type":"Point"},"id":"374B6223-0B0E-417B-8E9C-BAF82D8D96A5","properties":{"borough":"Queens","created_date":"2026-09-11T15:28:00.000","inspection_count":0,"latest_inspection_date":null,"latest_work_order_status":null,"latest_work_order_type":null,"max_risk_rating":null,"risk_assessment_count":0,"service_request_id":"374B6223-0B0E-417B-8E9C-BAF82D8D96A5","source":"3-1-1 Call Center","status":"Open","work_order_count":0},"type":"Feature"},{"geometry":{"coordinates":[-74.022087,40.628452],"type":"Point"},"id":"37549736-CD4A-4BF8-93E9-7624313B9548","properties":{"borough":"Brooklyn","created_date":"2026-09-23T19:15:26.000","inspection_count":0,"latest_inspection_date":null,"latest_work_order_status":null,"latest_work_order_type":null,"max_risk_rating":null,"risk_assessment_count":0,"service_request_id":"37549736-CD4A-4BF8-93E9-7624313B9548","source":"3-1-1 Call Center","status":"Closed","work_order_count":0},"type":"Feature"},{"geometry":{"coordinates":[-74.193125,40.54659],"type":"Point"},"id":"3758C488-25B7-45C4-B37A-6BC0CD192BA0","properties":{"borough":"Staten Island","created_date":"2026-09-04T12:26:09.000","inspection_count":0,"latest_inspection_date":null,"latest_work_order_status":null,"latest_work_order_type":null,"max_risk_rating":null,"risk_assessment_count":0,"service_request_id":"3758C488-25B7-45C4-B37A-6BC0CD192BA0","source":"3-1-1 Call Center","status":"Closed","work_order_count":0},"type":"Feature"},{"geometry":{"coordinates":[-73.949741,40.623063],"type":"Point"},"id":"375902FA-A8EF-4A59-8A13-6034CBBDC2E9","properties":{"borough":"Brooklyn","created_date":"2026-09-09T14:37:47.000","inspection_count":0,"latest_inspection_date":null,"latest_work_order_status":null,"latest_work_order_type":null,"max_risk_rating":null,"risk_assessment_count":0,"service_request_id":"375902FA-A8EF-4A59-8A13-6034CBBDC2E9","source":"3-1-1 Call Center","status":"Closed","work_order_count":0},"type":"Feature"},{"geometry":{"coordinates":[-73.943696,40.618839],"type":"Point"},"id":"37605425-7A3D-4E27-A4BF-68FF26692265","properties":{"borough":"Brooklyn","created_date":"2026-09-06T11:52:09.000","inspection_count":0,"latest_inspection_date":null,"latest_work_order_status":null,"latest_work_order_type":null,"max_risk_rating":null,"risk_assessment_count":0,"service_request_id":"37605425-7A3D-4E27-A4BF-68FF26692265","source":"Department of Parks and Recreation - Public Web Site","status":"Open","work_order_count":0},"type":"Feature"},{"geometry":{"coordinates":[-73.946976,40.747463],"type":"Point"},"id":"3786AFEB-37CD-4196-8433-0ED68A045401","properties":{"borough":"Queens","created_date":"2026-09-14T15:20:00.000","inspection_count":0,"latest_inspection_date":null,"latest_work_order_status":null,"latest_work_order_type":null,"max_risk_rating":null,"risk_assessment_count":0,"service_request_id":"3786AFEB-37CD-4196-8433-0ED68A045401","source":"3-1-1 Call Center","status":"Open","work_order_count":0},"type":"Feature"},{"geometry":{"coordinates":[-74.075251,40.599623],"type":"Point"},"id":"378D19EC-724D-43B2-8B56-C0AD9A2C9CD5","properties":{"borough":"Staten Island","created_date":"2026-09-23T12:36:00.000","inspection_count":0,"latest_inspection_date":null,"latest_work_order_status":null,"latest_work_order_type":null,"max_risk_rating":null,"risk_assessment_count":0,"service_request_id":"378D19EC-724D-43B2-8B56-C0AD9A2C9CD5","source":"DPR","status":"Open","work_order_count":0},"type":"Feature"},{"geometry":{"coordinates":[-73.838501,40.684375],"type":"Point"},"id":"37A6DB6D-C5EF-4BB7-A1A5-6542339A5186","properties":{"borough":"Queens","created_date":"2026-09-13T14:05:00.000","inspection_count":0,"latest_inspection_date":null,"latest_work_order_status":null,"latest_work_order_type":null,"max_risk_rating":null,"risk_assessment_count":0,"service_request_id":"37A6DB6D-C5EF-4BB7-A1A5-6542339A5186","source":"3-1-1 Call Center","status":"Open","work_order_count":0},"type":"Feature"},{"geometry":{"coordinates":[-73.966642,40.689381],"type":"Point"},"id":"37A7CC57-DE96-4A3E-8C93-44622F98767C","properties":{"borough":"Brooklyn","created_date":"2026-09-13T20:19:33.000","inspection_count":0,"latest_inspection_date":null,"latest_work_order_status":null,"latest_work_order_type":null,"max_risk_rating":null,"risk_assessment_count":0,"service_request_id":"37A7CC57-DE96-4A3E-8C93-44622F98767C","source":"3-1-1 Call Center","status":"Open","work_order_count":0},"type":"Feature"},{"geometry":{"coordinates":[-73.873998,40.728663],"type":"Point"},"id":"37AA295B-7C08-405D-B892-872453718C60","properties":{"borough":"Queens","created_date":"2026-09-04T09:12:00.000","inspection_count":0,"latest_inspection_date":null,"latest_work_order_status":null,"latest_work_order_type":null,"max_risk_rating":null,"risk_assessment_count":0,"service_request_id":"37AA295B-7C08-405D-B892-872453718C60","source":"3-1-1 Call Center","status":"Open","work_order_count":0},"type":"Feature"},{"geometry":{"coordinates":[-73.878948,40.667045],"type":"Point"},"id":"37B4ED37-3B9E-420F-807B-26C2DB0BEA8E","properties":{"borough":"Brooklyn","created_date":"2026-09-17T21:48:00.000","inspection_count":0,"latest_inspection_date":null,"latest_work_order_status":null,"latest_work_order_type":null,"max_risk_rating":null,"risk_assessment_count":0,"service_request_id":"37B4ED37-3B9E-420F-807B-26C2DB0BEA8E","source":"3-1-1 Call Center","status":"Open","work_order_count":0},"type":"Feature"},{"geometry":{"coordinates":[-73.965981,40.692334],"type":"Point"},"id":"37BAD5D7-5FCD-4446-AD0B-488833E5B9D8","properties":{"borough":"Brooklyn","created_date":"2026-09-21T12:08:00.000","inspection_count":0,"latest_inspection_date":null,"latest_work_order_status":null,"latest_work_order_type":null,"max_risk_rating":null,"risk_assessment_count":0,"service_request_id":"37BAD5D7-5FCD-4446-AD0B-488833E5B9D8","source":"3-1-1 Call Center","status":"Open","work_order_count":0},"type":"Feature"},{"geometry":{"coordinates":[-73.92261,40.683645],"type":"Point"},"id":"37BE7502-6178-4896-8C22-29A28D0E06EA","properties":{"borough":"Brooklyn","created_date":"2026-09-23T20:53:18.000","inspection_count":0,"latest_inspection_date":null,"latest_work_order_status":null,"latest_work_order_type":null,"max_risk_rating":null,"risk_assessment_count":0,"service_request_id":"37BE7502-6178-4896-8C22-29A28D0E06EA","source":"3-1-1 Call Center","status":"Open","work_order_count":0},"type":"Feature"},{"geometry":{"coordinates":[-73.819366,40.777732],"type":"Point"},"id":"37D09A4F-9ACC-4FC0-A0A9-19E1B61D0DAC","properties":{"borough":"Queens","created_date":"2026-09-22T11:57:31.000","inspection_count":0,"latest_inspection_date":null,"latest_work_order_status":null,"latest_work_order_type":null,"max_risk_rating":null,"risk_assessment_count":0,"service_request_id":"37D09A4F-9ACC-4FC0-A0A9-19E1B61D0DAC","source":"3-1-1 Call Center","status":"Open","work_order_count":0},"type":"Feature"},{"geometry":{"coordinates":[-73.974177,40.785257],"type":"Point"},"id":"37E47776-46FF-4544-ABD1-B64A110B231C","properties":{"borough":"Manhattan","created_date":"2026-09-08T07:20:02.000","inspection_count":0,"latest_inspection_date":null,"latest_work_order_status":null,"latest_work_order_type":null,"max_risk_rating":null,"risk_assessment_count":0,"service_request_id":"37E47776-46FF-4544-ABD1-B64A110B231C","source":"Department of Parks and Recreation - Public Web Site","status":"Closed","work_order_count":0},"type":"Feature"},{"geometry":{"coordinates":[-74.003483,40.616306],"type":"Point"},"id":"37EEE1B7-DB88-4EDD-A6EE-70AF4F2EF1C7","properties":{"borough":"Brooklyn","created_date":"2026-09-12T13:15:02.000","inspection_count":0,"latest_inspection_date":null,"latest_work_order_status":null,"latest_work_order_type":null,"max_risk_rating":null,"risk_assessment_count":0,"service_request_id":"37EEE1B7-DB88-4EDD-A6EE-70AF4F2EF1C7","source":"Department of Parks and Recreation - Public Web Site","status":"Open","work_order_count":0},"type":"Feature"},{"geometry":{"coordinates":[-73.974177,40.785257],"type":"Point"},"id":"37EFF3EB-754E-4ED3-AD04-CDB3BCEDB394","properties":{"borough":"Manhattan","created_date":"2026-09-09T02:35:02.000","inspection_count":0,"latest_inspection_date":null,"latest_work_order_status":null,"latest_work_order_type":null,"max_risk_rating":null,"risk_assessment_count":0,"service_request_id":"37EFF3EB-754E-4ED3-AD04-CDB3BCEDB394","source":"Department of Parks and Recreation - Public Web Site","status":"Closed","work_order_count":0},"type":"Feature"},{"geometry":{"coordinates":[-73.976051,40.796214],"type":"Point"},"id":"37FA6D45-0D94-49B5-B695-ECE451B8E404","properties":{"borough":"Manhattan","created_date":"2026-09-10T20:47:00.000","inspection_count":0,"latest_inspection_date":null,"latest_work_order_status":null,"latest_work_order_type":null,"max_risk_rating":null,"risk_assessment_count":0,"service_request_id":"37FA6D45-0D94-49B5-B695-ECE451B8E404","source":"AMPS","status":"Open","work_order_count":0},"type":"Feature"},{"geometry":{"coordinates":[-73.974177,40.785257],"type":"Point"},"id":"38031C2F-DA8D-4949-A040-02F52890155D","properties":{"borough":"Manhattan","created_date":"2026-09-07T14:15:02.000","inspection_count":0,"latest_inspection_date":null,"latest_work_order_status":null,"latest_work_order_type":null,"max_risk_rating":null,"risk_assessment_count":0,"service_request_id":"38031C2F-DA8D-4949-A040-02F52890155D","source":"Department of Parks and Recreation - Public Web Site","status":"Closed","work_order_count":0},"type":"Feature"},{"geometry":{"coordinates":[-73.952211,40.669506],"type":"Point"},"id":"380F47EE-953C-4721-B86F-94A7360C9CBC","properties":{"borough":"Brooklyn","created_date":"2026-09-03T13:12:00.000","inspection_count":0,"latest_inspection_date":null,"latest_work_order_status":null,"latest_work_order_type":null,"max_risk_rating":null,"risk_assessment_count":0,"service_request_id":"380F47EE-953C-4721-B86F-94A7360C9CBC","source":"3-1-1 Call Center","status":"Open","work_order_count":0},"type":"Feature"},{"geometry":{"coordinates":[-73.947913,40.671003],"type":"Point"},"id":"3816E787-BB60-4A52-AB47-392E5BC257C1","properties":{"borough":"Brooklyn","created_date":"2026-09-15T15:40:59.000","inspection_count":0,"latest_inspection_date":null,"latest_work_order_status":null,"latest_work_order_type":null,"max_risk_rating":null,"risk_assessment_count":0,"service_request_id":"3816E787-BB60-4A52-AB47-392E5BC257C1","source":"Department of Parks and Recreation - Public Web Site","status":"Open","work_order_count":0},"type":"Feature"},{"geometry":{"coordinates":[-74.003483,40.616306],"type":"Point"},"id":"382C68EB-0D72-4C43-8447-95DF8BD2ED6C","properties":{"borough":"Brooklyn","created_date":"2026-09-12T20:15:02.000","inspection_count":0,"latest_inspection_date":null,"latest_work_order_status":null,"latest_work_order_type":null,"max_risk_rating":null,"risk_assessment_count":0,"service_request_id":"382C68EB-0D72-4C43-8447-95DF8BD2ED6C","source":"Department of Parks and Recreation - Public Web Site","status":"Open","work_order_count":0},"type":"Feature"},{"geometry":{"coordinates":[-73.910444,40.708619],"type":"Point"},"id":"3837BD21-7E66-4B1A-B3F1-E928DE411E35","properties":{"borough":"Queens","created_date":"2026-09-23T13:06:00.000","inspection_count":0,"latest_inspection_date":null,"latest_work_order_status":null,"latest_work_order_type":null,"max_risk_rating":null,"risk_assessment_count":0,"service_request_id":"3837BD21-7E66-4B1A-B3F1-E928DE411E35","source":"3-1-1 Call Center","status":"Open","work_order_count":0},"type":"Feature"},{"geometry":{"coordinates":[-73.801145,40.707856],"type":"Point"},"id":"3844BC3B-6DA3-48EF-A4BB-9FB6B5ADF9E3","properties":{"borough":"Queens","created_date":"2026-09-09T15:15:00.000","inspection_count":0,"latest_inspection_date":null,"latest_work_order_status":null,"latest_work_order_type":null,"max_risk_rating":null,"risk_assessment_count":0,"service_request_id":"3844BC3B-6DA3-48EF-A4BB-9FB6B5ADF9E3","source":"3-1-1 Call Center","status":"Open","work_order_count":0},"type":"Feature"},{"geometry":{"coordinates":[-74.104205,40.62847],"type":"Point"},"id":"384A24C5-0A4E-4CAA-AE34-DDB3F3AACA22","properties":{"borough":"Staten Island","created_date":"2026-09-01T22:57:00.000","inspection_count":1,"latest_inspection_date":"2026-09-02T11:28:04.000","latest_work_order_status":"Open","latest_work_order_type":"Tree Removal","max_risk_rating":"8.0","risk_assessment_count":3,"service_request_id":"384A24C5-0A4E-4CAA-AE34-DDB3F3AACA22","source":"3-1-1 Call Center","status":"Closed","work_order_count":1},"type":"Feature"},{"geometry":{"coordinates":[-74.132055,40.624091],"type":"Point"},"id":"3852BA42-DDFF-4BBF-AD76-D98531E4F50F","properties":{"borough":"Staten Island","created_date":"2026-09-15T14:40:00.000","inspection_count":0,"latest_inspection_date":null,"latest_work_order_status":null,"latest_work_order_type":null,"max_risk_rating":null,"risk_assessment_count":0,"service_request_id":"3852BA42-DDFF-4BBF-AD76-D98531E4F50F","source":"3-1-1 Call Center","status":"Open","work_order_count":0},"type":"Feature"},{"geometry":{"coordinates":[-74.121613,40.567392],"type":"Point"},"id":"3855701C-D2B7-4DF5-894D-915A81A871F9","properties":{"borough":"Staten Island","created_date":"2026-09-05T15:03:58.000","inspection_count":0,"latest_inspection_date":null,"latest_work_order_status":null,"latest_work_order_type":null,"max_risk_rating":null,"risk_assessment_count":0,"service_request_id":"3855701C-D2B7-4DF5-894D-915A81A871F9","source":"3-1-1 Call Center","status":"Open","work_order_count":0},"type":"Feature"},{"geometry":{"coordinates":[-74.219089,40.548613],"type":"Point"},"id":"38588908-6897-4F62-8B43-3E4D703F6233","properties":{"borough":"Staten Island","created_date":"2026-09-21T21:54:00.000","inspection_count":0,"latest_inspection_date":null,"latest_work_order_status":null,"latest_work_order_type":null,"max_risk_rating":null,"risk_assessment_count":0,"service_request_id":"38588908-6897-4F62-8B43-3E4D703F6233","source":"Department of Parks and Recreation - Public Web Site","status":"Open","work_order_count":0},"type":"Feature"},{"geometry":{"coordinates":[-73.85056,40.853995],"type":"Point"},"id":"385B7677-24D0-49E9-88C9-8B2E012CAB84","properties":{"borough":"Bronx","created_date":"2026-09-02T00:35:45.000","inspection_count":0,"latest_inspection_date":null,"latest_work_order_status":null,"latest_work_order_type":null,"max_risk_rating":null,"risk_assessment_count":0,"service_request_id":"385B7677-24D0-49E9-88C9-8B2E012CAB84","source":"Department of Parks and Recreation - Public Web Site","status":"Open","work_order_count":0},"type":"Feature"},{"geometry":{"coordinates":[-73.809609,40.714784],"type":"Point"},"id":"3864530B-2B93-4BF2-A261-86F753F223C5","properties":{"borough":"Queens","created_date":"2026-09-25T20:04:00.000","inspection_count":0,"latest_inspection_date":null,"latest_work_order_status":null,"latest_work_order_type":null,"max_risk_rating":null,"risk_assessment_count":0,"service_request_id":"3864530B-2B93-4BF2-A261-86F753F223C5","source":"3-1-1 Call Center","status":"Open","work_order_count":0},"type":"Feature"},{"geometry":{"coordinates":[-73.974187,40.686004],"type":"Point"},"id":"386E2C54-55D6-4E90-84F4-080B2BFA029D","properties":{"borough":"Brooklyn","created_date":"2026-09-15T01:30:00.000","inspection_count":0,"latest_inspection_date":null,"latest_work_order_status":null,"latest_work_order_type":null,"max_risk_rating":null,"risk_assessment_count":0,"service_request_id":"386E2C54-55D6-4E90-84F4-080B2BFA029D","source":"Department of Parks and Recreation - Public Web Site","status":"Open","work_order_count":0},"type":"Feature"},{"geometry":{"coordinates":[-73.899741,40.716446],"type":"Point"},"id":"3876E9DA-E5D5-4A80-B8A4-A4AC4AC81E84","properties":{"borough":"Queens","created_date":"2026-09-03T17:47:46.000","inspection_count":0,"latest_inspection_date":null,"latest_work_order_status":null,"latest_work_order_type":null,"max_risk_rating":null,"risk_assessment_count":0,"service_request_id":"3876E9DA-E5D5-4A80-B8A4-A4AC4AC81E84","source":"3-1-1 Call Center","status":"Closed","work_order_count":0},"type":"Feature"},{"geometry":{"coordinates":[-73.987915,40.618945],"type":"Point"},"id":"387DBAFD-AD03-450A-ACEC-052F0037EEE3","properties":{"borough":"Brooklyn","created_date":"2026-09-17T15:49:07.000","inspection_count":0,"latest_inspection_date":null,"latest_work_order_status":null,"latest_work_order_type":null,"max_risk_rating":null,"risk_assessment_count":0,"service_request_id":"387DBAFD-AD03-450A-ACEC-052F0037EEE3","source":"Department of Parks and Recreation - Public Web Site","status":"Open","work_order_count":0},"type":"Feature"},{"geometry":{"coordinates":[-74.003483,40.616306],"type":"Point"},"id":"38901DDC-75AC-42DE-8C56-BC36EE67F39F","properties":{"borough":"Brooklyn","created_date":"2026-09-12T18:25:02.000","inspection_count":0,"latest_inspection_date":null,"latest_work_order_status":null,"latest_work_order_type":null,"max_risk_rating":null,"risk_assessment_count":0,"service_request_id":"38901DDC-75AC-42DE-8C56-BC36EE67F39F","source":"Department of Parks and Recreation - Public Web Site","status":"Open","work_order_count":0},"type":"Feature"},{"geometry":{"coordinates":[-74.003483,40.616306],"type":"Point"},"id":"38904F3A-1610-43E0-B326-3B913AC1EA5F","properties":{"borough":"Brooklyn","created_date":"2026-09-12T15:00:02.000","inspection_count":0,"latest_inspection_date":null,"latest_work_order_status":null,"latest_work_order_type":null,"max_risk_rating":null,"risk_assessment_count":0,"service_request_id":"38904F3A-1610-43E0-B326-3B913AC1EA5F","source":"Department of Parks and Recreation - Public Web Site","status":"Open","work_order_count":0},"type":"Feature"},{"geometry":{"coordinates":[-73.721759,40.75085],"type":"Point"},"id":"38A766F1-8DF9-4EAC-9F0E-BB65572534B5","properties":{"borough":"Queens","created_date":"2026-09-09T10:09:00.000","inspection_count":0,"latest_inspection_date":null,"latest_work_order_status":null,"latest_work_order_type":null,"max_risk_rating":null,"risk_assessment_count":0,"service_request_id":"38A766F1-8DF9-4EAC-9F0E-BB65572534B5","source":"3-1-1 Call Center","status":"Open","work_order_count":0},"type":"Feature"},{"geometry":{"coordinates":[-73.974177,40.785257],"type":"Point"},"id":"38A861AB-EE2B-413B-AA57-EBAEE1290D90","properties":{"borough":"Manhattan","created_date":"2026-09-07T12:35:02.000","inspection_count":0,"latest_inspection_date":null,"latest_work_order_status":null,"latest_work_order_type":null,"max_risk_rating":null,"risk_assessment_count":0,"service_request_id":"38A861AB-EE2B-413B-AA57-EBAEE1290D90","source":"Department of Parks and Recreation - Public Web Site","status":"Closed","work_order_count":0},"type":"Feature"},{"geometry":{"coordinates":[-73.866805,40.819923],"type":"Point"},"id":"38AA29C9-1C59-46D3-ABE1-2FD9BEE2548F","properties":{"borough":"Bronx","created_date":"2026-09-03T13:32:11.000","inspection_count":0,"latest_inspection_date":null,"latest_work_order_status":null,"latest_work_order_type":null,"max_risk_rating":null,"risk_assessment_count":0,"service_request_id":"38AA29C9-1C59-46D3-ABE1-2FD9BEE2548F","source":"Department of Parks and Recreation - Public Web Site","status":"Open","work_order_count":0},"type":"Feature"},{"geometry":{"coordinates":[-73.746466,40.596755],"type":"Point"},"id":"38CC0572-4FA2-4E26-BB17-A13F4F6B3BCE","properties":{"borough":"Queens","created_date":"2026-09-18T18:02:00.000","inspection_count":0,"latest_inspection_date":null,"latest_work_order_status":null,"latest_work_order_type":null,"max_risk_rating":null,"risk_assessment_count":0,"service_request_id":"38CC0572-4FA2-4E26-BB17-A13F4F6B3BCE","source":"3-1-1 Call Center","status":"Open","work_order_count":0},"type":"Feature"},{"geometry":{"coordinates":[-73.813533,40.703301],"type":"Point"},"id":"38CCDE58-E835-419E-960F-97A60ACD16BA","properties":{"borough":"Queens","created_date":"2026-09-18T01:33:00.000","inspection_count":0,"latest_inspection_date":null,"latest_work_order_status":null,"latest_work_order_type":null,"max_risk_rating":null,"risk_assessment_count":0,"service_request_id":"38CCDE58-E835-419E-960F-97A60ACD16BA","source":"3-1-1 Call Center","status":"Open","work_order_count":0},"type":"Feature"},{"geometry":{"coordinates":[-73.769888,40.750789],"type":"Point"},"id":"38E2D5D1-3207-4123-946B-7F04ACFB8C09","properties":{"borough":"Queens","created_date":"2026-09-02T23:05:00.000","inspection_count":0,"latest_inspection_date":null,"latest_work_order_status":null,"latest_work_order_type":null,"max_risk_rating":null,"risk_assessment_count":0,"service_request_id":"38E2D5D1-3207-4123-946B-7F04ACFB8C09","source":"3-1-1 Call Center","status":"Open","work_order_count":0},"type":"Feature"},{"geometry":{"coordinates":[-73.960412,40.675147],"type":"Point"},"id":"38F350DE-EAE8-4430-B814-818E374DC4C3","properties":{"borough":"Brooklyn","created_date":"2026-09-11T13:48:08.000","inspection_count":0,"latest_inspection_date":null,"latest_work_order_status":null,"latest_work_order_type":null,"max_risk_rating":null,"risk_assessment_count":0,"service_request_id":"38F350DE-EAE8-4430-B814-818E374DC4C3","source":"Department of Parks and Recreation - Public Web Site","status":"Open","work_order_count":0},"type":"Feature"},{"geometry":{"coordinates":[-73.943601,40.590617],"type":"Point"},"id":"38FE7183-77ED-42A1-867F-714B88ABB12D","properties":{"borough":"Brooklyn","created_date":"2026-09-11T03:54:52.000","inspection_count":0,"latest_inspection_date":null,"latest_work_order_status":null,"latest_work_order_type":null,"max_risk_rating":null,"risk_assessment_count":0,"service_request_id":"38FE7183-77ED-42A1-867F-714B88ABB12D","source":"Department of Parks and Recreation - Public Web Site","status":"Open","work_order_count":0},"type":"Feature"},{"geometry":{"coordinates":[-73.874524,40.705714],"type":"Point"},"id":"39053810-858E-4DE3-840A-7E4801B63FC6","properties":{"borough":"Queens","created_date":"2026-09-21T14:37:00.000","inspection_count":0,"latest_inspection_date":null,"latest_work_order_status":null,"latest_work_order_type":null,"max_risk_rating":null,"risk_assessment_count":0,"service_request_id":"39053810-858E-4DE3-840A-7E4801B63FC6","source":"3-1-1 Call Center","status":"Open","work_order_count":0},"type":"Feature"},{"geometry":{"coordinates":[-73.809794,40.691633],"type":"Point"},"id":"3917CE4C-5431-40A8-AC37-A810A7AF0F65","properties":{"borough":"Queens","created_date":"2026-09-03T01:06:00.000","inspection_count":0,"latest_inspection_date":null,"latest_work_order_status":null,"latest_work_order_type":null,"max_risk_rating":null,"risk_assessment_count":0,"service_request_id":"3917CE4C-5431-40A8-AC37-A810A7AF0F65","source":"3-1-1 Call Center","status":"Open","work_order_count":0},"type":"Feature"},{"geometry":{"coordinates":[-73.93825,40.680775],"type":"Point"},"id":"391A2EA4-4149-45A7-A949-C6A8C9326502","properties":{"borough":"Brooklyn","created_date":"2026-09-07T14:15:00.000","inspection_count":1,"latest_inspection_date":"2026-09-14T14:48:34.000","latest_work_order_status":"Closed","latest_work_order_type":"Limb Down","max_risk_rating":"8.0","risk_assessment_count":1,"service_request_id":"391A2EA4-4149-45A7-A949-C6A8C9326502","source":"3-1-1 Call Center","status":"Open","work_order_count":1},"type":"Feature"},{"geometry":{"coordinates":[-73.951299,40.708975],"type":"Point"},"id":"392A3495-2FB3-42AB-80D8-A6E34301FF80","properties":{"borough":"Brooklyn","created_date":"2026-09-02T21:13:00.000","inspection_count":0,"latest_inspection_date":null,"latest_work_order_status":null,"latest_work_order_type":null,"max_risk_rating":null,"risk_assessment_count":0,"service_request_id":"392A3495-2FB3-42AB-80D8-A6E34301FF80","source":"3-1-1 Call Center","status":"Closed","work_order_count":0},"type":"Feature"},{"geometry":{"coordinates":[-73.988834,40.595963],"type":"Point"},"id":"393CF267-DDDA-4975-9E8E-8F158D2A176C","properties":{"borough":"Brooklyn","created_date":"2026-09-25T17:28:00.000","inspection_count":0,"latest_inspection_date":null,"latest_work_order_status":null,"latest_work_order_type":null,"max_risk_rating":null,"risk_assessment_count":0,"service_request_id":"393CF267-DDDA-4975-9E8E-8F158D2A176C","source":"3-1-1 Call Center","status":"Open","work_order_count":0},"type":"Feature"},{"geometry":{"coordinates":[-73.974177,40.785257],"type":"Point"},"id":"39404F4D-F67D-4F29-8BF0-1391D348138A","properties":{"borough":"Manhattan","created_date":"2026-09-09T03:40:02.000","inspection_count":0,"latest_inspection_date":null,"latest_work_order_status":null,"latest_work_order_type":null,"max_risk_rating":null,"risk_assessment_count":0,"service_request_id":"39404F4D-F67D-4F29-8BF0-1391D348138A","source":"Department of Parks and Recreation - Public Web Site","status":"Closed","work_order_count":0},"type":"Feature"},{"geometry":{"coordinates":[-73.830543,40.681872],"type":"Point"},"id":"394C7BB8-6A13-46A0-848C-82405E47605E","properties":{"borough":"Queens","created_date":"2026-09-02T10:56:00.000","inspection_count":0,"latest_inspection_date":null,"latest_work_order_status":null,"latest_work_order_type":null,"max_risk_rating":null,"risk_assessment_count":0,"service_request_id":"394C7BB8-6A13-46A0-848C-82405E47605E","source":"3-1-1 Call Center","status":"Open","work_order_count":0},"type":"Feature"},{"geometry":{"coordinates":[-74.243077,40.502548],"type":"Point"},"id":"394EBC14-C46E-4932-B02C-DC291525E2A8","properties":{"borough":"Staten Island","created_date":"2026-09-14T17:22:00.000","inspection_count":0,"latest_inspection_date":null,"latest_work_order_status":null,"latest_work_order_type":null,"max_risk_rating":null,"risk_assessment_count":0,"service_request_id":"394EBC14-C46E-4932-B02C-DC291525E2A8","source":"3-1-1 Call Center","status":"Closed","work_order_count":0},"type":"Feature"},{"geometry":{"coordinates":[-73.774883,40.731492],"type":"Point"},"id":"3953257E-A294-4DFE-8496-8BC5FC3D947D","properties":{"borough":"Queens","created_date":"2026-09-23T20:28:00.000","inspection_count":0,"latest_inspection_date":null,"latest_work_order_status":null,"latest_work_order_type":null,"max_risk_rating":null,"risk_assessment_count":0,"service_request_id":"3953257E-A294-4DFE-8496-8BC5FC3D947D","source":"3-1-1 Call Center","status":"Open","work_order_count":0},"type":"Feature"},{"geometry":{"coordinates":[-74.074615,40.595053],"type":"Point"},"id":"39612B06-FDA1-4731-AF6E-157422179A6D","properties":{"borough":"Staten Island","created_date":"2026-09-20T19:31:00.000","inspection_count":0,"latest_inspection_date":null,"latest_work_order_status":null,"latest_work_order_type":null,"max_risk_rating":null,"risk_assessment_count":0,"service_request_id":"39612B06-FDA1-4731-AF6E-157422179A6D","source":"3-1-1 Call Center","status":"Closed","work_order_count":0},"type":"Feature"},{"geometry":{"coordinates":[-73.833866,40.70701],"type":"Point"},"id":"3964D615-C5D6-4793-9F49-81A37F0908E0","properties":{"borough":"Queens","created_date":"2026-09-24T20:18:00.000","inspection_count":0,"latest_inspection_date":null,"latest_work_order_status":null,"latest_work_order_type":null,"max_risk_rating":null,"risk_assessment_count":0,"service_request_id":"3964D615-C5D6-4793-9F49-81A37F0908E0","source":"3-1-1 Call Center","status":"Open","work_order_count":0},"type":"Feature"},{"geometry":{"coordinates":[-73.914701,40.640521],"type":"Point"},"id":"39725273-C04C-4711-96C4-107A69688728","properties":{"borough":"Brooklyn","created_date":"2026-09-23T16:39:00.000","inspection_count":0,"latest_inspection_date":null,"latest_work_order_status":null,"latest_work_order_type":null,"max_risk_rating":null,"risk_assessment_count":0,"service_request_id":"39725273-C04C-4711-96C4-107A69688728","source":"3-1-1 Call Center","status":"Open","work_order_count":0},"type":"Feature"},{"geometry":{"coordinates":[-73.790239,40.766149],"type":"Point"},"id":"39727318-E19F-44CC-BB34-CCE1C203C71D","properties":{"borough":"Queens","created_date":"2026-09-14T14:20:00.000","inspection_count":1,"latest_inspection_date":"2026-09-15T04:00:00.000","latest_work_order_status":null,"latest_work_order_type":null,"max_risk_rating":"7.0","risk_assessment_count":3,"service_request_id":"39727318-E19F-44CC-BB34-CCE1C203C71D","source":"3-1-1 Call Center","status":"Open","work_order_count":0},"type":"Feature"},{"geometry":{"coordinates":[-73.76428,40.712831],"type":"Point"},"id":"398D00C4-A11A-44EB-B089-8621D944BB44","properties":{"borough":"Queens","created_date":"2026-09-10T21:18:00.000","inspection_count":0,"latest_inspection_date":null,"latest_work_order_status":null,"latest_work_order_type":null,"max_risk_rating":null,"risk_assessment_count":0,"service_request_id":"398D00C4-A11A-44EB-B089-8621D944BB44","source":"3-1-1 Call Center","status":"Open","work_order_count":0},"type":"Feature"},{"geometry":{"coordinates":[-74.119462,40.568421],"type":"Point"},"id":"398D229B-2D02-4919-922E-EB32AB269C04","properties":{"borough":"Staten Island","created_date":"2026-09-08T16:50:00.000","inspection_count":0,"latest_inspection_date":null,"latest_work_order_status":null,"latest_work_order_type":null,"max_risk_rating":null,"risk_assessment_count":0,"service_request_id":"398D229B-2D02-4919-922E-EB32AB269C04","source":"3-1-1 Call Center","status":"Open","work_order_count":0},"type":"Feature"},{"geometry":{"coordinates":[-74.003483,40.616306],"type":"Point"},"id":"3994570B-E458-4DE0-901B-96518B43B22D","properties":{"borough":"Brooklyn","created_date":"2026-09-12T17:50:02.000","inspection_count":0,"latest_inspection_date":null,"latest_work_order_status":null,"latest_work_order_type":null,"max_risk_rating":null,"risk_assessment_count":0,"service_request_id":"3994570B-E458-4DE0-901B-96518B43B22D","source":"Department of Parks and Recreation - Public Web Site","status":"Open","work_order_count":0},"type":"Feature"},{"geometry":{"coordinates":[-73.995878,40.5728],"type":"Point"},"id":"3997F86D-E567-4908-8E33-7D3E3CA8B7E6","properties":{"borough":"Brooklyn","created_date":"2026-09-02T14:25:00.000","inspection_count":0,"latest_inspection_date":null,"latest_work_order_status":null,"latest_work_order_type":null,"max_risk_rating":null,"risk_assessment_count":0,"service_request_id":"3997F86D-E567-4908-8E33-7D3E3CA8B7E6","source":"3-1-1 Call Center","status":"Open","work_order_count":0},"type":"Feature"},{"geometry":{"coordinates":[-73.974177,40.785257],"type":"Point"},"id":"399BC59B-B130-41E4-85F5-828F86B1E7BE","properties":{"borough":"Manhattan","created_date":"2026-09-09T03:00:02.000","inspection_count":0,"latest_inspection_date":null,"latest_work_order_status":null,"latest_work_order_type":null,"max_risk_rating":null,"risk_assessment_count":0,"service_request_id":"399BC59B-B130-41E4-85F5-828F86B1E7BE","source":"Department of Parks and Recreation - Public Web Site","status":"Closed","work_order_count":0},"type":"Feature"},{"geometry":{"coordinates":[-73.961762,40.610637],"type":"Point"},"id":"399E2CA1-6FFD-439B-B00A-8247028BFC73","properties":{"borough":"Brooklyn","created_date":"2026-09-21T15:04:00.000","inspection_count":0,"latest_inspection_date":null,"latest_work_order_status":null,"latest_work_order_type":null,"max_risk_rating":null,"risk_assessment_count":0,"service_request_id":"399E2CA1-6FFD-439B-B00A-8247028BFC73","source":"3-1-1 Call Center","status":"Open","work_order_count":0},"type":"Feature"},{"geometry":{"coordinates":[-73.74883,40.699506],"type":"Point"},"id":"399E9E11-37FC-4764-9A7C-15FA0EB56EE0","properties":{"borough":"Queens","created_date":"2026-09-02T13:19:00.000","inspection_count":0,"latest_inspection_date":null,"latest_work_order_status":null,"latest_work_order_type":null,"max_risk_rating":null,"risk_assessment_count":0,"service_request_id":"399E9E11-37FC-4764-9A7C-15FA0EB56EE0","source":"3-1-1 Call Center","status":"Open","work_order_count":0},"type":"Feature"},{"geometry":{"coordinates":[-74.219089,40.548613],"type":"Point"},"id":"399FD245-943E-462B-959C-0E321744B58A","properties":{"borough":"Staten Island","created_date":"2026-09-21T22:00:15.000","inspection_count":0,"latest_inspection_date":null,"latest_work_order_status":null,"latest_work_order_type":null,"max_risk_rating":null,"risk_assessment_count":0,"service_request_id":"399FD245-943E-462B-959C-0E321744B58A","source":"Department of Parks and Recreation - Public Web Site","status":"Open","work_order_count":0},"type":"Feature"},{"geometry":{"coordinates":[-74.187416,40.590695],"type":"Point"},"id":"39ADFD66-D5AF-4E56-963D-FE1BA66F9AD0","properties":{"borough":"Staten Island","created_date":"2026-09-01T23:23:00.000","inspection_count":0,"latest_inspection_date":null,"latest_work_order_status":null,"latest_work_order_type":null,"max_risk_rating":null,"risk_assessment_count":0,"service_request_id":"39ADFD66-D5AF-4E56-963D-FE1BA66F9AD0","source":"3-1-1 Call Center","status":"Closed","work_order_count":0},"type":"Feature"},{"geometry":{"coordinates":[-73.770634,40.716473],"type":"Point"},"id":"39B595A4-3553-4B6E-A795-C91CE01C94AF","properties":{"borough":"Queens","created_date":"2026-09-16T01:22:00.000","inspection_count":0,"latest_inspection_date":null,"latest_work_order_status":null,"latest_work_order_type":null,"max_risk_rating":null,"risk_assessment_count":0,"service_request_id":"39B595A4-3553-4B6E-A795-C91CE01C94AF","source":"3-1-1 Call Center","status":"Open","work_order_count":0},"type":"Feature"},{"geometry":{"coordinates":[-73.743641,40.723838],"type":"Point"},"id":"39C9C8BF-34D7-4AD2-8790-AD57C5CF5E2C","properties":{"borough":"Queens","created_date":"2026-09-01T15:10:00.000","inspection_count":0,"latest_inspection_date":null,"latest_work_order_status":null,"latest_work_order_type":null,"max_risk_rating":null,"risk_assessment_count":0,"service_request_id":"39C9C8BF-34D7-4AD2-8790-AD57C5CF5E2C","source":"3-1-1 Call Center","status":"Open","work_order_count":0},"type":"Feature"},{"geometry":{"coordinates":[-73.947453,40.683343],"type":"Point"},"id":"39E32139-6275-4204-A109-F11E2A6E9519","properties":{"borough":"Brooklyn","created_date":"2026-09-09T18:57:55.000","inspection_count":0,"latest_inspection_date":null,"latest_work_order_status":null,"latest_work_order_type":null,"max_risk_rating":null,"risk_assessment_count":0,"service_request_id":"39E32139-6275-4204-A109-F11E2A6E9519","source":"Department of Parks and Recreation - Public Web Site","status":"Open","work_order_count":0},"type":"Feature"},{"geometry":{"coordinates":[-73.726253,40.733956],"type":"Point"},"id":"39E6E204-BCEE-404D-B3DF-E10C642B74DC","properties":{"borough":"Queens","created_date":"2026-09-12T15:57:00.000","inspection_count":0,"latest_inspection_date":null,"latest_work_order_status":null,"latest_work_order_type":null,"max_risk_rating":null,"risk_assessment_count":0,"service_request_id":"39E6E204-BCEE-404D-B3DF-E10C642B74DC","source":"3-1-1 Call Center","status":"Open","work_order_count":0},"type":"Feature"},{"geometry":{"coordinates":[-73.745491,40.705172],"type":"Point"},"id":"39FCA00A-42E6-48FD-8580-A5A28E9B0FA4","properties":{"borough":"Queens","created_date":"2026-09-25T17:03:00.000","inspection_count":0,"latest_inspection_date":null,"latest_work_order_status":null,"latest_work_order_type":null,"max_risk_rating":null,"risk_assessment_count":0,"service_request_id":"39FCA00A-42E6-48FD-8580-A5A28E9B0FA4","source":"3-1-1 Call Center","status":"Open","work_order_count":0},"type":"Feature"},{"geometry":{"coordinates":[-73.974177,40.785257],"type":"Point"},"id":"3A3610FC-2923-4A29-883B-2307F3B1FBB7","properties":{"borough":"Manhattan","created_date":"2026-09-08T11:15:01.000","inspection_count":0,"latest_inspection_date":null,"latest_work_order_status":null,"latest_work_order_type":null,"max_risk_rating":null,"risk_assessment_count":0,"service_request_id":"3A3610FC-2923-4A29-883B-2307F3B1FBB7","source":"Department of Parks and Recreation - Public Web Site","status":"Closed","work_order_count":0},"type":"Feature"},{"geometry":{"coordinates":[-73.848401,40.678628],"type":"Point"},"id":"3A37E375-5764-426D-87DC-23E44D7076BA","properties":{"borough":"Queens","created_date":"2026-09-24T15:29:04.000","inspection_count":0,"latest_inspection_date":null,"latest_work_order_status":null,"latest_work_order_type":null,"max_risk_rating":null,"risk_assessment_count":0,"service_request_id":"3A37E375-5764-426D-87DC-23E44D7076BA","source":"Department of Parks and Recreation - Public Web Site","status":"Open","work_order_count":0},"type":"Feature"},{"geometry":{"coordinates":[-73.726134,40.728634],"type":"Point"},"id":"3A412B1B-3F34-41E4-BF5E-3CC93FF21FB4","properties":{"borough":"Queens","created_date":"2026-09-02T14:17:00.000","inspection_count":0,"latest_inspection_date":null,"latest_work_order_status":null,"latest_work_order_type":null,"max_risk_rating":null,"risk_assessment_count":0,"service_request_id":"3A412B1B-3F34-41E4-BF5E-3CC93FF21FB4","source":"3-1-1 Call Center","status":"Open","work_order_count":0},"type":"Feature"},{"geometry":{"coordinates":[-73.806187,40.670904],"type":"Point"},"id":"3A584888-8EF0-493C-858B-77805F65FA0B","properties":{"borough":"Queens","created_date":"2026-09-14T16:34:00.000","inspection_count":0,"latest_inspection_date":null,"latest_work_order_status":null,"latest_work_order_type":null,"max_risk_rating":null,"risk_assessment_count":0,"service_request_id":"3A584888-8EF0-493C-858B-77805F65FA0B","source":"3-1-1 Call Center","status":"Open","work_order_count":0},"type":"Feature"},{"geometry":{"coordinates":[-73.974177,40.785257],"type":"Point"},"id":"3A649FF3-DCA8-44FC-9D49-D90B27ED1D73","properties":{"borough":"Manhattan","created_date":"2026-09-09T08:05:02.000","inspection_count":0,"latest_inspection_date":null,"latest_work_order_status":null,"latest_work_order_type":null,"max_risk_rating":null,"risk_assessment_count":0,"service_request_id":"3A649FF3-DCA8-44FC-9D49-D90B27ED1D73","source":"Department of Parks and Recreation - Public Web Site","status":"Closed","work_order_count":0},"type":"Feature"},{"geometry":{"coordinates":[-73.943163,40.686841],"type":"Point"},"id":"3A8725BF-4D78-4D92-BB05-176C9EE98998","properties":{"borough":"Brooklyn","created_date":"2026-09-17T12:30:24.000","inspection_count":0,"latest_inspection_date":null,"latest_work_order_status":null,"latest_work_order_type":null,"max_risk_rating":null,"risk_assessment_count":0,"service_request_id":"3A8725BF-4D78-4D92-BB05-176C9EE98998","source":"3-1-1 Call Center","status":"Open","work_order_count":0},"type":"Feature"},{"geometry":{"coordinates":[-73.83269,40.759958],"type":"Point"},"id":"3AB78E1D-7F86-4FC9-B5B6-CF4FEB66A718","properties":{"borough":"Queens","created_date":"2026-09-12T17:10:41.000","inspection_count":0,"latest_inspection_date":null,"latest_work_order_status":null,"latest_work_order_type":null,"max_risk_rating":null,"risk_assessment_count":0,"service_request_id":"3AB78E1D-7F86-4FC9-B5B6-CF4FEB66A718","source":"DPR -Public Tree Map","status":"Open","work_order_count":0},"type":"Feature"},{"geometry":{"coordinates":[-73.946097,40.687254],"type":"Point"},"id":"3AC36FBC-78F5-4167-B19F-BE90AC755318","properties":{"borough":"Brooklyn","created_date":"2026-09-23T16:54:36.000","inspection_count":0,"latest_inspection_date":null,"latest_work_order_status":null,"latest_work_order_type":null,"max_risk_rating":null,"risk_assessment_count":0,"service_request_id":"3AC36FBC-78F5-4167-B19F-BE90AC755318","source":"Department of Parks and Recreation - Public Web Site","status":"Open","work_order_count":0},"type":"Feature"},{"geometry":{"coordinates":[-73.820563,40.846459],"type":"Point"},"id":"3AC8C8ED-CF89-48E5-BEC1-4D0B1B6D7E66","properties":{"borough":"Bronx","created_date":"2026-09-02T14:53:24.000","inspection_count":0,"latest_inspection_date":null,"latest_work_order_status":null,"latest_work_order_type":null,"max_risk_rating":null,"risk_assessment_count":0,"service_request_id":"3AC8C8ED-CF89-48E5-BEC1-4D0B1B6D7E66","source":"3-1-1 Call Center","status":"Closed","work_order_count":0},"type":"Feature"},{"geometry":{"coordinates":[-73.864677,40.675952],"type":"Point"},"id":"3ACE9E78-2DEC-4B2A-BE58-418AFFC9119C","properties":{"borough":"Brooklyn","created_date":"2026-09-15T11:23:32.000","inspection_count":0,"latest_inspection_date":null,"latest_work_order_status":null,"latest_work_order_type":null,"max_risk_rating":null,"risk_assessment_count":0,"service_request_id":"3ACE9E78-2DEC-4B2A-BE58-418AFFC9119C","source":"3-1-1 Call Center","status":"Open","work_order_count":0},"type":"Feature"},{"geometry":{"coordinates":[-74.016558,40.617271],"type":"Point"},"id":"3AEAD0AC-DAAC-4263-9E46-58041BCE2207","properties":{"borough":"Brooklyn","created_date":"2026-09-13T16:54:55.000","inspection_count":0,"latest_inspection_date":null,"latest_work_order_status":null,"latest_work_order_type":null,"max_risk_rating":null,"risk_assessment_count":0,"service_request_id":"3AEAD0AC-DAAC-4263-9E46-58041BCE2207","source":"Department of Parks and Recreation - Public Web Site","status":"Open","work_order_count":0},"type":"Feature"},{"geometry":{"coordinates":[-73.816591,40.814946],"type":"Point"},"id":"3AFA0858-B35C-44DB-B010-06C9BEFCE7DF","properties":{"borough":"Bronx","created_date":"2026-09-21T19:31:46.000","inspection_count":0,"latest_inspection_date":null,"latest_work_order_status":null,"latest_work_order_type":null,"max_risk_rating":null,"risk_assessment_count":0,"service_request_id":"3AFA0858-B35C-44DB-B010-06C9BEFCE7DF","source":"3-1-1 Call Center","status":"Closed","work_order_count":0},"type":"Feature"},{"geometry":{"coordinates":[-73.98133,40.724481],"type":"Point"},"id":"3AFE953C-359C-4D68-9147-B3C8F201D144","properties":{"borough":"Manhattan","created_date":"2026-09-09T11:17:00.000","inspection_count":2,"latest_inspection_date":"2026-09-10T14:37:26.000","latest_work_order_status":"Closed","latest_work_order_type":"Tree Removal","max_risk_rating":"8.0","risk_assessment_count":2,"service_request_id":"3AFE953C-359C-4D68-9147-B3C8F201D144","source":"DPR -Public Tree Map","status":"Closed","work_order_count":1},"type":"Feature"},{"geometry":{"coordinates":[-73.751596,40.734401],"type":"Point"},"id":"3B0B7EA8-FC90-4FE1-9B0F-8F8E7160404F","properties":{"borough":"Queens","created_date":"2026-09-25T12:22:12.000","inspection_count":0,"latest_inspection_date":null,"latest_work_order_status":null,"latest_work_order_type":null,"max_risk_rating":null,"risk_assessment_count":0,"service_request_id":"3B0B7EA8-FC90-4FE1-9B0F-8F8E7160404F","source":"Department of Parks and Recreation - Public Web Site","status":"Open","work_order_count":0},"type":"Feature"},{"geometry":{"coordinates":[-73.754196,40.75049],"type":"Point"},"id":"3B137E0C-AEBA-4940-B4DD-6041228886E2","properties":{"borough":"Queens","created_date":"2026-09-18T17:09:20.000","inspection_count":0,"latest_inspection_date":null,"latest_work_order_status":null,"latest_work_order_type":null,"max_risk_rating":null,"risk_assessment_count":0,"service_request_id":"3B137E0C-AEBA-4940-B4DD-6041228886E2","source":"Department of Parks and Recreation - Public Web Site","status":"Open","work_order_count":0},"type":"Feature"},{"geometry":{"coordinates":[-73.977756,40.750874],"type":"Point"},"id":"3B3AAB09-92FD-4CDB-A399-349EAC897995","properties":{"borough":"Manhattan","created_date":"2026-09-24T16:32:51.000","inspection_count":0,"latest_inspection_date":null,"latest_work_order_status":null,"latest_work_order_type":null,"max_risk_rating":null,"risk_assessment_count":0,"service_request_id":"3B3AAB09-92FD-4CDB-A399-349EAC897995","source":"3-1-1 Call Center","status":"Open","work_order_count":0},"type":"Feature"},{"geometry":{"coordinates":[-73.89351,40.735069],"type":"Point"},"id":"3B47A8A9-4B60-48C6-842B-5A0AD924A982","properties":{"borough":"Queens","created_date":"2026-09-24T22:47:00.000","inspection_count":0,"latest_inspection_date":null,"latest_work_order_status":null,"latest_work_order_type":null,"max_risk_rating":null,"risk_assessment_count":0,"service_request_id":"3B47A8A9-4B60-48C6-842B-5A0AD924A982","source":"3-1-1 Call Center","status":"Open","work_order_count":0},"type":"Feature"},{"geometry":{"coordinates":[-73.829315,40.682509],"type":"Point"},"id":"3B4EA56C-8E43-4BE2-85AB-B74E7A321D4A","properties":{"borough":"Queens","created_date":"2026-09-09T20:58:00.000","inspection_count":0,"latest_inspection_date":null,"latest_work_order_status":null,"latest_work_order_type":null,"max_risk_rating":null,"risk_assessment_count":0,"service_request_id":"3B4EA56C-8E43-4BE2-85AB-B74E7A321D4A","source":"3-1-1 Call Center","status":"Open","work_order_count":0},"type":"Feature"},{"geometry":{"coordinates":[-73.974177,40.785257],"type":"Point"},"id":"3B578CC6-B339-4811-9E1F-0D1EC84436F9","properties":{"borough":"Manhattan","created_date":"2026-09-09T08:30:02.000","inspection_count":0,"latest_inspection_date":null,"latest_work_order_status":null,"latest_work_order_type":null,"max_risk_rating":null,"risk_assessment_count":0,"service_request_id":"3B578CC6-B339-4811-9E1F-0D1EC84436F9","source":"Department of Parks and Recreation - Public Web Site","status":"Closed","work_order_count":0},"type":"Feature"},{"geometry":{"coordinates":[-73.974177,40.785257],"type":"Point"},"id":"3B6ECAF2-082C-4E2F-9690-157B9B3B97EF","properties":{"borough":"Manhattan","created_date":"2026-09-09T13:20:02.000","inspection_count":0,"latest_inspection_date":null,"latest_work_order_status":null,"latest_work_order_type":null,"max_risk_rating":null,"risk_assessment_count":0,"service_request_id":"3B6ECAF2-082C-4E2F-9690-157B9B3B97EF","source":"Department of Parks and Recreation - Public Web Site","status":"Closed","work_order_count":0},"type":"Feature"},{"geometry":{"coordinates":[-73.96407,40.758526],"type":"Point"},"id":"3B9B596B-33FF-401C-BA3D-8809D1F613E8","properties":{"borough":"Manhattan","created_date":"2026-09-18T18:53:00.000","inspection_count":0,"latest_inspection_date":null,"latest_work_order_status":null,"latest_work_order_type":null,"max_risk_rating":null,"risk_assessment_count":0,"service_request_id":"3B9B596B-33FF-401C-BA3D-8809D1F613E8","source":"3-1-1 Call Center","status":"Open","work_order_count":0},"type":"Feature"},{"geometry":{"coordinates":[-73.746233,40.721321],"type":"Point"},"id":"3BABBC4E-9747-4AAF-9DBC-447E5AC173EE","properties":{"borough":"Queens","created_date":"2026-09-10T15:33:00.000","inspection_count":0,"latest_inspection_date":null,"latest_work_order_status":null,"latest_work_order_type":null,"max_risk_rating":null,"risk_assessment_count":0,"service_request_id":"3BABBC4E-9747-4AAF-9DBC-447E5AC173EE","source":"3-1-1 Call Center","status":"Open","work_order_count":0},"type":"Feature"},{"geometry":{"coordinates":[-73.816142,40.757981],"type":"Point"},"id":"3BB57D0B-9C8D-4213-86A5-FE4E5CD73F5E","properties":{"borough":"Queens","created_date":"2026-09-16T01:23:00.000","inspection_count":0,"latest_inspection_date":null,"latest_work_order_status":null,"latest_work_order_type":null,"max_risk_rating":null,"risk_assessment_count":0,"service_request_id":"3BB57D0B-9C8D-4213-86A5-FE4E5CD73F5E","source":"3-1-1 Call Center","status":"Open","work_order_count":0},"type":"Feature"},{"geometry":{"coordinates":[-73.901945,40.704089],"type":"Point"},"id":"3BC2AFB0-418E-4C95-8019-280B1A5685D3","properties":{"borough":"Queens","created_date":"2026-09-10T15:04:00.000","inspection_count":0,"latest_inspection_date":null,"latest_work_order_status":null,"latest_work_order_type":null,"max_risk_rating":null,"risk_assessment_count":0,"service_request_id":"3BC2AFB0-418E-4C95-8019-280B1A5685D3","source":"Department of Parks and Recreation - Public Web Site","status":"Open","work_order_count":0},"type":"Feature"},{"geometry":{"coordinates":[-73.782715,40.683177],"type":"Point"},"id":"3BC382CD-5A45-45D8-97FD-561CADCE1951","properties":{"borough":"Queens","created_date":"2026-09-11T12:32:00.000","inspection_count":0,"latest_inspection_date":null,"latest_work_order_status":null,"latest_work_order_type":null,"max_risk_rating":null,"risk_assessment_count":0,"service_request_id":"3BC382CD-5A45-45D8-97FD-561CADCE1951","source":"3-1-1 Call Center","status":"Open","work_order_count":0},"type":"Feature"},{"geometry":{"coordinates":[-73.805559,40.71447],"type":"Point"},"id":"3BD0A625-B0E9-4EA4-8421-353D8E253D1C","properties":{"borough":"Queens","created_date":"2026-09-11T18:20:00.000","inspection_count":0,"latest_inspection_date":null,"latest_work_order_status":null,"latest_work_order_type":null,"max_risk_rating":null,"risk_assessment_count":0,"service_request_id":"3BD0A625-B0E9-4EA4-8421-353D8E253D1C","source":"3-1-1 Call Center","status":"Open","work_order_count":0},"type":"Feature"},{"geometry":{"coordinates":[-73.995683,40.696132],"type":"Point"},"id":"3BE52B49-1440-4C04-9274-31B1F9B510B6","properties":{"borough":"Brooklyn","created_date":"2026-09-16T01:23:00.000","inspection_count":0,"latest_inspection_date":null,"latest_work_order_status":null,"latest_work_order_type":null,"max_risk_rating":null,"risk_assessment_count":0,"service_request_id":"3BE52B49-1440-4C04-9274-31B1F9B510B6","source":"3-1-1 Call Center","status":"Open","work_order_count":0},"type":"Feature"},{"geometry":{"coordinates":[-73.771753,40.702559],"type":"Point"},"id":"3BE8E3D5-ADE8-4D48-9899-7F46B3F41419","properties":{"borough":"Queens","created_date":"2026-09-24T13:51:00.000","inspection_count":0,"latest_inspection_date":null,"latest_work_order_status":null,"latest_work_order_type":null,"max_risk_rating":null,"risk_assessment_count":0,"service_request_id":"3BE8E3D5-ADE8-4D48-9899-7F46B3F41419","source":"3-1-1 Call Center","status":"Open","work_order_count":0},"type":"Feature"},{"geometry":{"coordinates":[-73.956231,40.713174],"type":"Point"},"id":"3BFA5B0C-743E-4BA4-81C2-8F446885C1CB","properties":{"borough":"Brooklyn","created_date":"2026-09-08T14:00:03.000","inspection_count":0,"latest_inspection_date":null,"latest_work_order_status":null,"latest_work_order_type":null,"max_risk_rating":null,"risk_assessment_count":0,"service_request_id":"3BFA5B0C-743E-4BA4-81C2-8F446885C1CB","source":"3-1-1 Call Center","status":"Open","work_order_count":0},"type":"Feature"},{"geometry":{"coordinates":[-73.896103,40.65045],"type":"Point"},"id":"3C012DD8-F9A2-4573-973F-70B527B9E07D","properties":{"borough":"Brooklyn","created_date":"2026-09-26T01:42:49.000","inspection_count":0,"latest_inspection_date":null,"latest_work_order_status":null,"latest_work_order_type":null,"max_risk_rating":null,"risk_assessment_count":0,"service_request_id":"3C012DD8-F9A2-4573-973F-70B527B9E07D","source":"Department of Parks and Recreation - Public Web Site","status":"Open","work_order_count":0},"type":"Feature"},{"geometry":{"coordinates":[-74.109141,40.628954],"type":"Point"},"id":"3C0AF20E-203B-4E65-9321-0976BBDCC6DA","properties":{"borough":"Staten Island","created_date":"2026-09-23T11:52:00.000","inspection_count":0,"latest_inspection_date":null,"latest_work_order_status":null,"latest_work_order_type":null,"max_risk_rating":null,"risk_assessment_count":0,"service_request_id":"3C0AF20E-203B-4E65-9321-0976BBDCC6DA","source":"3-1-1 Call Center","status":"Closed","work_order_count":0},"type":"Feature"},{"geometry":{"coordinates":[-73.840209,40.724086],"type":"Point"},"id":"3C130C82-9FB0-4B8B-BBD6-59A158DBD1BD","properties":{"borough":"Queens","created_date":"2026-09-01T20:42:00.000","inspection_count":0,"latest_inspection_date":null,"latest_work_order_status":null,"latest_work_order_type":null,"max_risk_rating":null,"risk_assessment_count":0,"service_request_id":"3C130C82-9FB0-4B8B-BBD6-59A158DBD1BD","source":"3-1-1 Call Center","status":"Open","work_order_count":0},"type":"Feature"},{"geometry":{"coordinates":[-73.974177,40.785257],"type":"Point"},"id":"3C15F0ED-1B25-4213-92F9-5991BA40A2C4","properties":{"borough":"Manhattan","created_date":"2026-09-08T03:40:02.000","inspection_count":0,"latest_inspection_date":null,"latest_work_order_status":null,"latest_work_order_type":null,"max_risk_rating":null,"risk_assessment_count":0,"service_request_id":"3C15F0ED-1B25-4213-92F9-5991BA40A2C4","source":"Department of Parks and Recreation - Public Web Site","status":"Closed","work_order_count":0},"type":"Feature"},{"geometry":{"coordinates":[-73.955547,40.80809],"type":"Point"},"id":"3C1BA82D-DB23-40F3-B75F-C99A5CB6F9C8","properties":{"borough":"Manhattan","created_date":"2026-09-16T13:26:17.000","inspection_count":0,"latest_inspection_date":null,"latest_work_order_status":null,"latest_work_order_type":null,"max_risk_rating":null,"risk_assessment_count":0,"service_request_id":"3C1BA82D-DB23-40F3-B75F-C99A5CB6F9C8","source":"DPR -Public Tree Map","status":"Open","work_order_count":0},"type":"Feature"},{"geometry":{"coordinates":[-74.182976,40.549716],"type":"Point"},"id":"3C364916-AE90-414C-8CCA-303C9C4BD87D","properties":{"borough":"Staten Island","created_date":"2026-09-12T22:31:00.000","inspection_count":0,"latest_inspection_date":null,"latest_work_order_status":null,"latest_work_order_type":null,"max_risk_rating":null,"risk_assessment_count":0,"service_request_id":"3C364916-AE90-414C-8CCA-303C9C4BD87D","source":"Department of Parks and Recreation - Public Web Site","status":"Open","work_order_count":0},"type":"Feature"},{"geometry":{"coordinates":[-73.858167,40.704153],"type":"Point"},"id":"3C5F7682-E1F3-4C94-91A7-090181984D89","properties":{"borough":"Queens","created_date":"2026-09-21T14:37:00.000","inspection_count":0,"latest_inspection_date":null,"latest_work_order_status":null,"latest_work_order_type":null,"max_risk_rating":null,"risk_assessment_count":0,"service_request_id":"3C5F7682-E1F3-4C94-91A7-090181984D89","source":"3-1-1 Call Center","status":"Open","work_order_count":0},"type":"Feature"},{"geometry":{"coordinates":[-73.761255,40.702299],"type":"Point"},"id":"3C62B0B3-E642-42EE-86DD-FAE0E1DDD7C2","properties":{"borough":"Queens","created_date":"2026-09-13T13:15:00.000","inspection_count":1,"latest_inspection_date":"2026-09-14T14:49:23.000","latest_work_order_status":"Closed","latest_work_order_type":"Limb Down","max_risk_rating":"7.0","risk_assessment_count":2,"service_request_id":"3C62B0B3-E642-42EE-86DD-FAE0E1DDD7C2","source":"3-1-1 Call Center","status":"Closed","work_order_count":1},"type":"Feature"},{"geometry":{"coordinates":[-73.882429,40.87855],"type":"Point"},"id":"3CBA0939-FBDA-4AAC-A657-38F5FCC872AB","properties":{"borough":"Bronx","created_date":"2026-09-24T13:31:24.000","inspection_count":0,"latest_inspection_date":null,"latest_work_order_status":null,"latest_work_order_type":null,"max_risk_rating":null,"risk_assessment_count":0,"service_request_id":"3CBA0939-FBDA-4AAC-A657-38F5FCC872AB","source":"3-1-1 Call Center","status":"Closed","work_order_count":0},"type":"Feature"},{"geometry":{"coordinates":[-73.778488,40.763863],"type":"Point"},"id":"3CBB9FC8-B99F-47E2-802B-CA1905EBEA05","properties":{"borough":"Queens","created_date":"2026-09-10T02:23:00.000","inspection_count":0,"latest_inspection_date":null,"latest_work_order_status":null,"latest_work_order_type":null,"max_risk_rating":null,"risk_assessment_count":0,"service_request_id":"3CBB9FC8-B99F-47E2-802B-CA1905EBEA05","source":"Department of Parks and Recreation - Public Web Site","status":"Open","work_order_count":0},"type":"Feature"},{"geometry":{"coordinates":[-73.88443,40.867175],"type":"Point"},"id":"3CC22E5B-2514-402C-9F81-C7C9825FC5A1","properties":{"borough":"Bronx","created_date":"2026-09-02T15:12:13.000","inspection_count":0,"latest_inspection_date":null,"latest_work_order_status":null,"latest_work_order_type":null,"max_risk_rating":null,"risk_assessment_count":0,"service_request_id":"3CC22E5B-2514-402C-9F81-C7C9825FC5A1","source":"Department of Parks and Recreation - Public Web Site","status":"Open","work_order_count":0},"type":"Feature"},{"geometry":{"coordinates":[-73.974177,40.785257],"type":"Point"},"id":"3CC59525-CB7E-42C0-8D37-0F60AAC661B4","properties":{"borough":"Manhattan","created_date":"2026-09-08T20:50:02.000","inspection_count":0,"latest_inspection_date":null,"latest_work_order_status":null,"latest_work_order_type":null,"max_risk_rating":null,"risk_assessment_count":0,"service_request_id":"3CC59525-CB7E-42C0-8D37-0F60AAC661B4","source":"Department of Parks and Recreation - Public Web Site","status":"Closed","work_order_count":0},"type":"Feature"},{"geometry":{"coordinates":[-73.769192,40.717359],"type":"Point"},"id":"3CCDDA20-27FB-48A3-838B-6E818F7C75C3","properties":{"borough":"Queens","created_date":"2026-09-02T13:51:00.000","inspection_count":0,"latest_inspection_date":null,"latest_work_order_status":null,"latest_work_order_type":null,"max_risk_rating":null,"risk_assessment_count":0,"service_request_id":"3CCDDA20-27FB-48A3-838B-6E818F7C75C3","source":"3-1-1 Call Center","status":"Open","work_order_count":0},"type":"Feature"},{"geometry":{"coordinates":[-73.749628,40.755896],"type":"Point"},"id":"3CF44B4E-7C42-43C8-AD10-14DF69429B01","properties":{"borough":"Queens","created_date":"2026-09-10T15:18:00.000","inspection_count":0,"latest_inspection_date":null,"latest_work_order_status":null,"latest_work_order_type":null,"max_risk_rating":null,"risk_assessment_count":0,"service_request_id":"3CF44B4E-7C42-43C8-AD10-14DF69429B01","source":"3-1-1 Call Center","status":"Open","work_order_count":0},"type":"Feature"},{"geometry":{"coordinates":[-73.983341,40.775567],"type":"Point"},"id":"3CF9E39D-D8F8-4B77-A79D-A7C7ED5A7B2E","properties":{"borough":"Manhattan","created_date":"2026-09-10T13:26:00.000","inspection_count":0,"latest_inspection_date":null,"latest_work_order_status":null,"latest_work_order_type":null,"max_risk_rating":null,"risk_assessment_count":0,"service_request_id":"3CF9E39D-D8F8-4B77-A79D-A7C7ED5A7B2E","source":"3-1-1 Call Center","status":"Open","work_order_count":0},"type":"Feature"},{"geometry":{"coordinates":[-73.974177,40.785257],"type":"Point"},"id":"3CFD366E-5C26-4D41-ACCC-1A2634CD8A1C","properties":{"borough":"Manhattan","created_date":"2026-09-07T16:30:02.000","inspection_count":0,"latest_inspection_date":null,"latest_work_order_status":null,"latest_work_order_type":null,"max_risk_rating":null,"risk_assessment_count":0,"service_request_id":"3CFD366E-5C26-4D41-ACCC-1A2634CD8A1C","source":"Department of Parks and Recreation - Public Web Site","status":"Closed","work_order_count":0},"type":"Feature"},{"geometry":{"coordinates":[-74.161764,40.558952],"type":"Point"},"id":"3D123DFA-7658-4E03-B7DF-B6B2A16760EA","properties":{"borough":"Staten Island","created_date":"2026-09-04T13:36:00.000","inspection_count":0,"latest_inspection_date":null,"latest_work_order_status":null,"latest_work_order_type":null,"max_risk_rating":null,"risk_assessment_count":0,"service_request_id":"3D123DFA-7658-4E03-B7DF-B6B2A16760EA","source":"3-1-1 Call Center","status":"Open","work_order_count":0},"type":"Feature"},{"geometry":{"coordinates":[-73.846575,40.776402],"type":"Point"},"id":"3D273ECC-871D-44AD-9FE9-584AD7754E67","properties":{"borough":"Queens","created_date":"2026-09-13T22:34:00.000","inspection_count":0,"latest_inspection_date":null,"latest_work_order_status":null,"latest_work_order_type":null,"max_risk_rating":null,"risk_assessment_count":0,"service_request_id":"3D273ECC-871D-44AD-9FE9-584AD7754E67","source":"3-1-1 Call Center","status":"Open","work_order_count":0},"type":"Feature"},{"geometry":{"coordinates":[-74.003483,40.616306],"type":"Point"},"id":"3D2F1A77-3467-4AE7-84A9-C858530BD47D","properties":{"borough":"Brooklyn","created_date":"2026-09-11T20:20:02.000","inspection_count":0,"latest_inspection_date":null,"latest_work_order_status":null,"latest_work_order_type":null,"max_risk_rating":null,"risk_assessment_count":0,"service_request_id":"3D2F1A77-3467-4AE7-84A9-C858530BD47D","source":"Department of Parks and Recreation - Public Web Site","status":"Open","work_order_count":0},"type":"Feature"},{"geometry":{"coordinates":[-74.003483,40.616306],"type":"Point"},"id":"3D326D2C-4EA5-41F7-871B-14035E2B2146","properties":{"borough":"Brooklyn","created_date":"2026-09-12T05:20:02.000","inspection_count":0,"latest_inspection_date":null,"latest_work_order_status":null,"latest_work_order_type":null,"max_risk_rating":null,"risk_assessment_count":0,"service_request_id":"3D326D2C-4EA5-41F7-871B-14035E2B2146","source":"Department of Parks and Recreation - Public Web Site","status":"Open","work_order_count":0},"type":"Feature"},{"geometry":{"coordinates":[-73.974177,40.785257],"type":"Point"},"id":"3D46B828-3F97-4176-9400-DDE2008C8B2F","properties":{"borough":"Manhattan","created_date":"2026-09-08T09:20:02.000","inspection_count":0,"latest_inspection_date":null,"latest_work_order_status":null,"latest_work_order_type":null,"max_risk_rating":null,"risk_assessment_count":0,"service_request_id":"3D46B828-3F97-4176-9400-DDE2008C8B2F","source":"Department of Parks and Recreation - Public Web Site","status":"Closed","work_order_count":0},"type":"Feature"},{"geometry":{"coordinates":[-73.965548,40.782493],"type":"Point"},"id":"3D4C0005-6BBB-46E7-8100-345CCB6373FA","properties":{"borough":"Manhattan","created_date":"2026-09-01T11:24:00.000","inspection_count":0,"latest_inspection_date":null,"latest_work_order_status":null,"latest_work_order_type":null,"max_risk_rating":null,"risk_assessment_count":0,"service_request_id":"3D4C0005-6BBB-46E7-8100-345CCB6373FA","source":"3-1-1 Call Center","status":"Closed","work_order_count":0},"type":"Feature"},{"geometry":{"coordinates":[-73.89484,40.68166],"type":"Point"},"id":"3D4E4381-99FB-4686-A3A8-4E05CDC0CE70","properties":{"borough":"Brooklyn","created_date":"2026-09-23T20:56:57.000","inspection_count":0,"latest_inspection_date":null,"latest_work_order_status":null,"latest_work_order_type":null,"max_risk_rating":null,"risk_assessment_count":0,"service_request_id":"3D4E4381-99FB-4686-A3A8-4E05CDC0CE70","source":"Department of Parks and Recreation - Public Web Site","status":"Open","work_order_count":0},"type":"Feature"},{"geometry":{"coordinates":[-74.160128,40.53851],"type":"Point"},"id":"3D4E5B64-D6BB-415E-8460-73C3CADAFC2E","properties":{"borough":"Staten Island","created_date":"2026-09-09T10:42:00.000","inspection_count":1,"latest_inspection_date":"2026-06-16T13:23:26.000","latest_work_order_status":null,"latest_work_order_type":null,"max_risk_rating":"6.0","risk_assessment_count":2,"service_request_id":"3D4E5B64-D6BB-415E-8460-73C3CADAFC2E","source":"3-1-1 Call Center","status":"Closed","work_order_count":0},"type":"Feature"},{"geometry":{"coordinates":[-73.98362,40.71359],"type":"Point"},"id":"3D509288-BC45-4055-922C-EE3AA0E3B920","properties":{"borough":"Manhattan","created_date":"2026-09-11T18:31:44.000","inspection_count":0,"latest_inspection_date":null,"latest_work_order_status":null,"latest_work_order_type":null,"max_risk_rating":null,"risk_assessment_count":0,"service_request_id":"3D509288-BC45-4055-922C-EE3AA0E3B920","source":"Department of Parks and Recreation - Public Web Site","status":"Open","work_order_count":0},"type":"Feature"},{"geometry":{"coordinates":[-74.003483,40.616306],"type":"Point"},"id":"3D6BD0EA-09F6-42E7-A2C4-E30701A7A7F8","properties":{"borough":"Brooklyn","created_date":"2026-09-12T19:20:02.000","inspection_count":0,"latest_inspection_date":null,"latest_work_order_status":null,"latest_work_order_type":null,"max_risk_rating":null,"risk_assessment_count":0,"service_request_id":"3D6BD0EA-09F6-42E7-A2C4-E30701A7A7F8","source":"Department of Parks and Recreation - Public Web Site","status":"Open","work_order_count":0},"type":"Feature"},{"geometry":{"coordinates":[-73.705432,40.742375],"type":"Point"},"id":"3D6D9BBD-946C-4A1E-BFF5-2D94C4D2D281","properties":{"borough":"Queens","created_date":"2026-09-01T18:51:00.000","inspection_count":0,"latest_inspection_date":null,"latest_work_order_status":null,"latest_work_order_type":null,"max_risk_rating":null,"risk_assessment_count":0,"service_request_id":"3D6D9BBD-946C-4A1E-BFF5-2D94C4D2D281","source":"3-1-1 Call Center","status":"Open","work_order_count":0},"type":"Feature"},{"geometry":{"coordinates":[-73.792474,40.763741],"type":"Point"},"id":"3D740914-1B68-4407-B853-65AFB8B3A823","properties":{"borough":"Queens","created_date":"2026-09-21T19:23:00.000","inspection_count":0,"latest_inspection_date":null,"latest_work_order_status":null,"latest_work_order_type":null,"max_risk_rating":null,"risk_assessment_count":0,"service_request_id":"3D740914-1B68-4407-B853-65AFB8B3A823","source":"3-1-1 Call Center","status":"Closed","work_order_count":0},"type":"Feature"},{"geometry":{"coordinates":[-73.945875,40.774251],"type":"Point"},"id":"3D8C9B7C-AE2C-4A37-AF9F-940C4558B298","properties":{"borough":"Manhattan","created_date":"2026-09-23T18:34:50.000","inspection_count":0,"latest_inspection_date":null,"latest_work_order_status":null,"latest_work_order_type":null,"max_risk_rating":null,"risk_assessment_count":0,"service_request_id":"3D8C9B7C-AE2C-4A37-AF9F-940C4558B298","source":"3-1-1 Call Center","status":"Closed","work_order_count":0},"type":"Feature"},{"geometry":{"coordinates":[-73.974177,40.785257],"type":"Point"},"id":"3D8EC738-96AF-479A-9C53-6D7BECC48314","properties":{"borough":"Manhattan","created_date":"2026-09-08T07:05:02.000","inspection_count":0,"latest_inspection_date":null,"latest_work_order_status":null,"latest_work_order_type":null,"max_risk_rating":null,"risk_assessment_count":0,"service_request_id":"3D8EC738-96AF-479A-9C53-6D7BECC48314","source":"Department of Parks and Recreation - Public Web Site","status":"Closed","work_order_count":0},"type":"Feature"},{"geometry":{"coordinates":[-73.81815,40.797017],"type":"Point"},"id":"3D9085FB-60D5-448B-ABA7-351FAF670A28","properties":{"borough":"Queens","created_date":"2026-09-10T18:23:00.000","inspection_count":0,"latest_inspection_date":null,"latest_work_order_status":null,"latest_work_order_type":null,"max_risk_rating":null,"risk_assessment_count":0,"service_request_id":"3D9085FB-60D5-448B-ABA7-351FAF670A28","source":"3-1-1 Call Center","status":"Open","work_order_count":0},"type":"Feature"},{"geometry":{"coordinates":[-73.974177,40.785257],"type":"Point"},"id":"3D9179C8-5A43-4055-AD47-8AD1A2260C47","properties":{"borough":"Manhattan","created_date":"2026-09-09T12:05:02.000","inspection_count":0,"latest_inspection_date":null,"latest_work_order_status":null,"latest_work_order_type":null,"max_risk_rating":null,"risk_assessment_count":0,"service_request_id":"3D9179C8-5A43-4055-AD47-8AD1A2260C47","source":"Department of Parks and Recreation - Public Web Site","status":"Closed","work_order_count":0},"type":"Feature"},{"geometry":{"coordinates":[-73.767957,40.701017],"type":"Point"},"id":"3D9D196B-2039-4F8F-B364-5CD0F767C321","properties":{"borough":"Queens","created_date":"2026-09-02T12:43:00.000","inspection_count":0,"latest_inspection_date":null,"latest_work_order_status":null,"latest_work_order_type":null,"max_risk_rating":null,"risk_assessment_count":0,"service_request_id":"3D9D196B-2039-4F8F-B364-5CD0F767C321","source":"3-1-1 Call Center","status":"Open","work_order_count":0},"type":"Feature"},{"geometry":{"coordinates":[-74.113529,40.630912],"type":"Point"},"id":"3DB12860-CC99-4F82-AF63-8864A10E5B32","properties":{"borough":"Staten Island","created_date":"2026-09-02T14:49:00.000","inspection_count":0,"latest_inspection_date":null,"latest_work_order_status":null,"latest_work_order_type":null,"max_risk_rating":null,"risk_assessment_count":0,"service_request_id":"3DB12860-CC99-4F82-AF63-8864A10E5B32","source":"Correspondence","status":"Closed","work_order_count":0},"type":"Feature"},{"geometry":{"coordinates":[-73.89275,40.662588],"type":"Point"},"id":"3DB72B9A-AC2B-4B28-A197-11DC5B92E8EF","properties":{"borough":"Brooklyn","created_date":"2026-09-13T18:22:03.000","inspection_count":0,"latest_inspection_date":null,"latest_work_order_status":null,"latest_work_order_type":null,"max_risk_rating":null,"risk_assessment_count":0,"service_request_id":"3DB72B9A-AC2B-4B28-A197-11DC5B92E8EF","source":"3-1-1 Call Center","status":"Open","work_order_count":0},"type":"Feature"},{"geometry":{"coordinates":[-74.17329,40.54332],"type":"Point"},"id":"3DC13397-B829-4884-B905-D3D700589218","properties":{"borough":"Staten Island","created_date":"2026-09-08T16:57:16.000","inspection_count":0,"latest_inspection_date":null,"latest_work_order_status":null,"latest_work_order_type":null,"max_risk_rating":null,"risk_assessment_count":0,"service_request_id":"3DC13397-B829-4884-B905-D3D700589218","source":"Department of Parks and Recreation - Public Web Site","status":"Open","work_order_count":0},"type":"Feature"},{"geometry":{"coordinates":[-73.974177,40.785257],"type":"Point"},"id":"3DC9AFDD-3C99-4F62-A6A7-4CE5EB392DBE","properties":{"borough":"Manhattan","created_date":"2026-09-09T04:00:02.000","inspection_count":0,"latest_inspection_date":null,"latest_work_order_status":null,"latest_work_order_type":null,"max_risk_rating":null,"risk_assessment_count":0,"service_request_id":"3DC9AFDD-3C99-4F62-A6A7-4CE5EB392DBE","source":"Department of Parks and Recreation - Public Web Site","status":"Closed","work_order_count":0},"type":"Feature"},{"geometry":{"coordinates":[-73.974177,40.785257],"type":"Point"},"id":"3DCD996F-3828-48AA-9065-A43CEA0260D6","properties":{"borough":"Manhattan","created_date":"2026-09-08T22:45:02.000","inspection_count":0,"latest_inspection_date":null,"latest_work_order_status":null,"latest_work_order_type":null,"max_risk_rating":null,"risk_assessment_count":0,"service_request_id":"3DCD996F-3828-48AA-9065-A43CEA0260D6","source":"Department of Parks and Recreation - Public Web Site","status":"Closed","work_order_count":0},"type":"Feature"},{"geometry":{"coordinates":[-73.89586,40.663098],"type":"Point"},"id":"3DF916F1-FC94-41C3-845B-230D86500E74","properties":{"borough":"Brooklyn","created_date":"2026-09-23T03:40:00.000","inspection_count":1,"latest_inspection_date":"2026-09-08T18:50:11.000","latest_work_order_status":null,"latest_work_order_type":null,"max_risk_rating":"8.0","risk_assessment_count":1,"service_request_id":"3DF916F1-FC94-41C3-845B-230D86500E74","source":"3-1-1 Call Center","status":"Closed","work_order_count":0},"type":"Feature"},{"geometry":{"coordinates":[-73.875612,40.760855],"type":"Point"},"id":"3E023A27-6BC0-463D-8860-610908DE757D","properties":{"borough":"Queens","created_date":"2026-09-17T20:03:30.000","inspection_count":0,"latest_inspection_date":null,"latest_work_order_status":null,"latest_work_order_type":null,"max_risk_rating":null,"risk_assessment_count":0,"service_request_id":"3E023A27-6BC0-463D-8860-610908DE757D","source":"Department of Parks and Recreation - Public Web Site","status":"Open","work_order_count":0},"type":"Feature"},{"geometry":{"coordinates":[-73.945875,40.774251],"type":"Point"},"id":"3E0ED66B-88D0-4716-B7E1-AEF4D1F42903","properties":{"borough":"Manhattan","created_date":"2026-09-23T21:19:32.000","inspection_count":0,"latest_inspection_date":null,"latest_work_order_status":null,"latest_work_order_type":null,"max_risk_rating":null,"risk_assessment_count":0,"service_request_id":"3E0ED66B-88D0-4716-B7E1-AEF4D1F42903","source":"Department of Parks and Recreation - Public Web Site","status":"Closed","work_order_count":0},"type":"Feature"},{"geometry":{"coordinates":[-74.003483,40.616306],"type":"Point"},"id":"3E178993-CA29-4AA1-B83F-0F6B2555028E","properties":{"borough":"Brooklyn","created_date":"2026-09-12T16:10:02.000","inspection_count":0,"latest_inspection_date":null,"latest_work_order_status":null,"latest_work_order_type":null,"max_risk_rating":null,"risk_assessment_count":0,"service_request_id":"3E178993-CA29-4AA1-B83F-0F6B2555028E","source":"Department of Parks and Recreation - Public Web Site","status":"Open","work_order_count":0},"type":"Feature"},{"geometry":{"coordinates":[-74.003483,40.616306],"type":"Point"},"id":"3E25A7F4-D6A9-4020-B28B-DED250645F53","properties":{"borough":"Brooklyn","created_date":"2026-09-11T21:40:02.000","inspection_count":0,"latest_inspection_date":null,"latest_work_order_status":null,"latest_work_order_type":null,"max_risk_rating":null,"risk_assessment_count":0,"service_request_id":"3E25A7F4-D6A9-4020-B28B-DED250645F53","source":"Department of Parks and Recreation - Public Web Site","status":"Open","work_order_count":0},"type":"Feature"},{"geometry":{"coordinates":[-73.974177,40.785257],"type":"Point"},"id":"3E3604C6-156B-4D0D-8321-CBE84E22024F","properties":{"borough":"Manhattan","created_date":"2026-09-09T01:20:02.000","inspection_count":0,"latest_inspection_date":null,"latest_work_order_status":null,"latest_work_order_type":null,"max_risk_rating":null,"risk_assessment_count":0,"service_request_id":"3E3604C6-156B-4D0D-8321-CBE84E22024F","source":"Department of Parks and Recreation - Public Web Site","status":"Closed","work_order_count":0},"type":"Feature"},{"geometry":{"coordinates":[-73.94095,40.68934],"type":"Point"},"id":"3E50507B-9BBA-4D86-B4EE-246FF238F4A1","properties":{"borough":"Brooklyn","created_date":"2026-09-23T15:32:30.000","inspection_count":0,"latest_inspection_date":null,"latest_work_order_status":null,"latest_work_order_type":null,"max_risk_rating":null,"risk_assessment_count":0,"service_request_id":"3E50507B-9BBA-4D86-B4EE-246FF238F4A1","source":"3-1-1 Call Center","status":"Closed","work_order_count":0},"type":"Feature"},{"geometry":{"coordinates":[-73.798729,40.748406],"type":"Point"},"id":"3E5214B1-A86A-4BB1-9173-1D19AF8ED87D","properties":{"borough":"Queens","created_date":"2026-09-24T11:15:00.000","inspection_count":0,"latest_inspection_date":null,"latest_work_order_status":null,"latest_work_order_type":null,"max_risk_rating":null,"risk_assessment_count":0,"service_request_id":"3E5214B1-A86A-4BB1-9173-1D19AF8ED87D","source":"3-1-1 Call Center","status":"Open","work_order_count":0},"type":"Feature"},{"geometry":{"coordinates":[-73.851226,40.690727],"type":"Point"},"id":"3E5484BC-5088-4651-BA0C-3B99D331BA4D","properties":{"borough":"Queens","created_date":"2026-09-03T22:54:32.000","inspection_count":0,"latest_inspection_date":null,"latest_work_order_status":null,"latest_work_order_type":null,"max_risk_rating":null,"risk_assessment_count":0,"service_request_id":"3E5484BC-5088-4651-BA0C-3B99D331BA4D","source":"3-1-1 Call Center","status":"Closed","work_order_count":0},"type":"Feature"},{"geometry":{"coordinates":[-73.785439,40.67603],"type":"Point"},"id":"3E6F5920-F5C9-4483-9B16-6E160AF484CC","properties":{"borough":"Queens","created_date":"2026-09-05T18:49:00.000","inspection_count":0,"latest_inspection_date":null,"latest_work_order_status":null,"latest_work_order_type":null,"max_risk_rating":null,"risk_assessment_count":0,"service_request_id":"3E6F5920-F5C9-4483-9B16-6E160AF484CC","source":"3-1-1 Call Center","status":"Closed","work_order_count":0},"type":"Feature"},{"geometry":{"coordinates":[-74.199346,40.547751],"type":"Point"},"id":"3E88E4E4-8F80-49D8-A3A5-6B4D1595561E","properties":{"borough":"Staten Island","created_date":"2026-09-06T14:08:00.000","inspection_count":0,"latest_inspection_date":null,"latest_work_order_status":null,"latest_work_order_type":null,"max_risk_rating":null,"risk_assessment_count":0,"service_request_id":"3E88E4E4-8F80-49D8-A3A5-6B4D1595561E","source":"3-1-1 Call Center","status":"Open","work_order_count":0},"type":"Feature"},{"geometry":{"coordinates":[-74.1648,40.558129],"type":"Point"},"id":"3E8D1037-161C-41F9-B96C-D903F6814532","properties":{"borough":"Staten Island","created_date":"2026-09-19T16:44:00.000","inspection_count":0,"latest_inspection_date":null,"latest_work_order_status":null,"latest_work_order_type":null,"max_risk_rating":null,"risk_assessment_count":0,"service_request_id":"3E8D1037-161C-41F9-B96C-D903F6814532","source":"Department of Parks and Recreation - Public Web Site","status":"Open","work_order_count":0},"type":"Feature"},{"geometry":{"coordinates":[-73.952513,40.772039],"type":"Point"},"id":"3E9EBD9D-1394-4F52-AF88-95008AFDFF22","properties":{"borough":"Manhattan","created_date":"2026-09-13T20:08:00.000","inspection_count":0,"latest_inspection_date":null,"latest_work_order_status":null,"latest_work_order_type":null,"max_risk_rating":null,"risk_assessment_count":0,"service_request_id":"3E9EBD9D-1394-4F52-AF88-95008AFDFF22","source":"Department of Parks and Recreation - Public Web Site","status":"Open","work_order_count":0},"type":"Feature"},{"geometry":{"coordinates":[-73.974177,40.785257],"type":"Point"},"id":"3ECF5FD1-37C7-4018-8191-179DE3E82FBD","properties":{"borough":"Manhattan","created_date":"2026-09-08T19:35:02.000","inspection_count":0,"latest_inspection_date":null,"latest_work_order_status":null,"latest_work_order_type":null,"max_risk_rating":null,"risk_assessment_count":0,"service_request_id":"3ECF5FD1-37C7-4018-8191-179DE3E82FBD","source":"Department of Parks and Recreation - Public Web Site","status":"Closed","work_order_count":0},"type":"Feature"},{"geometry":{"coordinates":[-73.974177,40.785257],"type":"Point"},"id":"3EDE7931-1C7C-4FF7-B2B4-7D7627FC87E8","properties":{"borough":"Manhattan","created_date":"2026-09-09T11:50:02.000","inspection_count":0,"latest_inspection_date":null,"latest_work_order_status":null,"latest_work_order_type":null,"max_risk_rating":null,"risk_assessment_count":0,"service_request_id":"3EDE7931-1C7C-4FF7-B2B4-7D7627FC87E8","source":"Department of Parks and Recreation - Public Web Site","status":"Closed","work_order_count":0},"type":"Feature"},{"geometry":{"coordinates":[-73.901856,40.705749],"type":"Point"},"id":"3EEAB6EB-2F28-4F04-8BAD-102E57E15D49","properties":{"borough":"Queens","created_date":"2026-09-01T16:02:00.000","inspection_count":0,"latest_inspection_date":null,"latest_work_order_status":null,"latest_work_order_type":null,"max_risk_rating":null,"risk_assessment_count":0,"service_request_id":"3EEAB6EB-2F28-4F04-8BAD-102E57E15D49","source":"3-1-1 Call Center","status":"Open","work_order_count":0},"type":"Feature"},{"geometry":{"coordinates":[-73.896603,40.825761],"type":"Point"},"id":"3F016E9A-0E2D-40CD-B1F7-7B9C2BF179A1","properties":{"borough":"Bronx","created_date":"2026-09-09T11:32:56.000","inspection_count":1,"latest_inspection_date":"2026-09-10T14:24:03.000","latest_work_order_status":"Closed","latest_work_order_type":"Limb Down","max_risk_rating":null,"risk_assessment_count":0,"service_request_id":"3F016E9A-0E2D-40CD-B1F7-7B9C2BF179A1","source":"3-1-1 Call Center","status":"Closed","work_order_count":1},"type":"Feature"},{"geometry":{"coordinates":[-74.245055,40.508623],"type":"Point"},"id":"3F034C25-CAD2-498F-96D8-E8F7E305CEB3","properties":{"borough":"Staten Island","created_date":"2026-09-07T18:23:00.000","inspection_count":1,"latest_inspection_date":"2026-09-09T14:01:24.000","latest_work_order_status":null,"latest_work_order_type":null,"max_risk_rating":"6.0","risk_assessment_count":1,"service_request_id":"3F034C25-CAD2-498F-96D8-E8F7E305CEB3","source":"3-1-1 Call Center","status":"Closed","work_order_count":0},"type":"Feature"},{"geometry":{"coordinates":[-73.974177,40.785257],"type":"Point"},"id":"3F168A63-92B3-4C95-8E36-25BE4D9FBCCD","properties":{"borough":"Manhattan","created_date":"2026-09-09T11:25:02.000","inspection_count":0,"latest_inspection_date":null,"latest_work_order_status":null,"latest_work_order_type":null,"max_risk_rating":null,"risk_assessment_count":0,"service_request_id":"3F168A63-92B3-4C95-8E36-25BE4D9FBCCD","source":"Department of Parks and Recreation - Public Web Site","status":"Closed","work_order_count":0},"type":"Feature"},{"geometry":{"coordinates":[-73.975399,40.674986],"type":"Point"},"id":"3F1CB073-6D25-48AF-93ED-0F512E3D970C","properties":{"borough":"Brooklyn","created_date":"2026-09-23T19:29:00.000","inspection_count":0,"latest_inspection_date":null,"latest_work_order_status":null,"latest_work_order_type":null,"max_risk_rating":null,"risk_assessment_count":0,"service_request_id":"3F1CB073-6D25-48AF-93ED-0F512E3D970C","source":"3-1-1 Call Center","status":"Closed","work_order_count":0},"type":"Feature"},{"geometry":{"coordinates":[-73.787119,40.724514],"type":"Point"},"id":"3F2BFF10-1D07-4061-BCE8-F8EA37CA0680","properties":{"borough":"Queens","created_date":"2026-09-25T02:47:00.000","inspection_count":0,"latest_inspection_date":null,"latest_work_order_status":null,"latest_work_order_type":null,"max_risk_rating":null,"risk_assessment_count":0,"service_request_id":"3F2BFF10-1D07-4061-BCE8-F8EA37CA0680","source":"3-1-1 Call Center","status":"Open","work_order_count":0},"type":"Feature"},{"geometry":{"coordinates":[-74.115264,40.605192],"type":"Point"},"id":"3F334E7B-9EAD-4CE6-B7F4-75654483A4E8","properties":{"borough":"Staten Island","created_date":"2026-09-25T15:37:00.000","inspection_count":0,"latest_inspection_date":null,"latest_work_order_status":null,"latest_work_order_type":null,"max_risk_rating":null,"risk_assessment_count":0,"service_request_id":"3F334E7B-9EAD-4CE6-B7F4-75654483A4E8","source":"3-1-1 Call Center","status":"Closed","work_order_count":0},"type":"Feature"},{"geometry":{"coordinates":[-73.974177,40.785257],"type":"Point"},"id":"3F4A6659-1A5B-4A98-998B-F6F25D3D59E9","properties":{"borough":"Manhattan","created_date":"2026-09-08T20:05:02.000","inspection_count":0,"latest_inspection_date":null,"latest_work_order_status":null,"latest_work_order_type":null,"max_risk_rating":null,"risk_assessment_count":0,"service_request_id":"3F4A6659-1A5B-4A98-998B-F6F25D3D59E9","source":"Department of Parks and Recreation - Public Web Site","status":"Closed","work_order_count":0},"type":"Feature"},{"geometry":{"coordinates":[-73.993431,40.684102],"type":"Point"},"id":"3F5AA56B-FBA2-43B5-BFB6-73B8201AECBE","properties":{"borough":"Brooklyn","created_date":"2026-09-23T17:12:00.000","inspection_count":0,"latest_inspection_date":null,"latest_work_order_status":null,"latest_work_order_type":null,"max_risk_rating":null,"risk_assessment_count":0,"service_request_id":"3F5AA56B-FBA2-43B5-BFB6-73B8201AECBE","source":"3-1-1 Call Center","status":"Closed","work_order_count":0},"type":"Feature"},{"geometry":{"coordinates":[-73.974177,40.785257],"type":"Point"},"id":"3F69C7ED-F7F2-4BF3-9EAA-09D4B2579245","properties":{"borough":"Manhattan","created_date":"2026-09-09T14:35:02.000","inspection_count":0,"latest_inspection_date":null,"latest_work_order_status":null,"latest_work_order_type":null,"max_risk_rating":null,"risk_assessment_count":0,"service_request_id":"3F69C7ED-F7F2-4BF3-9EAA-09D4B2579245","source":"Department of Parks and Recreation - Public Web Site","status":"Closed","work_order_count":0},"type":"Feature"},{"geometry":{"coordinates":[-73.732343,40.716223],"type":"Point"},"id":"3F73EEC3-C54F-4B39-8088-B9D5345DC1AE","properties":{"borough":"Queens","created_date":"2026-09-16T01:22:00.000","inspection_count":0,"latest_inspection_date":null,"latest_work_order_status":null,"latest_work_order_type":null,"max_risk_rating":null,"risk_assessment_count":0,"service_request_id":"3F73EEC3-C54F-4B39-8088-B9D5345DC1AE","source":"3-1-1 Call Center","status":"Open","work_order_count":0},"type":"Feature"},{"geometry":{"coordinates":[-73.919073,40.755226],"type":"Point"},"id":"3F824509-A41E-46AD-B2EE-958C49177986","properties":{"borough":"Queens","created_date":"2026-09-16T14:21:00.000","inspection_count":0,"latest_inspection_date":null,"latest_work_order_status":null,"latest_work_order_type":null,"max_risk_rating":null,"risk_assessment_count":0,"service_request_id":"3F824509-A41E-46AD-B2EE-958C49177986","source":"3-1-1 Call Center","status":"Open","work_order_count":0},"type":"Feature"},{"geometry":{"coordinates":[-73.880162,40.655606],"type":"Point"},"id":"3FA82079-A203-42A9-8176-5246E07794E7","properties":{"borough":"Brooklyn","created_date":"2026-09-16T17:51:21.000","inspection_count":0,"latest_inspection_date":null,"latest_work_order_status":null,"latest_work_order_type":null,"max_risk_rating":null,"risk_assessment_count":0,"service_request_id":"3FA82079-A203-42A9-8176-5246E07794E7","source":"Department of Parks and Recreation - Public Web Site","status":"Open","work_order_count":0},"type":"Feature"},{"geometry":{"coordinates":[-73.881337,40.742479],"type":"Point"},"id":"3FAC762E-C992-4269-83F0-F98459D98C01","properties":{"borough":"Queens","created_date":"2026-09-07T19:31:00.000","inspection_count":0,"latest_inspection_date":null,"latest_work_order_status":null,"latest_work_order_type":null,"max_risk_rating":null,"risk_assessment_count":0,"service_request_id":"3FAC762E-C992-4269-83F0-F98459D98C01","source":"3-1-1 Call Center","status":"Open","work_order_count":0},"type":"Feature"},{"geometry":{"coordinates":[-73.827865,40.87987],"type":"Point"},"id":"3FB7D753-107F-400F-9A7A-D893AF18CB1F","properties":{"borough":"Bronx","created_date":"2026-09-17T19:30:43.000","inspection_count":0,"latest_inspection_date":null,"latest_work_order_status":null,"latest_work_order_type":null,"max_risk_rating":null,"risk_assessment_count":0,"service_request_id":"3FB7D753-107F-400F-9A7A-D893AF18CB1F","source":"3-1-1 Call Center","status":"Closed","work_order_count":0},"type":"Feature"},{"geometry":{"coordinates":[-73.796951,40.773995],"type":"Point"},"id":"3FBB8AAC-A59B-434D-AE83-65E065D6F2AB","properties":{"borough":"Queens","created_date":"2026-09-22T20:22:00.000","inspection_count":0,"latest_inspection_date":null,"latest_work_order_status":null,"latest_work_order_type":null,"max_risk_rating":null,"risk_assessment_count":0,"service_request_id":"3FBB8AAC-A59B-434D-AE83-65E065D6F2AB","source":"3-1-1 Call Center","status":"Open","work_order_count":0},"type":"Feature"},{"geometry":{"coordinates":[-73.940016,40.613836],"type":"Point"},"id":"3FC3A55F-0F9C-4E81-934D-E95E083600EC","properties":{"borough":"Brooklyn","created_date":"2026-09-10T18:18:46.000","inspection_count":0,"latest_inspection_date":null,"latest_work_order_status":null,"latest_work_order_type":null,"max_risk_rating":null,"risk_assessment_count":0,"service_request_id":"3FC3A55F-0F9C-4E81-934D-E95E083600EC","source":"3-1-1 Call Center","status":"Open","work_order_count":0},"type":"Feature"},{"geometry":{"coordinates":[-73.732509,40.76211],"type":"Point"},"id":"3FCE631B-A3CD-4637-B466-DC4CA22D2AC1","properties":{"borough":"Queens","created_date":"2026-09-08T16:53:00.000","inspection_count":0,"latest_inspection_date":null,"latest_work_order_status":null,"latest_work_order_type":null,"max_risk_rating":null,"risk_assessment_count":0,"service_request_id":"3FCE631B-A3CD-4637-B466-DC4CA22D2AC1","source":"3-1-1 Call Center","status":"Closed","work_order_count":0},"type":"Feature"},{"geometry":{"coordinates":[-73.965099,40.682669],"type":"Point"},"id":"3FE27E75-A6F0-415B-BFE3-6C2C4C66A4D0","properties":{"borough":"Brooklyn","created_date":"2026-09-18T15:19:48.000","inspection_count":0,"latest_inspection_date":null,"latest_work_order_status":null,"latest_work_order_type":null,"max_risk_rating":null,"risk_assessment_count":0,"service_request_id":"3FE27E75-A6F0-415B-BFE3-6C2C4C66A4D0","source":"Department of Parks and Recreation - Public Web Site","status":"Open","work_order_count":0},"type":"Feature"},{"geometry":{"coordinates":[-73.918744,40.870828],"type":"Point"},"id":"3FFC0B28-BDB0-4BCE-AFFF-9582C1028F36","properties":{"borough":"Manhattan","created_date":"2026-09-25T23:59:29.000","inspection_count":0,"latest_inspection_date":null,"latest_work_order_status":null,"latest_work_order_type":null,"max_risk_rating":null,"risk_assessment_count":0,"service_request_id":"3FFC0B28-BDB0-4BCE-AFFF-9582C1028F36","source":"DPR -Public Tree Map","status":"Open","work_order_count":0},"type":"Feature"},{"geometry":{"coordinates":[-73.895376,40.704805],"type":"Point"},"id":"4000E8CB-56B2-4C3B-B6FC-C0532C5B2D0E","properties":{"borough":"Queens","created_date":"2026-09-09T15:01:00.000","inspection_count":0,"latest_inspection_date":null,"latest_work_order_status":null,"latest_work_order_type":null,"max_risk_rating":null,"risk_assessment_count":0,"service_request_id":"4000E8CB-56B2-4C3B-B6FC-C0532C5B2D0E","source":"DPR -Public Tree Map","status":"Open","work_order_count":0},"type":"Feature"},{"geometry":{"coordinates":[-74.198282,40.549246],"type":"Point"},"id":"40053CB5-E034-47D3-99A7-21CF68745833","properties":{"borough":"Staten Island","created_date":"2026-09-06T22:34:23.000","inspection_count":0,"latest_inspection_date":null,"latest_work_order_status":null,"latest_work_order_type":null,"max_risk_rating":null,"risk_assessment_count":0,"service_request_id":"40053CB5-E034-47D3-99A7-21CF68745833","source":"Department of Parks and Recreation - Public Web Site","status":"Open","work_order_count":0},"type":"Feature"},{"geometry":{"coordinates":[-73.965483,40.804747],"type":"Point"},"id":"40098A55-39E1-41B1-9064-957031531DD6","properties":{"borough":"Manhattan","created_date":"2026-09-23T00:16:50.000","inspection_count":0,"latest_inspection_date":null,"latest_work_order_status":null,"latest_work_order_type":null,"max_risk_rating":null,"risk_assessment_count":0,"service_request_id":"40098A55-39E1-41B1-9064-957031531DD6","source":"DPR -Public Tree Map","status":"Open","work_order_count":0},"type":"Feature"},{"geometry":{"coordinates":[-73.965337,40.674762],"type":"Point"},"id":"400B7622-F5D9-48CC-85C1-7D84CC5B9E81","properties":{"borough":"Brooklyn","created_date":"2026-09-12T17:56:31.000","inspection_count":0,"latest_inspection_date":null,"latest_work_order_status":null,"latest_work_order_type":null,"max_risk_rating":null,"risk_assessment_count":0,"service_request_id":"400B7622-F5D9-48CC-85C1-7D84CC5B9E81","source":"3-1-1 Call Center","status":"Open","work_order_count":0},"type":"Feature"},{"geometry":{"coordinates":[-73.888138,40.717792],"type":"Point"},"id":"400F1864-B9A0-44DB-BFDB-C0E908CAB7E5","properties":{"borough":"Queens","created_date":"2026-09-01T00:06:00.000","inspection_count":0,"latest_inspection_date":null,"latest_work_order_status":null,"latest_work_order_type":null,"max_risk_rating":null,"risk_assessment_count":0,"service_request_id":"400F1864-B9A0-44DB-BFDB-C0E908CAB7E5","source":"3-1-1 Call Center","status":"Closed","work_order_count":0},"type":"Feature"},{"geometry":{"coordinates":[-74.007132,40.618512],"type":"Point"},"id":"4013E8B6-0958-4350-B597-75411D740EB7","properties":{"borough":"Brooklyn","created_date":"2026-09-22T13:32:08.000","inspection_count":0,"latest_inspection_date":null,"latest_work_order_status":null,"latest_work_order_type":null,"max_risk_rating":null,"risk_assessment_count":0,"service_request_id":"4013E8B6-0958-4350-B597-75411D740EB7","source":"Department of Parks and Recreation - Public Web Site","status":"Open","work_order_count":0},"type":"Feature"},{"geometry":{"coordinates":[-73.8187,40.795495],"type":"Point"},"id":"402077E0-312A-41F1-96BF-6E53B36FC98A","properties":{"borough":"Queens","created_date":"2026-09-08T16:04:00.000","inspection_count":0,"latest_inspection_date":null,"latest_work_order_status":null,"latest_work_order_type":null,"max_risk_rating":null,"risk_assessment_count":0,"service_request_id":"402077E0-312A-41F1-96BF-6E53B36FC98A","source":"3-1-1 Call Center","status":"Open","work_order_count":0},"type":"Feature"},{"geometry":{"coordinates":[-73.900529,40.71085],"type":"Point"},"id":"40290CDF-60E6-4B90-B8E3-81DF4F1B9F61","properties":{"borough":"Queens","created_date":"2026-09-09T17:14:00.000","inspection_count":0,"latest_inspection_date":null,"latest_work_order_status":null,"latest_work_order_type":null,"max_risk_rating":null,"risk_assessment_count":0,"service_request_id":"40290CDF-60E6-4B90-B8E3-81DF4F1B9F61","source":"3-1-1 Call Center","status":"Open","work_order_count":0},"type":"Feature"},{"geometry":{"coordinates":[-73.72099,40.731934],"type":"Point"},"id":"402B3F99-252E-4E2B-A82F-430695B4BFD2","properties":{"borough":"Queens","created_date":"2026-09-01T22:11:00.000","inspection_count":0,"latest_inspection_date":null,"latest_work_order_status":null,"latest_work_order_type":null,"max_risk_rating":null,"risk_assessment_count":0,"service_request_id":"402B3F99-252E-4E2B-A82F-430695B4BFD2","source":"3-1-1 Call Center","status":"Closed","work_order_count":0},"type":"Feature"},{"geometry":{"coordinates":[-73.804746,40.711362],"type":"Point"},"id":"402F1858-805D-43E8-AF2C-A52F75419EE2","properties":{"borough":"Queens","created_date":"2026-09-14T15:08:00.000","inspection_count":0,"latest_inspection_date":null,"latest_work_order_status":null,"latest_work_order_type":null,"max_risk_rating":null,"risk_assessment_count":0,"service_request_id":"402F1858-805D-43E8-AF2C-A52F75419EE2","source":"3-1-1 Call Center","status":"Open","work_order_count":0},"type":"Feature"},{"geometry":{"coordinates":[-73.974177,40.785257],"type":"Point"},"id":"40448740-F0D7-48A4-8156-5655D61AB0E9","properties":{"borough":"Manhattan","created_date":"2026-09-08T10:05:02.000","inspection_count":0,"latest_inspection_date":null,"latest_work_order_status":null,"latest_work_order_type":null,"max_risk_rating":null,"risk_assessment_count":0,"service_request_id":"40448740-F0D7-48A4-8156-5655D61AB0E9","source":"Department of Parks and Recreation - Public Web Site","status":"Closed","work_order_count":0},"type":"Feature"},{"geometry":{"coordinates":[-73.855277,40.847784],"type":"Point"},"id":"404A319A-9E7A-4D15-B796-D8C27F6FA771","properties":{"borough":"Bronx","created_date":"2026-09-02T20:22:00.000","inspection_count":1,"latest_inspection_date":"2026-09-04T04:00:00.000","latest_work_order_status":"Closed","latest_work_order_type":"Pruning","max_risk_rating":"5.0","risk_assessment_count":1,"service_request_id":"404A319A-9E7A-4D15-B796-D8C27F6FA771","source":"Department of Parks and Recreation - Public Web Site","status":"Closed","work_order_count":1},"type":"Feature"},{"geometry":{"coordinates":[-73.844848,40.787804],"type":"Point"},"id":"405BF9A6-D313-4FCB-979A-124B124D04A6","properties":{"borough":"Queens","created_date":"2026-09-23T14:20:00.000","inspection_count":1,"latest_inspection_date":"2026-09-23T14:38:44.000","latest_work_order_status":"Closed","latest_work_order_type":"Tree Down","max_risk_rating":"10.0","risk_assessment_count":1,"service_request_id":"405BF9A6-D313-4FCB-979A-124B124D04A6","source":"3-1-1 Call Center","status":"Open","work_order_count":1},"type":"Feature"},{"geometry":{"coordinates":[-73.843886,40.658851],"type":"Point"},"id":"4060BAE9-0823-48C7-AE2E-EFBBB2EE845B","properties":{"borough":"Queens","created_date":"2026-09-17T11:46:00.000","inspection_count":0,"latest_inspection_date":null,"latest_work_order_status":null,"latest_work_order_type":null,"max_risk_rating":null,"risk_assessment_count":0,"service_request_id":"4060BAE9-0823-48C7-AE2E-EFBBB2EE845B","source":"3-1-1 Call Center","status":"Open","work_order_count":0},"type":"Feature"},{"geometry":{"coordinates":[-73.888062,40.724253],"type":"Point"},"id":"4068EE84-FB3A-4D29-8208-764E341CB44E","properties":{"borough":"Queens","created_date":"2026-09-14T13:41:10.000","inspection_count":0,"latest_inspection_date":null,"latest_work_order_status":null,"latest_work_order_type":null,"max_risk_rating":null,"risk_assessment_count":0,"service_request_id":"4068EE84-FB3A-4D29-8208-764E341CB44E","source":"3-1-1 Call Center","status":"Open","work_order_count":0},"type":"Feature"},{"geometry":{"coordinates":[-73.974177,40.785257],"type":"Point"},"id":"40692D70-414D-44E1-9EFE-BB84C71D44A7","properties":{"borough":"Manhattan","created_date":"2026-09-09T14:00:02.000","inspection_count":0,"latest_inspection_date":null,"latest_work_order_status":null,"latest_work_order_type":null,"max_risk_rating":null,"risk_assessment_count":0,"service_request_id":"40692D70-414D-44E1-9EFE-BB84C71D44A7","source":"Department of Parks and Recreation - Public Web Site","status":"Closed","work_order_count":0},"type":"Feature"},{"geometry":{"coordinates":[-73.763882,40.733595],"type":"Point"},"id":"406ADA7C-85E5-4027-ADF1-8E005BC4F183","properties":{"borough":"Queens","created_date":"2026-09-15T05:20:00.000","inspection_count":1,"latest_inspection_date":"2026-09-18T04:00:00.000","latest_work_order_status":null,"latest_work_order_type":null,"max_risk_rating":null,"risk_assessment_count":0,"service_request_id":"406ADA7C-85E5-4027-ADF1-8E005BC4F183","source":"3-1-1 Call Center","status":"Closed","work_order_count":0},"type":"Feature"},{"geometry":{"coordinates":[-74.085835,40.636516],"type":"Point"},"id":"406F5AD6-0760-4AD8-8883-EB70481EF8A4","properties":{"borough":"Staten Island","created_date":"2026-09-23T18:59:00.000","inspection_count":0,"latest_inspection_date":null,"latest_work_order_status":null,"latest_work_order_type":null,"max_risk_rating":null,"risk_assessment_count":0,"service_request_id":"406F5AD6-0760-4AD8-8883-EB70481EF8A4","source":"3-1-1 Call Center","status":"Open","work_order_count":0},"type":"Feature"},{"geometry":{"coordinates":[-73.820563,40.846459],"type":"Point"},"id":"40715471-4A55-46B8-9465-FA154AE67E0E","properties":{"borough":"Bronx","created_date":"2026-09-02T15:26:00.000","inspection_count":0,"latest_inspection_date":null,"latest_work_order_status":null,"latest_work_order_type":null,"max_risk_rating":null,"risk_assessment_count":0,"service_request_id":"40715471-4A55-46B8-9465-FA154AE67E0E","source":"3-1-1 Call Center","status":"Closed","work_order_count":0},"type":"Feature"},{"geometry":{"coordinates":[-73.974177,40.785257],"type":"Point"},"id":"40786DFC-FADD-4B06-ABED-A013ED09FEDB","properties":{"borough":"Manhattan","created_date":"2026-09-08T00:25:02.000","inspection_count":0,"latest_inspection_date":null,"latest_work_order_status":null,"latest_work_order_type":null,"max_risk_rating":null,"risk_assessment_count":0,"service_request_id":"40786DFC-FADD-4B06-ABED-A013ED09FEDB","source":"Department of Parks and Recreation - Public Web Site","status":"Closed","work_order_count":0},"type":"Feature"},{"geometry":{"coordinates":[-73.948059,40.775134],"type":"Point"},"id":"409B0301-C9E1-464C-8B60-8B0B9506328C","properties":{"borough":"Manhattan","created_date":"2026-09-04T13:02:00.000","inspection_count":0,"latest_inspection_date":null,"latest_work_order_status":null,"latest_work_order_type":null,"max_risk_rating":null,"risk_assessment_count":0,"service_request_id":"409B0301-C9E1-464C-8B60-8B0B9506328C","source":"Correspondence","status":"Open","work_order_count":0},"type":"Feature"},{"geometry":{"coordinates":[-73.834327,40.708403],"type":"Point"},"id":"40B332F9-278E-4950-8449-326FCE556E64","properties":{"borough":"Queens","created_date":"2026-09-24T20:11:00.000","inspection_count":0,"latest_inspection_date":null,"latest_work_order_status":null,"latest_work_order_type":null,"max_risk_rating":null,"risk_assessment_count":0,"service_request_id":"40B332F9-278E-4950-8449-326FCE556E64","source":"3-1-1 Call Center","status":"Open","work_order_count":0},"type":"Feature"},{"geometry":{"coordinates":[-73.953266,40.789875],"type":"Point"},"id":"40B377A2-B80B-4988-ACE3-112301D41E48","properties":{"borough":"Manhattan","created_date":"2026-09-24T11:07:00.000","inspection_count":0,"latest_inspection_date":null,"latest_work_order_status":null,"latest_work_order_type":null,"max_risk_rating":null,"risk_assessment_count":0,"service_request_id":"40B377A2-B80B-4988-ACE3-112301D41E48","source":"3-1-1 Call Center","status":"Closed","work_order_count":0},"type":"Feature"},{"geometry":{"coordinates":[-73.883393,40.75152],"type":"Point"},"id":"40DCD67F-4D9C-4CB5-B26D-887455647F4B","properties":{"borough":"Queens","created_date":"2026-09-11T18:23:50.000","inspection_count":0,"latest_inspection_date":null,"latest_work_order_status":null,"latest_work_order_type":null,"max_risk_rating":null,"risk_assessment_count":0,"service_request_id":"40DCD67F-4D9C-4CB5-B26D-887455647F4B","source":"DPR -Public Tree Map","status":"Open","work_order_count":0},"type":"Feature"},{"geometry":{"coordinates":[-74.003483,40.616306],"type":"Point"},"id":"40E7F16A-B65E-4A91-9A77-0B3AB0EC5762","properties":{"borough":"Brooklyn","created_date":"2026-09-12T07:15:02.000","inspection_count":0,"latest_inspection_date":null,"latest_work_order_status":null,"latest_work_order_type":null,"max_risk_rating":null,"risk_assessment_count":0,"service_request_id":"40E7F16A-B65E-4A91-9A77-0B3AB0EC5762","source":"Department of Parks and Recreation - Public Web Site","status":"Open","work_order_count":0},"type":"Feature"},{"geometry":{"coordinates":[-73.721691,40.728272],"type":"Point"},"id":"40F33519-7022-4177-8FC4-8EE6EEB76AEF","properties":{"borough":"Queens","created_date":"2026-09-10T13:09:00.000","inspection_count":0,"latest_inspection_date":null,"latest_work_order_status":null,"latest_work_order_type":null,"max_risk_rating":null,"risk_assessment_count":0,"service_request_id":"40F33519-7022-4177-8FC4-8EE6EEB76AEF","source":"3-1-1 Call Center","status":"Open","work_order_count":0},"type":"Feature"},{"geometry":{"coordinates":[-73.734291,40.732366],"type":"Point"},"id":"4101F675-8E75-4385-9BF5-EEBFEE06E863","properties":{"borough":"Queens","created_date":"2026-09-11T20:35:00.000","inspection_count":1,"latest_inspection_date":"2026-09-14T14:17:05.000","latest_work_order_status":null,"latest_work_order_type":null,"max_risk_rating":"7.0","risk_assessment_count":2,"service_request_id":"4101F675-8E75-4385-9BF5-EEBFEE06E863","source":"3-1-1 Call Center","status":"Open","work_order_count":0},"type":"Feature"},{"geometry":{"coordinates":[-73.943295,40.599043],"type":"Point"},"id":"41243AD8-275A-4910-BC7D-4E363370671D","properties":{"borough":"Brooklyn","created_date":"2026-09-08T01:40:24.000","inspection_count":0,"latest_inspection_date":null,"latest_work_order_status":null,"latest_work_order_type":null,"max_risk_rating":null,"risk_assessment_count":0,"service_request_id":"41243AD8-275A-4910-BC7D-4E363370671D","source":"Department of Parks and Recreation - Public Web Site","status":"Open","work_order_count":0},"type":"Feature"},{"geometry":{"coordinates":[-73.943774,40.624257],"type":"Point"},"id":"4127336A-1154-40EA-A023-6EFD5BE15D5E","properties":{"borough":"Brooklyn","created_date":"2026-09-08T17:56:00.000","inspection_count":0,"latest_inspection_date":null,"latest_work_order_status":null,"latest_work_order_type":null,"max_risk_rating":null,"risk_assessment_count":0,"service_request_id":"4127336A-1154-40EA-A023-6EFD5BE15D5E","source":"3-1-1 Call Center","status":"Open","work_order_count":0},"type":"Feature"},{"geometry":{"coordinates":[-73.735409,40.727135],"type":"Point"},"id":"413651E2-42F5-4EAA-A027-A8B75491D41E","properties":{"borough":"Queens","created_date":"2026-09-22T18:55:00.000","inspection_count":0,"latest_inspection_date":null,"latest_work_order_status":null,"latest_work_order_type":null,"max_risk_rating":null,"risk_assessment_count":0,"service_request_id":"413651E2-42F5-4EAA-A027-A8B75491D41E","source":"Department of Parks and Recreation - Public Web Site","status":"Open","work_order_count":0},"type":"Feature"},{"geometry":{"coordinates":[-73.781883,40.747047],"type":"Point"},"id":"4142F6ED-A8AE-4B78-B2D6-5772EE3CDCED","properties":{"borough":"Queens","created_date":"2026-09-09T18:59:00.000","inspection_count":0,"latest_inspection_date":null,"latest_work_order_status":null,"latest_work_order_type":null,"max_risk_rating":null,"risk_assessment_count":0,"service_request_id":"4142F6ED-A8AE-4B78-B2D6-5772EE3CDCED","source":"3-1-1 Call Center","status":"Open","work_order_count":0},"type":"Feature"},{"geometry":{"coordinates":[-73.798676,40.758822],"type":"Point"},"id":"41437BD1-5B79-44B4-B4AC-90E4F67BAA22","properties":{"borough":"Queens","created_date":"2026-09-21T18:04:00.000","inspection_count":0,"latest_inspection_date":null,"latest_work_order_status":null,"latest_work_order_type":null,"max_risk_rating":null,"risk_assessment_count":0,"service_request_id":"41437BD1-5B79-44B4-B4AC-90E4F67BAA22","source":"3-1-1 Call Center","status":"Open","work_order_count":0},"type":"Feature"},{"geometry":{"coordinates":[-73.890842,40.636991],"type":"Point"},"id":"4146F997-4313-4A8E-BDF4-608336C7F6C9","properties":{"borough":"Brooklyn","created_date":"2026-09-08T20:13:29.000","inspection_count":0,"latest_inspection_date":null,"latest_work_order_status":null,"latest_work_order_type":null,"max_risk_rating":null,"risk_assessment_count":0,"service_request_id":"4146F997-4313-4A8E-BDF4-608336C7F6C9","source":"Department of Parks and Recreation - Public Web Site","status":"Open","work_order_count":0},"type":"Feature"},{"geometry":{"coordinates":[-73.886675,40.735455],"type":"Point"},"id":"414EBC5D-62DD-4952-8164-5918CB0D2974","properties":{"borough":"Queens","created_date":"2026-09-01T13:35:00.000","inspection_count":0,"latest_inspection_date":null,"latest_work_order_status":null,"latest_work_order_type":null,"max_risk_rating":null,"risk_assessment_count":0,"service_request_id":"414EBC5D-62DD-4952-8164-5918CB0D2974","source":"3-1-1 Call Center","status":"Open","work_order_count":0},"type":"Feature"},{"geometry":{"coordinates":[-73.984933,40.663243],"type":"Point"},"id":"4165419D-3F2B-4181-B81A-AD2266B9C4AE","properties":{"borough":"Brooklyn","created_date":"2026-09-16T01:23:11.000","inspection_count":0,"latest_inspection_date":null,"latest_work_order_status":null,"latest_work_order_type":null,"max_risk_rating":null,"risk_assessment_count":0,"service_request_id":"4165419D-3F2B-4181-B81A-AD2266B9C4AE","source":"3-1-1 Call Center","status":"Open","work_order_count":0},"type":"Feature"},{"geometry":{"coordinates":[-73.924144,40.640652],"type":"Point"},"id":"417B0226-6E54-4BE4-923A-4D3C5F216023","properties":{"borough":"Brooklyn","created_date":"2026-09-10T13:32:10.000","inspection_count":0,"latest_inspection_date":null,"latest_work_order_status":null,"latest_work_order_type":null,"max_risk_rating":null,"risk_assessment_count":0,"service_request_id":"417B0226-6E54-4BE4-923A-4D3C5F216023","source":"3-1-1 Call Center","status":"Open","work_order_count":0},"type":"Feature"},{"geometry":{"coordinates":[-73.926386,40.653567],"type":"Point"},"id":"41932EA2-5F4C-41D9-AAA8-AE34855C824F","properties":{"borough":"Brooklyn","created_date":"2026-09-24T15:30:00.000","inspection_count":0,"latest_inspection_date":null,"latest_work_order_status":null,"latest_work_order_type":null,"max_risk_rating":null,"risk_assessment_count":0,"service_request_id":"41932EA2-5F4C-41D9-AAA8-AE34855C824F","source":"3-1-1 Call Center","status":"Open","work_order_count":0},"type":"Feature"},{"geometry":{"coordinates":[-73.974177,40.785257],"type":"Point"},"id":"419558A9-7B39-419C-BDD9-20D70617C30F","properties":{"borough":"Manhattan","created_date":"2026-09-09T15:05:02.000","inspection_count":0,"latest_inspection_date":null,"latest_work_order_status":null,"latest_work_order_type":null,"max_risk_rating":null,"risk_assessment_count":0,"service_request_id":"419558A9-7B39-419C-BDD9-20D70617C30F","source":"Department of Parks and Recreation - Public Web Site","status":"Closed","work_order_count":0},"type":"Feature"},{"geometry":{"coordinates":[-73.921654,40.616674],"type":"Point"},"id":"41967DBD-A036-47A3-9BA1-31FC2A5B90B7","properties":{"borough":"Brooklyn","created_date":"2026-09-05T16:55:02.000","inspection_count":0,"latest_inspection_date":null,"latest_work_order_status":null,"latest_work_order_type":null,"max_risk_rating":null,"risk_assessment_count":0,"service_request_id":"41967DBD-A036-47A3-9BA1-31FC2A5B90B7","source":"Department of Parks and Recreation - Public Web Site","status":"Open","work_order_count":0},"type":"Feature"},{"geometry":{"coordinates":[-73.911683,40.714894],"type":"Point"},"id":"419CFFF7-B900-4176-9DC7-D7891C0FAA04","properties":{"borough":"Queens","created_date":"2026-09-14T21:03:00.000","inspection_count":0,"latest_inspection_date":null,"latest_work_order_status":null,"latest_work_order_type":null,"max_risk_rating":null,"risk_assessment_count":0,"service_request_id":"419CFFF7-B900-4176-9DC7-D7891C0FAA04","source":"Department of Parks and Recreation - Public Web Site","status":"Open","work_order_count":0},"type":"Feature"},{"geometry":{"coordinates":[-73.800591,40.748552],"type":"Point"},"id":"41A3714C-282A-4350-BCA6-4161ED12310D","properties":{"borough":"Queens","created_date":"2026-09-19T14:45:00.000","inspection_count":0,"latest_inspection_date":null,"latest_work_order_status":null,"latest_work_order_type":null,"max_risk_rating":null,"risk_assessment_count":0,"service_request_id":"41A3714C-282A-4350-BCA6-4161ED12310D","source":"3-1-1 Call Center","status":"Open","work_order_count":0},"type":"Feature"},{"geometry":{"coordinates":[-73.791397,40.737674],"type":"Point"},"id":"41A41C79-954B-40FF-9F0C-25FBDC687588","properties":{"borough":"Queens","created_date":"2026-09-16T21:27:00.000","inspection_count":0,"latest_inspection_date":null,"latest_work_order_status":null,"latest_work_order_type":null,"max_risk_rating":null,"risk_assessment_count":0,"service_request_id":"41A41C79-954B-40FF-9F0C-25FBDC687588","source":"3-1-1 Call Center","status":"Open","work_order_count":0},"type":"Feature"},{"geometry":{"coordinates":[-73.964843,40.764499],"type":"Point"},"id":"41A635FB-772B-432D-B0CE-734AD03FBD41","properties":{"borough":"Manhattan","created_date":"2026-09-14T13:07:13.000","inspection_count":0,"latest_inspection_date":null,"latest_work_order_status":null,"latest_work_order_type":null,"max_risk_rating":null,"risk_assessment_count":0,"service_request_id":"41A635FB-772B-432D-B0CE-734AD03FBD41","source":"3-1-1 Call Center","status":"Closed","work_order_count":0},"type":"Feature"},{"geometry":{"coordinates":[-74.003483,40.616306],"type":"Point"},"id":"41A70175-F1B9-4F29-9261-8B794B993607","properties":{"borough":"Brooklyn","created_date":"2026-09-11T23:35:02.000","inspection_count":0,"latest_inspection_date":null,"latest_work_order_status":null,"latest_work_order_type":null,"max_risk_rating":null,"risk_assessment_count":0,"service_request_id":"41A70175-F1B9-4F29-9261-8B794B993607","source":"Department of Parks and Recreation - Public Web Site","status":"Open","work_order_count":0},"type":"Feature"},{"geometry":{"coordinates":[-73.793635,40.733855],"type":"Point"},"id":"41C6AE1B-779C-4558-AE5E-C1B39104B3B2","properties":{"borough":"Queens","created_date":"2026-09-07T16:27:09.000","inspection_count":0,"latest_inspection_date":null,"latest_work_order_status":null,"latest_work_order_type":null,"max_risk_rating":null,"risk_assessment_count":0,"service_request_id":"41C6AE1B-779C-4558-AE5E-C1B39104B3B2","source":"Department of Parks and Recreation - Public Web Site","status":"Open","work_order_count":0},"type":"Feature"},{"geometry":{"coordinates":[-73.892878,40.681908],"type":"Point"},"id":"41DA5B50-687A-4F28-8175-1D84E2F51CE9","properties":{"borough":"Brooklyn","created_date":"2026-09-13T15:20:00.000","inspection_count":0,"latest_inspection_date":null,"latest_work_order_status":null,"latest_work_order_type":null,"max_risk_rating":null,"risk_assessment_count":0,"service_request_id":"41DA5B50-687A-4F28-8175-1D84E2F51CE9","source":"3-1-1 Call Center","status":"Closed","work_order_count":0},"type":"Feature"},{"geometry":{"coordinates":[-73.855009,40.713618],"type":"Point"},"id":"41DE9270-7115-49AF-8FF4-A50D95AA123D","properties":{"borough":"Queens","created_date":"2026-09-14T12:49:00.000","inspection_count":0,"latest_inspection_date":null,"latest_work_order_status":null,"latest_work_order_type":null,"max_risk_rating":null,"risk_assessment_count":0,"service_request_id":"41DE9270-7115-49AF-8FF4-A50D95AA123D","source":"Department of Parks and Recreation - Public Web Site","status":"Open","work_order_count":0},"type":"Feature"},{"geometry":{"coordinates":[-73.742346,40.660255],"type":"Point"},"id":"41E1C9E3-FBB1-4D80-B71F-56D9FDB919CF","properties":{"borough":"Queens","created_date":"2026-09-24T21:17:00.000","inspection_count":0,"latest_inspection_date":null,"latest_work_order_status":null,"latest_work_order_type":null,"max_risk_rating":null,"risk_assessment_count":0,"service_request_id":"41E1C9E3-FBB1-4D80-B71F-56D9FDB919CF","source":"3-1-1 Call Center","status":"Open","work_order_count":0},"type":"Feature"},{"geometry":{"coordinates":[-73.913334,40.63836],"type":"Point"},"id":"41EFC822-B0E9-4DF4-885F-F96F034F8DEA","properties":{"borough":"Brooklyn","created_date":"2026-09-16T13:55:00.000","inspection_count":0,"latest_inspection_date":null,"latest_work_order_status":null,"latest_work_order_type":null,"max_risk_rating":null,"risk_assessment_count":0,"service_request_id":"41EFC822-B0E9-4DF4-885F-F96F034F8DEA","source":"3-1-1 Call Center","status":"Open","work_order_count":0},"type":"Feature"},{"geometry":{"coordinates":[-73.739807,40.702151],"type":"Point"},"id":"42041909-4E4B-4E63-9B6E-2FC574C027C1","properties":{"borough":"Queens","created_date":"2026-09-14T18:33:00.000","inspection_count":0,"latest_inspection_date":null,"latest_work_order_status":null,"latest_work_order_type":null,"max_risk_rating":null,"risk_assessment_count":0,"service_request_id":"42041909-4E4B-4E63-9B6E-2FC574C027C1","source":"3-1-1 Call Center","status":"Open","work_order_count":0},"type":"Feature"},{"geometry":{"coordinates":[-73.918762,40.74045],"type":"Point"},"id":"4204D05F-4851-40CE-941E-EA288A52018C","properties":{"borough":"Queens","created_date":"2026-09-23T12:03:00.000","inspection_count":0,"latest_inspection_date":null,"latest_work_order_status":null,"latest_work_order_type":null,"max_risk_rating":null,"risk_assessment_count":0,"service_request_id":"4204D05F-4851-40CE-941E-EA288A52018C","source":"3-1-1 Call Center","status":"Open","work_order_count":0},"type":"Feature"},{"geometry":{"coordinates":[-73.99003,40.688386],"type":"Point"},"id":"420E6C3F-058B-432C-9D44-2E51E0904C7F","properties":{"borough":"Brooklyn","created_date":"2026-09-09T23:38:37.000","inspection_count":0,"latest_inspection_date":null,"latest_work_order_status":null,"latest_work_order_type":null,"max_risk_rating":null,"risk_assessment_count":0,"service_request_id":"420E6C3F-058B-432C-9D44-2E51E0904C7F","source":"Department of Parks and Recreation - Public Web Site","status":"Open","work_order_count":0},"type":"Feature"},{"geometry":{"coordinates":[-73.807272,40.682153],"type":"Point"},"id":"420FC704-B80B-444C-B869-BFF2EBBE7F21","properties":{"borough":"Queens","created_date":"2026-09-23T13:19:00.000","inspection_count":0,"latest_inspection_date":null,"latest_work_order_status":null,"latest_work_order_type":null,"max_risk_rating":null,"risk_assessment_count":0,"service_request_id":"420FC704-B80B-444C-B869-BFF2EBBE7F21","source":"DPR -Public Tree Map","status":"Open","work_order_count":0},"type":"Feature"},{"geometry":{"coordinates":[-73.820563,40.846459],"type":"Point"},"id":"4217DE6A-838A-445E-925F-79F735B8221F","properties":{"borough":"Bronx","created_date":"2026-09-02T14:58:13.000","inspection_count":0,"latest_inspection_date":null,"latest_work_order_status":null,"latest_work_order_type":null,"max_risk_rating":null,"risk_assessment_count":0,"service_request_id":"4217DE6A-838A-445E-925F-79F735B8221F","source":"3-1-1 Call Center","status":"Closed","work_order_count":0},"type":"Feature"},{"geometry":{"coordinates":[-73.974177,40.785257],"type":"Point"},"id":"4222D624-66D3-4BA7-8609-BEFF80666358","properties":{"borough":"Manhattan","created_date":"2026-09-08T19:25:02.000","inspection_count":0,"latest_inspection_date":null,"latest_work_order_status":null,"latest_work_order_type":null,"max_risk_rating":null,"risk_assessment_count":0,"service_request_id":"4222D624-66D3-4BA7-8609-BEFF80666358","source":"Department of Parks and Recreation - Public Web Site","status":"Closed","work_order_count":0},"type":"Feature"},{"geometry":{"coordinates":[-73.906917,40.7109],"type":"Point"},"id":"4233E8AD-465D-4EC4-8B6C-D9695FFFADB8","properties":{"borough":"Queens","created_date":"2026-09-09T17:11:00.000","inspection_count":0,"latest_inspection_date":null,"latest_work_order_status":null,"latest_work_order_type":null,"max_risk_rating":null,"risk_assessment_count":0,"service_request_id":"4233E8AD-465D-4EC4-8B6C-D9695FFFADB8","source":"3-1-1 Call Center","status":"Open","work_order_count":0},"type":"Feature"},{"geometry":{"coordinates":[-74.003483,40.616306],"type":"Point"},"id":"4243FB04-AAFB-44BB-9B93-6E8CA1E4C6EE","properties":{"borough":"Brooklyn","created_date":"2026-09-12T08:35:02.000","inspection_count":0,"latest_inspection_date":null,"latest_work_order_status":null,"latest_work_order_type":null,"max_risk_rating":null,"risk_assessment_count":0,"service_request_id":"4243FB04-AAFB-44BB-9B93-6E8CA1E4C6EE","source":"Department of Parks and Recreation - Public Web Site","status":"Open","work_order_count":0},"type":"Feature"},{"geometry":{"coordinates":[-74.003483,40.616306],"type":"Point"},"id":"4250D980-7079-4C5A-ADC5-D4E1C06ADE98","properties":{"borough":"Brooklyn","created_date":"2026-09-12T14:05:02.000","inspection_count":0,"latest_inspection_date":null,"latest_work_order_status":null,"latest_work_order_type":null,"max_risk_rating":null,"risk_assessment_count":0,"service_request_id":"4250D980-7079-4C5A-ADC5-D4E1C06ADE98","source":"Department of Parks and Recreation - Public Web Site","status":"Open","work_order_count":0},"type":"Feature"},{"geometry":{"coordinates":[-73.783827,40.746142],"type":"Point"},"id":"426357BA-B0C8-4671-BA74-38A83571AF29","properties":{"borough":"Queens","created_date":"2026-09-20T17:36:00.000","inspection_count":0,"latest_inspection_date":null,"latest_work_order_status":null,"latest_work_order_type":null,"max_risk_rating":null,"risk_assessment_count":0,"service_request_id":"426357BA-B0C8-4671-BA74-38A83571AF29","source":"3-1-1 Call Center","status":"Open","work_order_count":0},"type":"Feature"},{"geometry":{"coordinates":[-73.974177,40.785257],"type":"Point"},"id":"42702E08-D416-4D9B-8624-22BA4947490F","properties":{"borough":"Manhattan","created_date":"2026-09-07T10:00:02.000","inspection_count":0,"latest_inspection_date":null,"latest_work_order_status":null,"latest_work_order_type":null,"max_risk_rating":null,"risk_assessment_count":0,"service_request_id":"42702E08-D416-4D9B-8624-22BA4947490F","source":"Department of Parks and Recreation - Public Web Site","status":"Closed","work_order_count":0},"type":"Feature"},{"geometry":{"coordinates":[-73.950679,40.718458],"type":"Point"},"id":"428C7C54-708E-4EEF-A894-BDC99E0C6CBD","properties":{"borough":"Brooklyn","created_date":"2026-09-04T08:26:07.000","inspection_count":0,"latest_inspection_date":null,"latest_work_order_status":null,"latest_work_order_type":null,"max_risk_rating":null,"risk_assessment_count":0,"service_request_id":"428C7C54-708E-4EEF-A894-BDC99E0C6CBD","source":"Department of Parks and Recreation - Public Web Site","status":"Open","work_order_count":0},"type":"Feature"},{"geometry":{"coordinates":[-73.994011,40.722421],"type":"Point"},"id":"42998E42-A810-4509-A7F2-EA9DB09D4B31","properties":{"borough":"Manhattan","created_date":"2026-09-12T15:18:00.000","inspection_count":0,"latest_inspection_date":null,"latest_work_order_status":null,"latest_work_order_type":null,"max_risk_rating":null,"risk_assessment_count":0,"service_request_id":"42998E42-A810-4509-A7F2-EA9DB09D4B31","source":"Department of Parks and Recreation - Public Web Site","status":"Open","work_order_count":0},"type":"Feature"},{"geometry":{"coordinates":[-74.090477,40.611107],"type":"Point"},"id":"429B256F-A8C6-45DF-B85A-97443B3888DC","properties":{"borough":"Staten Island","created_date":"2026-09-23T14:36:00.000","inspection_count":0,"latest_inspection_date":null,"latest_work_order_status":null,"latest_work_order_type":null,"max_risk_rating":null,"risk_assessment_count":0,"service_request_id":"429B256F-A8C6-45DF-B85A-97443B3888DC","source":"3-1-1 Call Center","status":"Open","work_order_count":0},"type":"Feature"},{"geometry":{"coordinates":[-73.800864,40.764617],"type":"Point"},"id":"429C2F81-186B-42A6-A425-37C20B9ED542","properties":{"borough":"Queens","created_date":"2026-09-09T14:02:00.000","inspection_count":0,"latest_inspection_date":null,"latest_work_order_status":null,"latest_work_order_type":null,"max_risk_rating":null,"risk_assessment_count":0,"service_request_id":"429C2F81-186B-42A6-A425-37C20B9ED542","source":"3-1-1 Call Center","status":"Open","work_order_count":0},"type":"Feature"},{"geometry":{"coordinates":[-73.974177,40.785257],"type":"Point"},"id":"42C2DE5B-EBD3-4A61-B40F-8C838282363D","properties":{"borough":"Manhattan","created_date":"2026-09-09T07:45:02.000","inspection_count":0,"latest_inspection_date":null,"latest_work_order_status":null,"latest_work_order_type":null,"max_risk_rating":null,"risk_assessment_count":0,"service_request_id":"42C2DE5B-EBD3-4A61-B40F-8C838282363D","source":"Department of Parks and Recreation - Public Web Site","status":"Closed","work_order_count":0},"type":"Feature"},{"geometry":{"coordinates":[-74.005899,40.604969],"type":"Point"},"id":"42C31E5D-8597-4270-9884-0103DD47E796","properties":{"borough":"Brooklyn","created_date":"2026-09-02T18:48:25.000","inspection_count":0,"latest_inspection_date":null,"latest_work_order_status":null,"latest_work_order_type":null,"max_risk_rating":null,"risk_assessment_count":0,"service_request_id":"42C31E5D-8597-4270-9884-0103DD47E796","source":"3-1-1 Call Center","status":"Closed","work_order_count":0},"type":"Feature"},{"geometry":{"coordinates":[-73.820031,40.745285],"type":"Point"},"id":"42CFF70B-9C5F-40A2-917E-10A9C0B7F811","properties":{"borough":"Queens","created_date":"2026-09-08T21:03:55.000","inspection_count":0,"latest_inspection_date":null,"latest_work_order_status":null,"latest_work_order_type":null,"max_risk_rating":null,"risk_assessment_count":0,"service_request_id":"42CFF70B-9C5F-40A2-917E-10A9C0B7F811","source":"Department of Parks and Recreation - Public Web Site","status":"Open","work_order_count":0},"type":"Feature"},{"geometry":{"coordinates":[-73.76509,40.753176],"type":"Point"},"id":"42DA1364-F4DB-4B2D-94FE-B6D58628B02B","properties":{"borough":"Queens","created_date":"2026-09-09T18:45:00.000","inspection_count":0,"latest_inspection_date":null,"latest_work_order_status":null,"latest_work_order_type":null,"max_risk_rating":null,"risk_assessment_count":0,"service_request_id":"42DA1364-F4DB-4B2D-94FE-B6D58628B02B","source":"3-1-1 Call Center","status":"Open","work_order_count":0},"type":"Feature"},{"geometry":{"coordinates":[-74.003483,40.616306],"type":"Point"},"id":"42DB5888-FECF-4E66-ABE2-C9FA647A70F8","properties":{"borough":"Brooklyn","created_date":"2026-09-12T01:05:02.000","inspection_count":0,"latest_inspection_date":null,"latest_work_order_status":null,"latest_work_order_type":null,"max_risk_rating":null,"risk_assessment_count":0,"service_request_id":"42DB5888-FECF-4E66-ABE2-C9FA647A70F8","source":"Department of Parks and Recreation - Public Web Site","status":"Open","work_order_count":0},"type":"Feature"},{"geometry":{"coordinates":[-74.192,40.53959],"type":"Point"},"id":"42EA7A1A-6A9A-4AAA-85FB-1A9E7D15C34B","properties":{"borough":"Staten Island","created_date":"2026-09-02T18:16:00.000","inspection_count":0,"latest_inspection_date":null,"latest_work_order_status":null,"latest_work_order_type":null,"max_risk_rating":null,"risk_assessment_count":0,"service_request_id":"42EA7A1A-6A9A-4AAA-85FB-1A9E7D15C34B","source":"3-1-1 Call Center","status":"Open","work_order_count":0},"type":"Feature"},{"geometry":{"coordinates":[-74.092381,40.592254],"type":"Point"},"id":"42F0BA6D-EC7C-4541-962F-A625798A7744","properties":{"borough":"Staten Island","created_date":"2026-09-15T16:02:00.000","inspection_count":0,"latest_inspection_date":null,"latest_work_order_status":null,"latest_work_order_type":null,"max_risk_rating":null,"risk_assessment_count":0,"service_request_id":"42F0BA6D-EC7C-4541-962F-A625798A7744","source":"DPR","status":"Open","work_order_count":0},"type":"Feature"},{"geometry":{"coordinates":[-73.795165,40.684619],"type":"Point"},"id":"42F85E41-46AD-4910-9CEE-D08F78A01D98","properties":{"borough":"Queens","created_date":"2026-09-22T18:01:00.000","inspection_count":0,"latest_inspection_date":null,"latest_work_order_status":null,"latest_work_order_type":null,"max_risk_rating":null,"risk_assessment_count":0,"service_request_id":"42F85E41-46AD-4910-9CEE-D08F78A01D98","source":"Department of Parks and Recreation - Public Web Site","status":"Open","work_order_count":0},"type":"Feature"},{"geometry":{"coordinates":[-74.167431,40.555356],"type":"Point"},"id":"42FB0227-B8F4-40BD-A7E5-24823A629ADC","properties":{"borough":"Staten Island","created_date":"2026-09-17T14:54:00.000","inspection_count":0,"latest_inspection_date":null,"latest_work_order_status":null,"latest_work_order_type":null,"max_risk_rating":null,"risk_assessment_count":0,"service_request_id":"42FB0227-B8F4-40BD-A7E5-24823A629ADC","source":"3-1-1 Call Center","status":"Closed","work_order_count":0},"type":"Feature"},{"geometry":{"coordinates":[-73.77494,40.744549],"type":"Point"},"id":"4301B380-8D5F-4B2B-A64A-93DF7869D4FE","properties":{"borough":"Queens","created_date":"2026-09-17T13:35:46.000","inspection_count":0,"latest_inspection_date":null,"latest_work_order_status":null,"latest_work_order_type":null,"max_risk_rating":null,"risk_assessment_count":0,"service_request_id":"4301B380-8D5F-4B2B-A64A-93DF7869D4FE","source":"Department of Parks and Recreation - Public Web Site","status":"Open","work_order_count":0},"type":"Feature"},{"geometry":{"coordinates":[-73.974177,40.785257],"type":"Point"},"id":"43038B93-6BE1-4533-B371-30B931D1E5F9","properties":{"borough":"Manhattan","created_date":"2026-09-08T23:25:02.000","inspection_count":0,"latest_inspection_date":null,"latest_work_order_status":null,"latest_work_order_type":null,"max_risk_rating":null,"risk_assessment_count":0,"service_request_id":"43038B93-6BE1-4533-B371-30B931D1E5F9","source":"Department of Parks and Recreation - Public Web Site","status":"Closed","work_order_count":0},"type":"Feature"},{"geometry":{"coordinates":[-73.974177,40.785257],"type":"Point"},"id":"430B765A-A57F-4540-84A2-2367CD11A424","properties":{"borough":"Manhattan","created_date":"2026-09-07T09:05:02.000","inspection_count":0,"latest_inspection_date":null,"latest_work_order_status":null,"latest_work_order_type":null,"max_risk_rating":null,"risk_assessment_count":0,"service_request_id":"430B765A-A57F-4540-84A2-2367CD11A424","source":"Department of Parks and Recreation - Public Web Site","status":"Closed","work_order_count":0},"type":"Feature"},{"geometry":{"coordinates":[-73.974177,40.785257],"type":"Point"},"id":"4311E403-F8E2-4A0E-8A3C-C2DA1F15AC56","properties":{"borough":"Manhattan","created_date":"2026-09-08T10:00:02.000","inspection_count":0,"latest_inspection_date":null,"latest_work_order_status":null,"latest_work_order_type":null,"max_risk_rating":null,"risk_assessment_count":0,"service_request_id":"4311E403-F8E2-4A0E-8A3C-C2DA1F15AC56","source":"Department of Parks and Recreation - Public Web Site","status":"Closed","work_order_count":0},"type":"Feature"},{"geometry":{"coordinates":[-74.062572,40.61583],"type":"Point"},"id":"431CE2FB-3EB3-428C-898E-19C84A3259C6","properties":{"borough":"Staten Island","created_date":"2026-09-12T20:23:00.000","inspection_count":0,"latest_inspection_date":null,"latest_work_order_status":null,"latest_work_order_type":null,"max_risk_rating":null,"risk_assessment_count":0,"service_request_id":"431CE2FB-3EB3-428C-898E-19C84A3259C6","source":"3-1-1 Call Center","status":"Closed","work_order_count":0},"type":"Feature"},{"geometry":{"coordinates":[-73.928604,40.608087],"type":"Point"},"id":"43391D49-B5E2-46AB-B426-2AD984A51DA3","properties":{"borough":"Brooklyn","created_date":"2026-09-09T13:54:02.000","inspection_count":0,"latest_inspection_date":null,"latest_work_order_status":null,"latest_work_order_type":null,"max_risk_rating":null,"risk_assessment_count":0,"service_request_id":"43391D49-B5E2-46AB-B426-2AD984A51DA3","source":"DPR -Public Tree Map","status":"Open","work_order_count":0},"type":"Feature"},{"geometry":{"coordinates":[-73.837486,40.698521],"type":"Point"},"id":"43396553-E99E-4675-9A39-9EB9EC352777","properties":{"borough":"Queens","created_date":"2026-09-02T14:48:00.000","inspection_count":0,"latest_inspection_date":null,"latest_work_order_status":null,"latest_work_order_type":null,"max_risk_rating":null,"risk_assessment_count":0,"service_request_id":"43396553-E99E-4675-9A39-9EB9EC352777","source":"3-1-1 Call Center","status":"Open","work_order_count":0},"type":"Feature"},{"geometry":{"coordinates":[-73.920067,40.774903],"type":"Point"},"id":"433A99CF-09BB-4DBE-A268-16B3852D8213","properties":{"borough":"Queens","created_date":"2026-09-09T20:39:00.000","inspection_count":0,"latest_inspection_date":null,"latest_work_order_status":null,"latest_work_order_type":null,"max_risk_rating":null,"risk_assessment_count":0,"service_request_id":"433A99CF-09BB-4DBE-A268-16B3852D8213","source":"3-1-1 Call Center","status":"Open","work_order_count":0},"type":"Feature"},{"geometry":{"coordinates":[-73.996542,40.685002],"type":"Point"},"id":"433C6D82-8FAE-4CAA-BB1C-D649603BCB09","properties":{"borough":"Brooklyn","created_date":"2026-09-19T21:12:00.000","inspection_count":0,"latest_inspection_date":null,"latest_work_order_status":null,"latest_work_order_type":null,"max_risk_rating":null,"risk_assessment_count":0,"service_request_id":"433C6D82-8FAE-4CAA-BB1C-D649603BCB09","source":"3-1-1 Call Center","status":"Closed","work_order_count":0},"type":"Feature"},{"geometry":{"coordinates":[-73.9073,40.663583],"type":"Point"},"id":"433CC952-59D5-4452-A2DD-62F1CF8DEF32","properties":{"borough":"Brooklyn","created_date":"2026-09-13T18:59:00.000","inspection_count":0,"latest_inspection_date":null,"latest_work_order_status":null,"latest_work_order_type":null,"max_risk_rating":null,"risk_assessment_count":0,"service_request_id":"433CC952-59D5-4452-A2DD-62F1CF8DEF32","source":"3-1-1 Call Center","status":"Closed","work_order_count":0},"type":"Feature"},{"geometry":{"coordinates":[-73.778488,40.763863],"type":"Point"},"id":"433D9469-626A-44CF-99F3-637D9F976D98","properties":{"borough":"Queens","created_date":"2026-09-16T20:29:00.000","inspection_count":0,"latest_inspection_date":null,"latest_work_order_status":null,"latest_work_order_type":null,"max_risk_rating":null,"risk_assessment_count":0,"service_request_id":"433D9469-626A-44CF-99F3-637D9F976D98","source":"Department of Parks and Recreation - Public Web Site","status":"Open","work_order_count":0},"type":"Feature"},{"geometry":{"coordinates":[-73.987062,40.688355],"type":"Point"},"id":"4346B66D-885D-466A-9E6B-4F867971CFB0","properties":{"borough":"Brooklyn","created_date":"2026-09-04T13:53:55.000","inspection_count":0,"latest_inspection_date":null,"latest_work_order_status":null,"latest_work_order_type":null,"max_risk_rating":null,"risk_assessment_count":0,"service_request_id":"4346B66D-885D-466A-9E6B-4F867971CFB0","source":"DPR -Public Tree Map","status":"Open","work_order_count":0},"type":"Feature"},{"geometry":{"coordinates":[-73.80035,40.775834],"type":"Point"},"id":"4362890E-2F2C-404C-B240-0B598A6ACBA9","properties":{"borough":"Queens","created_date":"2026-09-24T16:13:00.000","inspection_count":0,"latest_inspection_date":null,"latest_work_order_status":null,"latest_work_order_type":null,"max_risk_rating":null,"risk_assessment_count":0,"service_request_id":"4362890E-2F2C-404C-B240-0B598A6ACBA9","source":"3-1-1 Call Center","status":"Open","work_order_count":0},"type":"Feature"},{"geometry":{"coordinates":[-73.95484,40.731767],"type":"Point"},"id":"437E9CD5-CF8D-4C67-B333-88BB4DF4EAC8","properties":{"borough":"Brooklyn","created_date":"2026-09-08T17:27:00.000","inspection_count":0,"latest_inspection_date":null,"latest_work_order_status":null,"latest_work_order_type":null,"max_risk_rating":null,"risk_assessment_count":0,"service_request_id":"437E9CD5-CF8D-4C67-B333-88BB4DF4EAC8","source":"3-1-1 Call Center","status":"Open","work_order_count":0},"type":"Feature"},{"geometry":{"coordinates":[-73.947352,40.806604],"type":"Point"},"id":"439A64C3-F5DC-495A-B513-2713D30D4FC0","properties":{"borough":"Manhattan","created_date":"2026-09-15T15:23:03.000","inspection_count":0,"latest_inspection_date":null,"latest_work_order_status":null,"latest_work_order_type":null,"max_risk_rating":null,"risk_assessment_count":0,"service_request_id":"439A64C3-F5DC-495A-B513-2713D30D4FC0","source":"Department of Parks and Recreation - Public Web Site","status":"Open","work_order_count":0},"type":"Feature"},{"geometry":{"coordinates":[-74.157642,40.541547],"type":"Point"},"id":"439B3C0D-4411-48B9-B885-842E6469D995","properties":{"borough":"Staten Island","created_date":"2026-09-15T18:34:19.000","inspection_count":0,"latest_inspection_date":null,"latest_work_order_status":null,"latest_work_order_type":null,"max_risk_rating":null,"risk_assessment_count":0,"service_request_id":"439B3C0D-4411-48B9-B885-842E6469D995","source":"3-1-1 Call Center","status":"Closed","work_order_count":0},"type":"Feature"},{"geometry":{"coordinates":[-73.804909,40.765352],"type":"Point"},"id":"439DF595-674B-491B-8973-D0678712E7A5","properties":{"borough":"Queens","created_date":"2026-09-22T12:33:00.000","inspection_count":0,"latest_inspection_date":null,"latest_work_order_status":null,"latest_work_order_type":null,"max_risk_rating":null,"risk_assessment_count":0,"service_request_id":"439DF595-674B-491B-8973-D0678712E7A5","source":"3-1-1 Call Center","status":"Closed","work_order_count":0},"type":"Feature"},{"geometry":{"coordinates":[-73.89351,40.735069],"type":"Point"},"id":"43A2F055-A91D-4A32-8FA9-5D0C70D175EC","properties":{"borough":"Queens","created_date":"2026-09-24T11:34:00.000","inspection_count":0,"latest_inspection_date":null,"latest_work_order_status":null,"latest_work_order_type":null,"max_risk_rating":null,"risk_assessment_count":0,"service_request_id":"43A2F055-A91D-4A32-8FA9-5D0C70D175EC","source":"3-1-1 Call Center","status":"Open","work_order_count":0},"type":"Feature"},{"geometry":{"coordinates":[-74.023187,40.63098],"type":"Point"},"id":"43B09F01-5C02-417E-9DB7-90DFF98152C0","properties":{"borough":"Brooklyn","created_date":"2026-09-06T22:50:20.000","inspection_count":0,"latest_inspection_date":null,"latest_work_order_status":null,"latest_work_order_type":null,"max_risk_rating":null,"risk_assessment_count":0,"service_request_id":"43B09F01-5C02-417E-9DB7-90DFF98152C0","source":"Department of Parks and Recreation - Public Web Site","status":"Open","work_order_count":0},"type":"Feature"},{"geometry":{"coordinates":[-73.770701,40.748389],"type":"Point"},"id":"43B22194-C891-4FF1-A1E4-B21F061684AD","properties":{"borough":"Queens","created_date":"2026-09-12T23:06:00.000","inspection_count":1,"latest_inspection_date":"2026-09-14T15:34:57.000","latest_work_order_status":"Closed","latest_work_order_type":"Limb Down","max_risk_rating":"9.0","risk_assessment_count":2,"service_request_id":"43B22194-C891-4FF1-A1E4-B21F061684AD","source":"3-1-1 Call Center","status":"Closed","work_order_count":1},"type":"Feature"},{"geometry":{"coordinates":[-73.833866,40.70701],"type":"Point"},"id":"43B2BB7F-F489-4C93-9A42-9B9D84B378F4","properties":{"borough":"Queens","created_date":"2026-09-24T20:13:00.000","inspection_count":0,"latest_inspection_date":null,"latest_work_order_status":null,"latest_work_order_type":null,"max_risk_rating":null,"risk_assessment_count":0,"service_request_id":"43B2BB7F-F489-4C93-9A42-9B9D84B378F4","source":"Department of Parks and Recreation - Public Web Site","status":"Open","work_order_count":0},"type":"Feature"},{"geometry":{"coordinates":[-73.974177,40.785257],"type":"Point"},"id":"43B524AA-A026-47C7-B013-1E199006EA97","properties":{"borough":"Manhattan","created_date":"2026-09-08T11:45:02.000","inspection_count":0,"latest_inspection_date":null,"latest_work_order_status":null,"latest_work_order_type":null,"max_risk_rating":null,"risk_assessment_count":0,"service_request_id":"43B524AA-A026-47C7-B013-1E199006EA97","source":"Department of Parks and Recreation - Public Web Site","status":"Closed","work_order_count":0},"type":"Feature"},{"geometry":{"coordinates":[-73.957364,40.67758],"type":"Point"},"id":"43B93295-DF8F-44EA-8FA2-C087905EE632","properties":{"borough":"Brooklyn","created_date":"2026-09-16T01:23:00.000","inspection_count":0,"latest_inspection_date":null,"latest_work_order_status":null,"latest_work_order_type":null,"max_risk_rating":null,"risk_assessment_count":0,"service_request_id":"43B93295-DF8F-44EA-8FA2-C087905EE632","source":"3-1-1 Call Center","status":"Open","work_order_count":0},"type":"Feature"},{"geometry":{"coordinates":[-73.818031,40.691253],"type":"Point"},"id":"43C0C8F1-AFE7-4477-8355-CBFEC0589B7C","properties":{"borough":"Queens","created_date":"2026-09-13T20:56:00.000","inspection_count":0,"latest_inspection_date":null,"latest_work_order_status":null,"latest_work_order_type":null,"max_risk_rating":null,"risk_assessment_count":0,"service_request_id":"43C0C8F1-AFE7-4477-8355-CBFEC0589B7C","source":"3-1-1 Call Center","status":"Open","work_order_count":0},"type":"Feature"},{"geometry":{"coordinates":[-73.985969,40.779794],"type":"Point"},"id":"43C9EAD2-808D-473E-97BB-AF525531D3E4","properties":{"borough":"Manhattan","created_date":"2026-09-14T22:42:00.000","inspection_count":1,"latest_inspection_date":"2026-09-15T14:38:41.000","latest_work_order_status":null,"latest_work_order_type":null,"max_risk_rating":"6.0","risk_assessment_count":1,"service_request_id":"43C9EAD2-808D-473E-97BB-AF525531D3E4","source":"Department of Parks and Recreation - Public Web Site","status":"Open","work_order_count":0},"type":"Feature"},{"geometry":{"coordinates":[-73.959519,40.67945],"type":"Point"},"id":"43CC9D47-61A3-413F-A207-1EEF52DDF579","properties":{"borough":"Brooklyn","created_date":"2026-09-25T15:27:09.000","inspection_count":0,"latest_inspection_date":null,"latest_work_order_status":null,"latest_work_order_type":null,"max_risk_rating":null,"risk_assessment_count":0,"service_request_id":"43CC9D47-61A3-413F-A207-1EEF52DDF579","source":"3-1-1 Call Center","status":"Closed","work_order_count":0},"type":"Feature"},{"geometry":{"coordinates":[-73.974177,40.785257],"type":"Point"},"id":"43E821C1-B8DA-4645-BDBC-4338AB27E2FC","properties":{"borough":"Manhattan","created_date":"2026-09-09T06:40:02.000","inspection_count":0,"latest_inspection_date":null,"latest_work_order_status":null,"latest_work_order_type":null,"max_risk_rating":null,"risk_assessment_count":0,"service_request_id":"43E821C1-B8DA-4645-BDBC-4338AB27E2FC","source":"Department of Parks and Recreation - Public Web Site","status":"Closed","work_order_count":0},"type":"Feature"},{"geometry":{"coordinates":[-73.957064,40.779809],"type":"Point"},"id":"43F22416-4356-4F5C-94E0-3D0FDC277748","properties":{"borough":"Manhattan","created_date":"2026-09-14T18:21:44.000","inspection_count":0,"latest_inspection_date":null,"latest_work_order_status":null,"latest_work_order_type":null,"max_risk_rating":null,"risk_assessment_count":0,"service_request_id":"43F22416-4356-4F5C-94E0-3D0FDC277748","source":"Department of Parks and Recreation - Public Web Site","status":"Open","work_order_count":0},"type":"Feature"},{"geometry":{"coordinates":[-73.71918,40.743573],"type":"Point"},"id":"43F351B9-1EF4-4793-BBF6-813EE2D6CE7F","properties":{"borough":"Queens","created_date":"2026-09-14T16:28:00.000","inspection_count":0,"latest_inspection_date":null,"latest_work_order_status":null,"latest_work_order_type":null,"max_risk_rating":null,"risk_assessment_count":0,"service_request_id":"43F351B9-1EF4-4793-BBF6-813EE2D6CE7F","source":"3-1-1 Call Center","status":"Open","work_order_count":0},"type":"Feature"},{"geometry":{"coordinates":[-73.974177,40.785257],"type":"Point"},"id":"43F39D9C-DB10-4466-95E1-646A69879E5D","properties":{"borough":"Manhattan","created_date":"2026-09-09T07:05:02.000","inspection_count":0,"latest_inspection_date":null,"latest_work_order_status":null,"latest_work_order_type":null,"max_risk_rating":null,"risk_assessment_count":0,"service_request_id":"43F39D9C-DB10-4466-95E1-646A69879E5D","source":"Department of Parks and Recreation - Public Web Site","status":"Closed","work_order_count":0},"type":"Feature"},{"geometry":{"coordinates":[-73.804344,40.736536],"type":"Point"},"id":"43F87B5C-6CBE-4116-B6C4-069B37B0FD41","properties":{"borough":"Queens","created_date":"2026-09-09T13:12:00.000","inspection_count":0,"latest_inspection_date":null,"latest_work_order_status":null,"latest_work_order_type":null,"max_risk_rating":null,"risk_assessment_count":0,"service_request_id":"43F87B5C-6CBE-4116-B6C4-069B37B0FD41","source":"3-1-1 Call Center","status":"Open","work_order_count":0},"type":"Feature"},{"geometry":{"coordinates":[-73.850748,40.833226],"type":"Point"},"id":"43F99A64-BAAC-42F9-BF36-1BD9FFD653F5","properties":{"borough":"Bronx","created_date":"2026-09-24T15:29:08.000","inspection_count":0,"latest_inspection_date":null,"latest_work_order_status":null,"latest_work_order_type":null,"max_risk_rating":null,"risk_assessment_count":0,"service_request_id":"43F99A64-BAAC-42F9-BF36-1BD9FFD653F5","source":"3-1-1 Call Center","status":"Open","work_order_count":0},"type":"Feature"},{"geometry":{"coordinates":[-73.981623,40.64337],"type":"Point"},"id":"43FCF9A7-FDDD-482F-A333-9639B75662EF","properties":{"borough":"Brooklyn","created_date":"2026-09-03T18:28:43.000","inspection_count":0,"latest_inspection_date":null,"latest_work_order_status":null,"latest_work_order_type":null,"max_risk_rating":null,"risk_assessment_count":0,"service_request_id":"43FCF9A7-FDDD-482F-A333-9639B75662EF","source":"3-1-1 Call Center","status":"Closed","work_order_count":0},"type":"Feature"},{"geometry":{"coordinates":[-74.116202,40.570884],"type":"Point"},"id":"440270FF-82D4-40D0-B5D6-EA9213CD8AEE","properties":{"borough":"Staten Island","created_date":"2026-09-23T13:50:25.000","inspection_count":0,"latest_inspection_date":null,"latest_work_order_status":null,"latest_work_order_type":null,"max_risk_rating":null,"risk_assessment_count":0,"service_request_id":"440270FF-82D4-40D0-B5D6-EA9213CD8AEE","source":"3-1-1 Call Center","status":"Open","work_order_count":0},"type":"Feature"},{"geometry":{"coordinates":[-73.85143,40.733401],"type":"Point"},"id":"44273E02-2CAC-4147-8A43-F3B05F8283C4","properties":{"borough":"Queens","created_date":"2026-09-03T17:05:00.000","inspection_count":0,"latest_inspection_date":null,"latest_work_order_status":null,"latest_work_order_type":null,"max_risk_rating":null,"risk_assessment_count":0,"service_request_id":"44273E02-2CAC-4147-8A43-F3B05F8283C4","source":"3-1-1 Call Center","status":"Open","work_order_count":0},"type":"Feature"},{"geometry":{"coordinates":[-74.179104,40.537843],"type":"Point"},"id":"442864D0-A0D1-4E24-B18A-FA93A2A10586","properties":{"borough":"Staten Island","created_date":"2026-09-09T19:08:00.000","inspection_count":1,"latest_inspection_date":"2026-04-21T14:32:31.000","latest_work_order_status":null,"latest_work_order_type":null,"max_risk_rating":"6.0","risk_assessment_count":2,"service_request_id":"442864D0-A0D1-4E24-B18A-FA93A2A10586","source":"3-1-1 Call Center","status":"Closed","work_order_count":0},"type":"Feature"},{"geometry":{"coordinates":[-73.856331,40.689427],"type":"Point"},"id":"44287F93-42A8-4E50-B609-DDBD6B9DBCD6","properties":{"borough":"Queens","created_date":"2026-09-18T00:57:00.000","inspection_count":0,"latest_inspection_date":null,"latest_work_order_status":null,"latest_work_order_type":null,"max_risk_rating":null,"risk_assessment_count":0,"service_request_id":"44287F93-42A8-4E50-B609-DDBD6B9DBCD6","source":"3-1-1 Call Center","status":"Open","work_order_count":0},"type":"Feature"},{"geometry":{"coordinates":[-73.982904,40.606143],"type":"Point"},"id":"442E47FF-5843-4BEC-B9CD-12C03A10ABA3","properties":{"borough":"Brooklyn","created_date":"2026-09-02T23:25:00.000","inspection_count":0,"latest_inspection_date":null,"latest_work_order_status":null,"latest_work_order_type":null,"max_risk_rating":null,"risk_assessment_count":0,"service_request_id":"442E47FF-5843-4BEC-B9CD-12C03A10ABA3","source":"Department of Parks and Recreation - Public Web Site","status":"Open","work_order_count":0},"type":"Feature"},{"geometry":{"coordinates":[-73.974177,40.785257],"type":"Point"},"id":"443A48DF-685F-4BAD-9DF4-CEC4890D4430","properties":{"borough":"Manhattan","created_date":"2026-09-09T04:05:02.000","inspection_count":0,"latest_inspection_date":null,"latest_work_order_status":null,"latest_work_order_type":null,"max_risk_rating":null,"risk_assessment_count":0,"service_request_id":"443A48DF-685F-4BAD-9DF4-CEC4890D4430","source":"Department of Parks and Recreation - Public Web Site","status":"Closed","work_order_count":0},"type":"Feature"},{"geometry":{"coordinates":[-73.925947,40.630395],"type":"Point"},"id":"443ED9D6-DAD8-4CF5-B91F-82AA89CDCFE0","properties":{"borough":"Brooklyn","created_date":"2026-09-25T16:38:00.000","inspection_count":0,"latest_inspection_date":null,"latest_work_order_status":null,"latest_work_order_type":null,"max_risk_rating":null,"risk_assessment_count":0,"service_request_id":"443ED9D6-DAD8-4CF5-B91F-82AA89CDCFE0","source":"3-1-1 Call Center","status":"Closed","work_order_count":0},"type":"Feature"},{"geometry":{"coordinates":[-73.829695,40.854391],"type":"Point"},"id":"445937C9-28AB-463C-83C6-6137336ECD85","properties":{"borough":"Bronx","created_date":"2026-09-11T15:47:57.000","inspection_count":0,"latest_inspection_date":null,"latest_work_order_status":null,"latest_work_order_type":null,"max_risk_rating":null,"risk_assessment_count":0,"service_request_id":"445937C9-28AB-463C-83C6-6137336ECD85","source":"Department of Parks and Recreation - Public Web Site","status":"Open","work_order_count":0},"type":"Feature"},{"geometry":{"coordinates":[-73.794638,40.684772],"type":"Point"},"id":"445F3BBB-13F0-46A4-8895-DA300CBB04E0","properties":{"borough":"Queens","created_date":"2026-09-04T17:24:48.000","inspection_count":0,"latest_inspection_date":null,"latest_work_order_status":null,"latest_work_order_type":null,"max_risk_rating":null,"risk_assessment_count":0,"service_request_id":"445F3BBB-13F0-46A4-8895-DA300CBB04E0","source":"Department of Parks and Recreation - Public Web Site","status":"Open","work_order_count":0},"type":"Feature"},{"geometry":{"coordinates":[-73.974177,40.785257],"type":"Point"},"id":"446E1EA3-65B5-4C17-B46E-FAB1BC79AD39","properties":{"borough":"Manhattan","created_date":"2026-09-07T14:40:02.000","inspection_count":0,"latest_inspection_date":null,"latest_work_order_status":null,"latest_work_order_type":null,"max_risk_rating":null,"risk_assessment_count":0,"service_request_id":"446E1EA3-65B5-4C17-B46E-FAB1BC79AD39","source":"Department of Parks and Recreation - Public Web Site","status":"Closed","work_order_count":0},"type":"Feature"},{"geometry":{"coordinates":[-74.003483,40.616306],"type":"Point"},"id":"4474FBBC-38E9-46AB-A00B-2A56E11AD34C","properties":{"borough":"Brooklyn","created_date":"2026-09-12T17:10:02.000","inspection_count":0,"latest_inspection_date":null,"latest_work_order_status":null,"latest_work_order_type":null,"max_risk_rating":null,"risk_assessment_count":0,"service_request_id":"4474FBBC-38E9-46AB-A00B-2A56E11AD34C","source":"Department of Parks and Recreation - Public Web Site","status":"Open","work_order_count":0},"type":"Feature"},{"geometry":{"coordinates":[-73.823865,40.702609],"type":"Point"},"id":"44B6A70E-4D82-416E-90DB-9A7238332907","properties":{"borough":"Queens","created_date":"2026-09-16T15:13:00.000","inspection_count":0,"latest_inspection_date":null,"latest_work_order_status":null,"latest_work_order_type":null,"max_risk_rating":null,"risk_assessment_count":0,"service_request_id":"44B6A70E-4D82-416E-90DB-9A7238332907","source":"3-1-1 Call Center","status":"Open","work_order_count":0},"type":"Feature"},{"geometry":{"coordinates":[-74.011808,40.642084],"type":"Point"},"id":"44C3B0AB-B5DA-4960-8CD7-7BC8E02ED079","properties":{"borough":"Brooklyn","created_date":"2026-09-08T00:44:01.000","inspection_count":0,"latest_inspection_date":null,"latest_work_order_status":null,"latest_work_order_type":null,"max_risk_rating":null,"risk_assessment_count":0,"service_request_id":"44C3B0AB-B5DA-4960-8CD7-7BC8E02ED079","source":"Department of Parks and Recreation - Public Web Site","status":"Open","work_order_count":0},"type":"Feature"},{"geometry":{"coordinates":[-73.983486,40.729535],"type":"Point"},"id":"44C4348A-724A-4FB3-9A3B-EED5AE28ABCA","properties":{"borough":"Manhattan","created_date":"2026-09-12T12:38:00.000","inspection_count":1,"latest_inspection_date":"2026-09-15T12:52:32.000","latest_work_order_status":"Cancel","latest_work_order_type":"Limb Down","max_risk_rating":"7.0","risk_assessment_count":1,"service_request_id":"44C4348A-724A-4FB3-9A3B-EED5AE28ABCA","source":"3-1-1 Call Center","status":"Closed","work_order_count":1},"type":"Feature"},{"geometry":{"coordinates":[-73.793224,40.756822],"type":"Point"},"id":"44D9E40B-E598-46B6-B917-38240982E5D3","properties":{"borough":"Queens","created_date":"2026-09-02T00:30:00.000","inspection_count":2,"latest_inspection_date":"2026-09-15T04:00:00.000","latest_work_order_status":"Open","latest_work_order_type":"Pruning","max_risk_rating":"8.0","risk_assessment_count":2,"service_request_id":"44D9E40B-E598-46B6-B917-38240982E5D3","source":"3-1-1 Call Center","status":"Open","work_order_count":2},"type":"Feature"},{"geometry":{"coordinates":[-73.974177,40.785257],"type":"Point"},"id":"45000C2F-9CAE-4843-B478-7735BD96CFF4","properties":{"borough":"Manhattan","created_date":"2026-09-08T14:55:02.000","inspection_count":0,"latest_inspection_date":null,"latest_work_order_status":null,"latest_work_order_type":null,"max_risk_rating":null,"risk_assessment_count":0,"service_request_id":"45000C2F-9CAE-4843-B478-7735BD96CFF4","source":"Department of Parks and Recreation - Public Web Site","status":"Closed","work_order_count":0},"type":"Feature"},{"geometry":{"coordinates":[-73.806596,40.782267],"type":"Point"},"id":"450A3C0F-6F80-4258-ACB6-3734CBC53810","properties":{"borough":"Queens","created_date":"2026-09-17T20:02:00.000","inspection_count":0,"latest_inspection_date":null,"latest_work_order_status":null,"latest_work_order_type":null,"max_risk_rating":null,"risk_assessment_count":0,"service_request_id":"450A3C0F-6F80-4258-ACB6-3734CBC53810","source":"Department of Parks and Recreation - Public Web Site","status":"Open","work_order_count":0},"type":"Feature"},{"geometry":{"coordinates":[-73.977756,40.750874],"type":"Point"},"id":"450AE3E3-4A3F-4AA8-B3A8-4C0919DB101C","properties":{"borough":"Manhattan","created_date":"2026-09-24T16:38:15.000","inspection_count":0,"latest_inspection_date":null,"latest_work_order_status":null,"latest_work_order_type":null,"max_risk_rating":null,"risk_assessment_count":0,"service_request_id":"450AE3E3-4A3F-4AA8-B3A8-4C0919DB101C","source":"3-1-1 Call Center","status":"Open","work_order_count":0},"type":"Feature"},{"geometry":{"coordinates":[-74.003483,40.616306],"type":"Point"},"id":"450DD97E-79FD-4C13-9E95-8BF71031533D","properties":{"borough":"Brooklyn","created_date":"2026-09-12T07:35:02.000","inspection_count":0,"latest_inspection_date":null,"latest_work_order_status":null,"latest_work_order_type":null,"max_risk_rating":null,"risk_assessment_count":0,"service_request_id":"450DD97E-79FD-4C13-9E95-8BF71031533D","source":"Department of Parks and Recreation - Public Web Site","status":"Open","work_order_count":0},"type":"Feature"},{"geometry":{"coordinates":[-73.974177,40.785257],"type":"Point"},"id":"4519D0AF-3292-4287-84D0-82D5E26B1CC5","properties":{"borough":"Manhattan","created_date":"2026-09-08T20:10:02.000","inspection_count":0,"latest_inspection_date":null,"latest_work_order_status":null,"latest_work_order_type":null,"max_risk_rating":null,"risk_assessment_count":0,"service_request_id":"4519D0AF-3292-4287-84D0-82D5E26B1CC5","source":"Department of Parks and Recreation - Public Web Site","status":"Closed","work_order_count":0},"type":"Feature"},{"geometry":{"coordinates":[-74.010786,40.60512],"type":"Point"},"id":"4521ECCB-F5D1-4BA5-B1B5-2284C04A4C8A","properties":{"borough":"Brooklyn","created_date":"2026-09-16T17:44:00.000","inspection_count":0,"latest_inspection_date":null,"latest_work_order_status":null,"latest_work_order_type":null,"max_risk_rating":null,"risk_assessment_count":0,"service_request_id":"4521ECCB-F5D1-4BA5-B1B5-2284C04A4C8A","source":"3-1-1 Call Center","status":"Open","work_order_count":0},"type":"Feature"},{"geometry":{"coordinates":[-73.974177,40.785257],"type":"Point"},"id":"45242B46-18D3-476A-9B23-B25BBA5462F2","properties":{"borough":"Manhattan","created_date":"2026-09-08T04:10:02.000","inspection_count":0,"latest_inspection_date":null,"latest_work_order_status":null,"latest_work_order_type":null,"max_risk_rating":null,"risk_assessment_count":0,"service_request_id":"45242B46-18D3-476A-9B23-B25BBA5462F2","source":"Department of Parks and Recreation - Public Web Site","status":"Closed","work_order_count":0},"type":"Feature"},{"geometry":{"coordinates":[-73.725656,40.754573],"type":"Point"},"id":"4525C35F-9BE6-4E17-A82E-4F8A29FA326C","properties":{"borough":"Queens","created_date":"2026-09-21T17:07:00.000","inspection_count":0,"latest_inspection_date":null,"latest_work_order_status":null,"latest_work_order_type":null,"max_risk_rating":null,"risk_assessment_count":0,"service_request_id":"4525C35F-9BE6-4E17-A82E-4F8A29FA326C","source":"3-1-1 Call Center","status":"Open","work_order_count":0},"type":"Feature"},{"geometry":{"coordinates":[-73.726012,40.73381],"type":"Point"},"id":"4536C212-C2C4-4FAA-BB36-6F7330CA21A1","properties":{"borough":"Queens","created_date":"2026-09-08T15:27:00.000","inspection_count":0,"latest_inspection_date":null,"latest_work_order_status":null,"latest_work_order_type":null,"max_risk_rating":null,"risk_assessment_count":0,"service_request_id":"4536C212-C2C4-4FAA-BB36-6F7330CA21A1","source":"Department of Parks and Recreation - Public Web Site","status":"Open","work_order_count":0},"type":"Feature"},{"geometry":{"coordinates":[-73.882734,40.705523],"type":"Point"},"id":"453A72AA-60F7-479D-BBBE-23B8DF173577","properties":{"borough":"Queens","created_date":"2026-09-07T22:59:00.000","inspection_count":0,"latest_inspection_date":null,"latest_work_order_status":null,"latest_work_order_type":null,"max_risk_rating":null,"risk_assessment_count":0,"service_request_id":"453A72AA-60F7-479D-BBBE-23B8DF173577","source":"3-1-1 Call Center","status":"Open","work_order_count":0},"type":"Feature"},{"geometry":{"coordinates":[-73.78882,40.758148],"type":"Point"},"id":"45473BB2-BE1A-424C-960D-B0E5D03B1EBB","properties":{"borough":"Queens","created_date":"2026-09-19T01:22:02.000","inspection_count":0,"latest_inspection_date":null,"latest_work_order_status":null,"latest_work_order_type":null,"max_risk_rating":null,"risk_assessment_count":0,"service_request_id":"45473BB2-BE1A-424C-960D-B0E5D03B1EBB","source":"Department of Parks and Recreation - Public Web Site","status":"Open","work_order_count":0},"type":"Feature"},{"geometry":{"coordinates":[-73.974177,40.785257],"type":"Point"},"id":"45525471-486F-4605-9ACF-784F518AC5BF","properties":{"borough":"Manhattan","created_date":"2026-09-08T02:00:02.000","inspection_count":0,"latest_inspection_date":null,"latest_work_order_status":null,"latest_work_order_type":null,"max_risk_rating":null,"risk_assessment_count":0,"service_request_id":"45525471-486F-4605-9ACF-784F518AC5BF","source":"Department of Parks and Recreation - Public Web Site","status":"Closed","work_order_count":0},"type":"Feature"},{"geometry":{"coordinates":[-73.775733,40.71269],"type":"Point"},"id":"45657C25-6F6C-4071-96D3-A07B91E8920F","properties":{"borough":"Queens","created_date":"2026-09-01T14:59:00.000","inspection_count":0,"latest_inspection_date":null,"latest_work_order_status":null,"latest_work_order_type":null,"max_risk_rating":null,"risk_assessment_count":0,"service_request_id":"45657C25-6F6C-4071-96D3-A07B91E8920F","source":"3-1-1 Call Center","status":"Open","work_order_count":0},"type":"Feature"},{"geometry":{"coordinates":[-73.925694,40.873486],"type":"Point"},"id":"456F5B74-37CC-459F-9FF1-C3D8FC5FED88","properties":{"borough":"Manhattan","created_date":"2026-09-13T03:41:00.000","inspection_count":0,"latest_inspection_date":null,"latest_work_order_status":null,"latest_work_order_type":null,"max_risk_rating":null,"risk_assessment_count":0,"service_request_id":"456F5B74-37CC-459F-9FF1-C3D8FC5FED88","source":"Department of Parks and Recreation - Public Web Site","status":"Open","work_order_count":0},"type":"Feature"},{"geometry":{"coordinates":[-74.206881,40.528038],"type":"Point"},"id":"45758A7A-8A2D-4082-B662-D91B0FAE674A","properties":{"borough":"Staten Island","created_date":"2026-09-21T14:21:00.000","inspection_count":0,"latest_inspection_date":null,"latest_work_order_status":null,"latest_work_order_type":null,"max_risk_rating":null,"risk_assessment_count":0,"service_request_id":"45758A7A-8A2D-4082-B662-D91B0FAE674A","source":"3-1-1 Call Center","status":"Closed","work_order_count":0},"type":"Feature"},{"geometry":{"coordinates":[-73.831883,40.684978],"type":"Point"},"id":"457637FE-C5BB-4F85-BA7F-5CF46FD16E19","properties":{"borough":"Queens","created_date":"2026-09-10T17:25:00.000","inspection_count":0,"latest_inspection_date":null,"latest_work_order_status":null,"latest_work_order_type":null,"max_risk_rating":null,"risk_assessment_count":0,"service_request_id":"457637FE-C5BB-4F85-BA7F-5CF46FD16E19","source":"3-1-1 Call Center","status":"Open","work_order_count":0},"type":"Feature"},{"geometry":{"coordinates":[-74.003483,40.616306],"type":"Point"},"id":"458719A6-BB85-4FC6-B8BC-C1DE314C6413","properties":{"borough":"Brooklyn","created_date":"2026-09-12T02:30:02.000","inspection_count":0,"latest_inspection_date":null,"latest_work_order_status":null,"latest_work_order_type":null,"max_risk_rating":null,"risk_assessment_count":0,"service_request_id":"458719A6-BB85-4FC6-B8BC-C1DE314C6413","source":"Department of Parks and Recreation - Public Web Site","status":"Open","work_order_count":0},"type":"Feature"},{"geometry":{"coordinates":[-73.974177,40.785257],"type":"Point"},"id":"458CD61C-BC84-46F9-8C70-CB7DC25F5AAE","properties":{"borough":"Manhattan","created_date":"2026-09-08T23:10:02.000","inspection_count":0,"latest_inspection_date":null,"latest_work_order_status":null,"latest_work_order_type":null,"max_risk_rating":null,"risk_assessment_count":0,"service_request_id":"458CD61C-BC84-46F9-8C70-CB7DC25F5AAE","source":"Department of Parks and Recreation - Public Web Site","status":"Closed","work_order_count":0},"type":"Feature"},{"geometry":{"coordinates":[-73.97114,40.618802],"type":"Point"},"id":"45A9F8CC-E52D-494F-92B0-EFAA9F331252","properties":{"borough":"Brooklyn","created_date":"2026-09-07T16:52:00.000","inspection_count":0,"latest_inspection_date":null,"latest_work_order_status":null,"latest_work_order_type":null,"max_risk_rating":null,"risk_assessment_count":0,"service_request_id":"45A9F8CC-E52D-494F-92B0-EFAA9F331252","source":"3-1-1 Call Center","status":"Open","work_order_count":0},"type":"Feature"},{"geometry":{"coordinates":[-73.938563,40.681091],"type":"Point"},"id":"45AFB028-BFAD-4589-A0EC-B66BF427C697","properties":{"borough":"Brooklyn","created_date":"2026-09-15T04:38:10.000","inspection_count":0,"latest_inspection_date":null,"latest_work_order_status":null,"latest_work_order_type":null,"max_risk_rating":null,"risk_assessment_count":0,"service_request_id":"45AFB028-BFAD-4589-A0EC-B66BF427C697","source":"3-1-1 Call Center","status":"Closed","work_order_count":0},"type":"Feature"},{"geometry":{"coordinates":[-73.844455,40.653142],"type":"Point"},"id":"45B3C02D-39C3-41E6-8E46-C77B448B8193","properties":{"borough":"Queens","created_date":"2026-09-02T23:57:04.000","inspection_count":0,"latest_inspection_date":null,"latest_work_order_status":null,"latest_work_order_type":null,"max_risk_rating":null,"risk_assessment_count":0,"service_request_id":"45B3C02D-39C3-41E6-8E46-C77B448B8193","source":"3-1-1 Call Center","status":"Open","work_order_count":0},"type":"Feature"},{"geometry":{"coordinates":[-74.117058,40.558306],"type":"Point"},"id":"45BFC4DF-B120-4365-A0A3-B92FD024B460","properties":{"borough":"Staten Island","created_date":"2026-09-01T23:07:00.000","inspection_count":0,"latest_inspection_date":null,"latest_work_order_status":null,"latest_work_order_type":null,"max_risk_rating":null,"risk_assessment_count":0,"service_request_id":"45BFC4DF-B120-4365-A0A3-B92FD024B460","source":"3-1-1 Call Center","status":"Open","work_order_count":0},"type":"Feature"},{"geometry":{"coordinates":[-74.179309,40.552461],"type":"Point"},"id":"45CB10CC-B827-408A-BE6F-258FF8B34555","properties":{"borough":"Staten Island","created_date":"2026-09-17T13:08:00.000","inspection_count":0,"latest_inspection_date":null,"latest_work_order_status":null,"latest_work_order_type":null,"max_risk_rating":null,"risk_assessment_count":0,"service_request_id":"45CB10CC-B827-408A-BE6F-258FF8B34555","source":"3-1-1 Call Center","status":"Open","work_order_count":0},"type":"Feature"},{"geometry":{"coordinates":[-73.964557,40.596227],"type":"Point"},"id":"45D14F8E-CAE6-42C3-94F9-706B9871DE64","properties":{"borough":"Brooklyn","created_date":"2026-09-22T03:02:30.000","inspection_count":0,"latest_inspection_date":null,"latest_work_order_status":null,"latest_work_order_type":null,"max_risk_rating":null,"risk_assessment_count":0,"service_request_id":"45D14F8E-CAE6-42C3-94F9-706B9871DE64","source":"DPR -Public Tree Map","status":"Open","work_order_count":0},"type":"Feature"},{"geometry":{"coordinates":[-73.943295,40.599043],"type":"Point"},"id":"45D47458-AECB-4D1A-9B99-E668A5D774ED","properties":{"borough":"Brooklyn","created_date":"2026-09-08T01:47:06.000","inspection_count":0,"latest_inspection_date":null,"latest_work_order_status":null,"latest_work_order_type":null,"max_risk_rating":null,"risk_assessment_count":0,"service_request_id":"45D47458-AECB-4D1A-9B99-E668A5D774ED","source":"Department of Parks and Recreation - Public Web Site","status":"Open","work_order_count":0},"type":"Feature"},{"geometry":{"coordinates":[-73.96134,40.684776],"type":"Point"},"id":"45DC1FDC-1D4D-4C49-AF65-4747EF3B3C80","properties":{"borough":"Brooklyn","created_date":"2026-09-25T17:36:00.000","inspection_count":0,"latest_inspection_date":null,"latest_work_order_status":null,"latest_work_order_type":null,"max_risk_rating":null,"risk_assessment_count":0,"service_request_id":"45DC1FDC-1D4D-4C49-AF65-4747EF3B3C80","source":"Department of Parks and Recreation - Public Web Site","status":"Closed","work_order_count":0},"type":"Feature"},{"geometry":{"coordinates":[-73.790898,40.68039],"type":"Point"},"id":"45E33F1C-7AD5-43F4-9C83-34E905EC7D16","properties":{"borough":"Queens","created_date":"2026-09-25T11:36:54.000","inspection_count":0,"latest_inspection_date":null,"latest_work_order_status":null,"latest_work_order_type":null,"max_risk_rating":null,"risk_assessment_count":0,"service_request_id":"45E33F1C-7AD5-43F4-9C83-34E905EC7D16","source":"Department of Parks and Recreation - Public Web Site","status":"Open","work_order_count":0},"type":"Feature"},{"geometry":{"coordinates":[-74.003483,40.616306],"type":"Point"},"id":"461675EC-8BA3-42B2-AC0C-58A0E5E4697F","properties":{"borough":"Brooklyn","created_date":"2026-09-12T08:00:02.000","inspection_count":0,"latest_inspection_date":null,"latest_work_order_status":null,"latest_work_order_type":null,"max_risk_rating":null,"risk_assessment_count":0,"service_request_id":"461675EC-8BA3-42B2-AC0C-58A0E5E4697F","source":"Department of Parks and Recreation - Public Web Site","status":"Open","work_order_count":0},"type":"Feature"},{"geometry":{"coordinates":[-73.915462,40.778979],"type":"Point"},"id":"4628AFA5-5CE9-48E5-98E3-4A38467FCFC9","properties":{"borough":"Queens","created_date":"2026-09-24T01:14:00.000","inspection_count":0,"latest_inspection_date":null,"latest_work_order_status":null,"latest_work_order_type":null,"max_risk_rating":null,"risk_assessment_count":0,"service_request_id":"4628AFA5-5CE9-48E5-98E3-4A38467FCFC9","source":"3-1-1 Call Center","status":"Closed","work_order_count":0},"type":"Feature"},{"geometry":{"coordinates":[-73.729939,40.668576],"type":"Point"},"id":"463D9B3A-F455-495B-9EAA-4D1953C4A798","properties":{"borough":"Queens","created_date":"2026-09-05T18:11:00.000","inspection_count":0,"latest_inspection_date":null,"latest_work_order_status":null,"latest_work_order_type":null,"max_risk_rating":null,"risk_assessment_count":0,"service_request_id":"463D9B3A-F455-495B-9EAA-4D1953C4A798","source":"3-1-1 Call Center","status":"Closed","work_order_count":0},"type":"Feature"},{"geometry":{"coordinates":[-73.908323,40.776819],"type":"Point"},"id":"463FB08C-7E39-4BFF-9E70-C367E08AA263","properties":{"borough":"Queens","created_date":"2026-09-05T12:08:00.000","inspection_count":0,"latest_inspection_date":null,"latest_work_order_status":null,"latest_work_order_type":null,"max_risk_rating":null,"risk_assessment_count":0,"service_request_id":"463FB08C-7E39-4BFF-9E70-C367E08AA263","source":"Department of Parks and Recreation - Public Web Site","status":"Open","work_order_count":0},"type":"Feature"},{"geometry":{"coordinates":[-73.974177,40.785257],"type":"Point"},"id":"464BEFE4-BFF1-4B71-9575-C0F681E3E2BA","properties":{"borough":"Manhattan","created_date":"2026-09-07T18:40:02.000","inspection_count":0,"latest_inspection_date":null,"latest_work_order_status":null,"latest_work_order_type":null,"max_risk_rating":null,"risk_assessment_count":0,"service_request_id":"464BEFE4-BFF1-4B71-9575-C0F681E3E2BA","source":"Department of Parks and Recreation - Public Web Site","status":"Closed","work_order_count":0},"type":"Feature"},{"geometry":{"coordinates":[-73.988124,40.720192],"type":"Point"},"id":"46735B22-692C-4099-A9A4-0752EE290C14","properties":{"borough":"Manhattan","created_date":"2026-09-11T20:26:06.000","inspection_count":0,"latest_inspection_date":null,"latest_work_order_status":null,"latest_work_order_type":null,"max_risk_rating":null,"risk_assessment_count":0,"service_request_id":"46735B22-692C-4099-A9A4-0752EE290C14","source":"Department of Parks and Recreation - Public Web Site","status":"Open","work_order_count":0},"type":"Feature"},{"geometry":{"coordinates":[-73.870951,40.747815],"type":"Point"},"id":"468A60D1-0060-48BB-B609-6D6DA75F98BC","properties":{"borough":"Queens","created_date":"2026-09-19T23:58:00.000","inspection_count":0,"latest_inspection_date":null,"latest_work_order_status":null,"latest_work_order_type":null,"max_risk_rating":null,"risk_assessment_count":0,"service_request_id":"468A60D1-0060-48BB-B609-6D6DA75F98BC","source":"Department of Parks and Recreation - Public Web Site","status":"Open","work_order_count":0},"type":"Feature"},{"geometry":{"coordinates":[-73.981653,40.62366],"type":"Point"},"id":"468F441F-19E2-4743-94F6-DEDBAA492D4E","properties":{"borough":"Brooklyn","created_date":"2026-09-20T19:15:00.000","inspection_count":0,"latest_inspection_date":null,"latest_work_order_status":null,"latest_work_order_type":null,"max_risk_rating":null,"risk_assessment_count":0,"service_request_id":"468F441F-19E2-4743-94F6-DEDBAA492D4E","source":"3-1-1 Call Center","status":"Open","work_order_count":0},"type":"Feature"},{"geometry":{"coordinates":[-73.908847,40.747428],"type":"Point"},"id":"46998DEC-27C4-4AC1-98E6-83C64F50034E","properties":{"borough":"Queens","created_date":"2026-09-14T16:09:00.000","inspection_count":0,"latest_inspection_date":null,"latest_work_order_status":null,"latest_work_order_type":null,"max_risk_rating":null,"risk_assessment_count":0,"service_request_id":"46998DEC-27C4-4AC1-98E6-83C64F50034E","source":"3-1-1 Call Center","status":"Open","work_order_count":0},"type":"Feature"},{"geometry":{"coordinates":[-73.859071,40.714938],"type":"Point"},"id":"46C89E39-6DB8-4897-BFF6-DC742A1EB4DB","properties":{"borough":"Queens","created_date":"2026-09-18T20:15:00.000","inspection_count":0,"latest_inspection_date":null,"latest_work_order_status":null,"latest_work_order_type":null,"max_risk_rating":null,"risk_assessment_count":0,"service_request_id":"46C89E39-6DB8-4897-BFF6-DC742A1EB4DB","source":"Department of Parks and Recreation - Public Web Site","status":"Open","work_order_count":0},"type":"Feature"},{"geometry":{"coordinates":[-73.92021,40.86367],"type":"Point"},"id":"46D12E9D-1A5D-4E23-BDFE-348F8154F4AB","properties":{"borough":"Manhattan","created_date":"2026-09-18T17:40:00.000","inspection_count":1,"latest_inspection_date":"2026-09-23T18:15:03.000","latest_work_order_status":"Open","latest_work_order_type":"Misc Work","max_risk_rating":"5.0","risk_assessment_count":1,"service_request_id":"46D12E9D-1A5D-4E23-BDFE-348F8154F4AB","source":"Department of Parks and Recreation - Public Web Site","status":"Open","work_order_count":1},"type":"Feature"},{"geometry":{"coordinates":[-74.089319,40.604306],"type":"Point"},"id":"46E28AD4-B9DF-4C4D-A688-93F98763AAFA","properties":{"borough":"Staten Island","created_date":"2026-09-09T16:40:00.000","inspection_count":0,"latest_inspection_date":null,"latest_work_order_status":null,"latest_work_order_type":null,"max_risk_rating":null,"risk_assessment_count":0,"service_request_id":"46E28AD4-B9DF-4C4D-A688-93F98763AAFA","source":"3-1-1 Call Center","status":"Open","work_order_count":0},"type":"Feature"},{"geometry":{"coordinates":[-74.165641,40.553418],"type":"Point"},"id":"4702BD14-C2F7-4B46-BF37-3CBEAF9B69CB","properties":{"borough":"Staten Island","created_date":"2026-09-09T12:24:00.000","inspection_count":0,"latest_inspection_date":null,"latest_work_order_status":null,"latest_work_order_type":null,"max_risk_rating":null,"risk_assessment_count":0,"service_request_id":"4702BD14-C2F7-4B46-BF37-3CBEAF9B69CB","source":"3-1-1 Call Center","status":"Open","work_order_count":0},"type":"Feature"},{"geometry":{"coordinates":[-73.974177,40.785257],"type":"Point"},"id":"470B36C1-972E-4007-899A-C41E436B87C6","properties":{"borough":"Manhattan","created_date":"2026-09-09T02:10:02.000","inspection_count":0,"latest_inspection_date":null,"latest_work_order_status":null,"latest_work_order_type":null,"max_risk_rating":null,"risk_assessment_count":0,"service_request_id":"470B36C1-972E-4007-899A-C41E436B87C6","source":"Department of Parks and Recreation - Public Web Site","status":"Closed","work_order_count":0},"type":"Feature"},{"geometry":{"coordinates":[-73.966642,40.689381],"type":"Point"},"id":"4713C744-2D61-4489-8C80-D0B8A610A84B","properties":{"borough":"Brooklyn","created_date":"2026-09-13T17:19:23.000","inspection_count":0,"latest_inspection_date":null,"latest_work_order_status":null,"latest_work_order_type":null,"max_risk_rating":null,"risk_assessment_count":0,"service_request_id":"4713C744-2D61-4489-8C80-D0B8A610A84B","source":"3-1-1 Call Center","status":"Open","work_order_count":0},"type":"Feature"},{"geometry":{"coordinates":[-73.907538,40.704939],"type":"Point"},"id":"4717D0DB-5123-4987-8E0D-84B5CDC0CBE6","properties":{"borough":"Queens","created_date":"2026-09-16T03:51:46.000","inspection_count":0,"latest_inspection_date":null,"latest_work_order_status":null,"latest_work_order_type":null,"max_risk_rating":null,"risk_assessment_count":0,"service_request_id":"4717D0DB-5123-4987-8E0D-84B5CDC0CBE6","source":"3-1-1 Call Center","status":"Open","work_order_count":0},"type":"Feature"},{"geometry":{"coordinates":[-73.913438,40.747361],"type":"Point"},"id":"4726293B-DC2E-458B-ACC3-1FD06E5F46DC","properties":{"borough":"Queens","created_date":"2026-09-16T14:41:00.000","inspection_count":0,"latest_inspection_date":null,"latest_work_order_status":null,"latest_work_order_type":null,"max_risk_rating":null,"risk_assessment_count":0,"service_request_id":"4726293B-DC2E-458B-ACC3-1FD06E5F46DC","source":"3-1-1 Call Center","status":"Open","work_order_count":0},"type":"Feature"},{"geometry":{"coordinates":[-74.003603,40.633963],"type":"Point"},"id":"4726847F-4981-44EB-9E7B-64229C2BCF81","properties":{"borough":"Brooklyn","created_date":"2026-09-16T20:36:55.000","inspection_count":0,"latest_inspection_date":null,"latest_work_order_status":null,"latest_work_order_type":null,"max_risk_rating":null,"risk_assessment_count":0,"service_request_id":"4726847F-4981-44EB-9E7B-64229C2BCF81","source":"3-1-1 Call Center","status":"Open","work_order_count":0},"type":"Feature"},{"geometry":{"coordinates":[-73.974177,40.785257],"type":"Point"},"id":"475F9CB7-AAD1-47E1-8DD1-120675EF4DF5","properties":{"borough":"Manhattan","created_date":"2026-09-07T18:05:02.000","inspection_count":0,"latest_inspection_date":null,"latest_work_order_status":null,"latest_work_order_type":null,"max_risk_rating":null,"risk_assessment_count":0,"service_request_id":"475F9CB7-AAD1-47E1-8DD1-120675EF4DF5","source":"Department of Parks and Recreation - Public Web Site","status":"Closed","work_order_count":0},"type":"Feature"},{"geometry":{"coordinates":[-73.951122,40.694165],"type":"Point"},"id":"47694E58-BED5-48E0-9522-E187F32E3079","properties":{"borough":"Brooklyn","created_date":"2026-09-22T21:21:46.000","inspection_count":0,"latest_inspection_date":null,"latest_work_order_status":null,"latest_work_order_type":null,"max_risk_rating":null,"risk_assessment_count":0,"service_request_id":"47694E58-BED5-48E0-9522-E187F32E3079","source":"3-1-1 Call Center","status":"Closed","work_order_count":0},"type":"Feature"},{"geometry":{"coordinates":[-74.003483,40.616306],"type":"Point"},"id":"47744AD7-9E07-41E1-8850-3CF6D7FD4B8B","properties":{"borough":"Brooklyn","created_date":"2026-09-12T22:40:02.000","inspection_count":0,"latest_inspection_date":null,"latest_work_order_status":null,"latest_work_order_type":null,"max_risk_rating":null,"risk_assessment_count":0,"service_request_id":"47744AD7-9E07-41E1-8850-3CF6D7FD4B8B","source":"Department of Parks and Recreation - Public Web Site","status":"Open","work_order_count":0},"type":"Feature"},{"geometry":{"coordinates":[-74.003483,40.616306],"type":"Point"},"id":"479232A6-F6D7-4B7C-A9B6-9245D5D32F82","properties":{"borough":"Brooklyn","created_date":"2026-09-12T09:55:02.000","inspection_count":0,"latest_inspection_date":null,"latest_work_order_status":null,"latest_work_order_type":null,"max_risk_rating":null,"risk_assessment_count":0,"service_request_id":"479232A6-F6D7-4B7C-A9B6-9245D5D32F82","source":"Department of Parks and Recreation - Public Web Site","status":"Open","work_order_count":0},"type":"Feature"},{"geometry":{"coordinates":[-73.912655,40.838008],"type":"Point"},"id":"47923E20-9EFD-4B1E-8B29-A2B533E595B8","properties":{"borough":"Bronx","created_date":"2026-09-10T20:51:22.000","inspection_count":0,"latest_inspection_date":null,"latest_work_order_status":null,"latest_work_order_type":null,"max_risk_rating":null,"risk_assessment_count":0,"service_request_id":"47923E20-9EFD-4B1E-8B29-A2B533E595B8","source":"3-1-1 Call Center","status":"Closed","work_order_count":0},"type":"Feature"},{"geometry":{"coordinates":[-73.794638,40.684772],"type":"Point"},"id":"4792AA2B-7D70-4172-957D-94AC804FE334","properties":{"borough":"Queens","created_date":"2026-09-03T18:41:00.000","inspection_count":0,"latest_inspection_date":null,"latest_work_order_status":null,"latest_work_order_type":null,"max_risk_rating":null,"risk_assessment_count":0,"service_request_id":"4792AA2B-7D70-4172-957D-94AC804FE334","source":"Department of Parks and Recreation - Public Web Site","status":"Open","work_order_count":0},"type":"Feature"},{"geometry":{"coordinates":[-73.926233,40.642088],"type":"Point"},"id":"4796B44D-B90E-48C4-93AA-42F62B981452","properties":{"borough":"Brooklyn","created_date":"2026-09-21T14:50:00.000","inspection_count":0,"latest_inspection_date":null,"latest_work_order_status":null,"latest_work_order_type":null,"max_risk_rating":null,"risk_assessment_count":0,"service_request_id":"4796B44D-B90E-48C4-93AA-42F62B981452","source":"3-1-1 Call Center","status":"Closed","work_order_count":0},"type":"Feature"},{"geometry":{"coordinates":[-74.15541,40.561101],"type":"Point"},"id":"479CBF5B-CA24-42DD-B246-85815FA9EF8C","properties":{"borough":"Staten Island","created_date":"2026-09-23T13:47:07.000","inspection_count":0,"latest_inspection_date":null,"latest_work_order_status":null,"latest_work_order_type":null,"max_risk_rating":null,"risk_assessment_count":0,"service_request_id":"479CBF5B-CA24-42DD-B246-85815FA9EF8C","source":"3-1-1 Call Center","status":"Closed","work_order_count":0},"type":"Feature"},{"geometry":{"coordinates":[-73.99567,40.728674],"type":"Point"},"id":"47CC18B1-C114-4DA4-AE10-118A1E0E85FC","properties":{"borough":"Manhattan","created_date":"2026-09-12T22:00:00.000","inspection_count":1,"latest_inspection_date":"2026-09-14T14:08:12.000","latest_work_order_status":null,"latest_work_order_type":null,"max_risk_rating":"8.0","risk_assessment_count":1,"service_request_id":"47CC18B1-C114-4DA4-AE10-118A1E0E85FC","source":"DPR -Public Tree Map","status":"Open","work_order_count":0},"type":"Feature"},{"geometry":{"coordinates":[-73.761521,40.678491],"type":"Point"},"id":"47EE6EC8-FDFD-450D-A3D1-B89A9B9C4156","properties":{"borough":"Queens","created_date":"2026-09-07T19:05:00.000","inspection_count":0,"latest_inspection_date":null,"latest_work_order_status":null,"latest_work_order_type":null,"max_risk_rating":null,"risk_assessment_count":0,"service_request_id":"47EE6EC8-FDFD-450D-A3D1-B89A9B9C4156","source":"3-1-1 Call Center","status":"Open","work_order_count":0},"type":"Feature"},{"geometry":{"coordinates":[-73.974177,40.785257],"type":"Point"},"id":"4815DA73-5C3A-486F-8F8B-A5BFD09A173F","properties":{"borough":"Manhattan","created_date":"2026-09-08T15:20:02.000","inspection_count":0,"latest_inspection_date":null,"latest_work_order_status":null,"latest_work_order_type":null,"max_risk_rating":null,"risk_assessment_count":0,"service_request_id":"4815DA73-5C3A-486F-8F8B-A5BFD09A173F","source":"Department of Parks and Recreation - Public Web Site","status":"Closed","work_order_count":0},"type":"Feature"},{"geometry":{"coordinates":[-73.835435,40.684747],"type":"Point"},"id":"48217787-E621-4F7B-84C2-23648F150300","properties":{"borough":"Queens","created_date":"2026-09-15T15:42:00.000","inspection_count":0,"latest_inspection_date":null,"latest_work_order_status":null,"latest_work_order_type":null,"max_risk_rating":null,"risk_assessment_count":0,"service_request_id":"48217787-E621-4F7B-84C2-23648F150300","source":"3-1-1 Call Center","status":"Open","work_order_count":0},"type":"Feature"},{"geometry":{"coordinates":[-73.854611,40.720598],"type":"Point"},"id":"4827718F-BC7F-4578-B921-748D001EABC8","properties":{"borough":"Queens","created_date":"2026-09-03T16:21:00.000","inspection_count":0,"latest_inspection_date":null,"latest_work_order_status":null,"latest_work_order_type":null,"max_risk_rating":null,"risk_assessment_count":0,"service_request_id":"4827718F-BC7F-4578-B921-748D001EABC8","source":"3-1-1 Call Center","status":"Open","work_order_count":0},"type":"Feature"},{"geometry":{"coordinates":[-73.717266,40.728527],"type":"Point"},"id":"4837370D-1B5E-4003-8F67-EF12616AF2E4","properties":{"borough":"Queens","created_date":"2026-09-21T19:01:00.000","inspection_count":1,"latest_inspection_date":"2026-09-22T11:14:21.000","latest_work_order_status":"Closed","latest_work_order_type":"Hanging Limb","max_risk_rating":"7.0","risk_assessment_count":2,"service_request_id":"4837370D-1B5E-4003-8F67-EF12616AF2E4","source":"3-1-1 Call Center","status":"Closed","work_order_count":1},"type":"Feature"},{"geometry":{"coordinates":[-73.925631,40.655252],"type":"Point"},"id":"4857A8E6-C6B3-4A77-8188-96F8574627C5","properties":{"borough":"Brooklyn","created_date":"2026-09-03T11:28:15.000","inspection_count":0,"latest_inspection_date":null,"latest_work_order_status":null,"latest_work_order_type":null,"max_risk_rating":null,"risk_assessment_count":0,"service_request_id":"4857A8E6-C6B3-4A77-8188-96F8574627C5","source":"3-1-1 Call Center","status":"Open","work_order_count":0},"type":"Feature"},{"geometry":{"coordinates":[-73.871248,40.730787],"type":"Point"},"id":"485F8262-BAB9-4592-9C78-0BFEF3064191","properties":{"borough":"Queens","created_date":"2026-09-13T15:05:00.000","inspection_count":0,"latest_inspection_date":null,"latest_work_order_status":null,"latest_work_order_type":null,"max_risk_rating":null,"risk_assessment_count":0,"service_request_id":"485F8262-BAB9-4592-9C78-0BFEF3064191","source":"3-1-1 Call Center","status":"Open","work_order_count":0},"type":"Feature"},{"geometry":{"coordinates":[-73.829423,40.698292],"type":"Point"},"id":"4867F892-07A4-49D0-B37B-027691511748","properties":{"borough":"Queens","created_date":"2026-09-05T23:29:00.000","inspection_count":0,"latest_inspection_date":null,"latest_work_order_status":null,"latest_work_order_type":null,"max_risk_rating":null,"risk_assessment_count":0,"service_request_id":"4867F892-07A4-49D0-B37B-027691511748","source":"3-1-1 Call Center","status":"Open","work_order_count":0},"type":"Feature"},{"geometry":{"coordinates":[-73.826796,40.747246],"type":"Point"},"id":"486FEC74-D53C-4CB4-9E18-84622D62FBE3","properties":{"borough":"Queens","created_date":"2026-09-23T16:17:00.000","inspection_count":0,"latest_inspection_date":null,"latest_work_order_status":null,"latest_work_order_type":null,"max_risk_rating":null,"risk_assessment_count":0,"service_request_id":"486FEC74-D53C-4CB4-9E18-84622D62FBE3","source":"3-1-1 Call Center","status":"Open","work_order_count":0},"type":"Feature"},{"geometry":{"coordinates":[-73.891539,40.695968],"type":"Point"},"id":"487C5C7A-C7A8-4B50-8187-47922D7B4798","properties":{"borough":"Queens","created_date":"2026-09-22T22:52:00.000","inspection_count":0,"latest_inspection_date":null,"latest_work_order_status":null,"latest_work_order_type":null,"max_risk_rating":null,"risk_assessment_count":0,"service_request_id":"487C5C7A-C7A8-4B50-8187-47922D7B4798","source":"3-1-1 Call Center","status":"Open","work_order_count":0},"type":"Feature"},{"geometry":{"coordinates":[-73.792472,40.728372],"type":"Point"},"id":"487D2F3A-28AA-4A57-8031-EE7E6D04795C","properties":{"borough":"Queens","created_date":"2026-09-01T02:20:00.000","inspection_count":0,"latest_inspection_date":null,"latest_work_order_status":null,"latest_work_order_type":null,"max_risk_rating":null,"risk_assessment_count":0,"service_request_id":"487D2F3A-28AA-4A57-8031-EE7E6D04795C","source":"3-1-1 Call Center","status":"Open","work_order_count":0},"type":"Feature"},{"geometry":{"coordinates":[-73.948982,40.593663],"type":"Point"},"id":"488DFBA0-9DA1-4930-B38E-AF4D4C994DE9","properties":{"borough":"Brooklyn","created_date":"2026-09-09T14:42:38.000","inspection_count":0,"latest_inspection_date":null,"latest_work_order_status":null,"latest_work_order_type":null,"max_risk_rating":null,"risk_assessment_count":0,"service_request_id":"488DFBA0-9DA1-4930-B38E-AF4D4C994DE9","source":"3-1-1 Call Center","status":"Open","work_order_count":0},"type":"Feature"},{"geometry":{"coordinates":[-74.108239,40.57679],"type":"Point"},"id":"48990C5D-6E5F-487A-BEA1-8C6AB88DCEE7","properties":{"borough":"Staten Island","created_date":"2026-09-02T17:39:08.000","inspection_count":0,"latest_inspection_date":null,"latest_work_order_status":null,"latest_work_order_type":null,"max_risk_rating":null,"risk_assessment_count":0,"service_request_id":"48990C5D-6E5F-487A-BEA1-8C6AB88DCEE7","source":"3-1-1 Call Center","status":"Closed","work_order_count":0},"type":"Feature"},{"geometry":{"coordinates":[-73.966368,40.632149],"type":"Point"},"id":"48AE8EE9-2B39-4CB8-A781-323813AC3D63","properties":{"borough":"Brooklyn","created_date":"2026-09-14T16:46:38.000","inspection_count":0,"latest_inspection_date":null,"latest_work_order_status":null,"latest_work_order_type":null,"max_risk_rating":null,"risk_assessment_count":0,"service_request_id":"48AE8EE9-2B39-4CB8-A781-323813AC3D63","source":"3-1-1 Call Center","status":"Open","work_order_count":0},"type":"Feature"},{"geometry":{"coordinates":[-73.865962,40.67717],"type":"Point"},"id":"48B47E6C-BF22-4334-B345-8AA22CE6302D","properties":{"borough":"Brooklyn","created_date":"2026-09-08T21:41:00.000","inspection_count":0,"latest_inspection_date":null,"latest_work_order_status":null,"latest_work_order_type":null,"max_risk_rating":null,"risk_assessment_count":0,"service_request_id":"48B47E6C-BF22-4334-B345-8AA22CE6302D","source":"DPR -Public Tree Map","status":"Open","work_order_count":0},"type":"Feature"},{"geometry":{"coordinates":[-73.898902,40.858263],"type":"Point"},"id":"48D18ABB-04FE-4577-8F1A-4D739E183EF0","properties":{"borough":"Bronx","created_date":"2026-09-24T15:01:03.000","inspection_count":0,"latest_inspection_date":null,"latest_work_order_status":null,"latest_work_order_type":null,"max_risk_rating":null,"risk_assessment_count":0,"service_request_id":"48D18ABB-04FE-4577-8F1A-4D739E183EF0","source":"3-1-1 Call Center","status":"Closed","work_order_count":0},"type":"Feature"},{"geometry":{"coordinates":[-73.761951,40.684075],"type":"Point"},"id":"48EAEC5A-680B-45D9-AE1B-0CC10AC9E2FA","properties":{"borough":"Queens","created_date":"2026-09-24T15:15:00.000","inspection_count":0,"latest_inspection_date":null,"latest_work_order_status":null,"latest_work_order_type":null,"max_risk_rating":null,"risk_assessment_count":0,"service_request_id":"48EAEC5A-680B-45D9-AE1B-0CC10AC9E2FA","source":"3-1-1 Call Center","status":"Open","work_order_count":0},"type":"Feature"},{"geometry":{"coordinates":[-73.974177,40.785257],"type":"Point"},"id":"48F513ED-B30B-4059-9D67-66645ACEFCC2","properties":{"borough":"Manhattan","created_date":"2026-09-07T16:20:01.000","inspection_count":0,"latest_inspection_date":null,"latest_work_order_status":null,"latest_work_order_type":null,"max_risk_rating":null,"risk_assessment_count":0,"service_request_id":"48F513ED-B30B-4059-9D67-66645ACEFCC2","source":"Department of Parks and Recreation - Public Web Site","status":"Closed","work_order_count":0},"type":"Feature"},{"geometry":{"coordinates":[-73.974177,40.785257],"type":"Point"},"id":"4902C31F-12B3-443C-9E9C-296F9432D79B","properties":{"borough":"Manhattan","created_date":"2026-09-07T18:30:01.000","inspection_count":0,"latest_inspection_date":null,"latest_work_order_status":null,"latest_work_order_type":null,"max_risk_rating":null,"risk_assessment_count":0,"service_request_id":"4902C31F-12B3-443C-9E9C-296F9432D79B","source":"Department of Parks and Recreation - Public Web Site","status":"Closed","work_order_count":0},"type":"Feature"},{"geometry":{"coordinates":[-73.879803,40.68088],"type":"Point"},"id":"49083EBB-E2CC-4193-A5AF-34C2E479CCD3","properties":{"borough":"Brooklyn","created_date":"2026-09-22T20:42:00.000","inspection_count":0,"latest_inspection_date":null,"latest_work_order_status":null,"latest_work_order_type":null,"max_risk_rating":null,"risk_assessment_count":0,"service_request_id":"49083EBB-E2CC-4193-A5AF-34C2E479CCD3","source":"3-1-1 Call Center","status":"Open","work_order_count":0},"type":"Feature"},{"geometry":{"coordinates":[-74.014755,40.639117],"type":"Point"},"id":"491D1722-23BD-4D1A-8907-49A9ECE67C64","properties":{"borough":"Brooklyn","created_date":"2026-09-05T13:58:13.000","inspection_count":0,"latest_inspection_date":null,"latest_work_order_status":null,"latest_work_order_type":null,"max_risk_rating":null,"risk_assessment_count":0,"service_request_id":"491D1722-23BD-4D1A-8907-49A9ECE67C64","source":"DPR -Public Tree Map","status":"Closed","work_order_count":0},"type":"Feature"},{"geometry":{"coordinates":[-73.900538,40.697527],"type":"Point"},"id":"492023D0-953D-4EF0-938D-1D76335DE6DC","properties":{"borough":"Queens","created_date":"2026-09-25T19:09:31.000","inspection_count":0,"latest_inspection_date":null,"latest_work_order_status":null,"latest_work_order_type":null,"max_risk_rating":null,"risk_assessment_count":0,"service_request_id":"492023D0-953D-4EF0-938D-1D76335DE6DC","source":"Department of Parks and Recreation - Public Web Site","status":"Open","work_order_count":0},"type":"Feature"},{"geometry":{"coordinates":[-73.942442,40.690461],"type":"Point"},"id":"492777A6-A6AA-4F2D-9DF1-29512DCDF178","properties":{"borough":"Brooklyn","created_date":"2026-09-13T22:22:00.000","inspection_count":0,"latest_inspection_date":null,"latest_work_order_status":null,"latest_work_order_type":null,"max_risk_rating":null,"risk_assessment_count":0,"service_request_id":"492777A6-A6AA-4F2D-9DF1-29512DCDF178","source":"3-1-1 Call Center","status":"Closed","work_order_count":0},"type":"Feature"},{"geometry":{"coordinates":[-73.858031,40.845866],"type":"Point"},"id":"493EA223-80C0-4A96-96C1-BAC402308A19","properties":{"borough":"Bronx","created_date":"2026-09-14T19:39:46.000","inspection_count":0,"latest_inspection_date":null,"latest_work_order_status":null,"latest_work_order_type":null,"max_risk_rating":null,"risk_assessment_count":0,"service_request_id":"493EA223-80C0-4A96-96C1-BAC402308A19","source":"Department of Parks and Recreation - Public Web Site","status":"Open","work_order_count":0},"type":"Feature"},{"geometry":{"coordinates":[-74.094966,40.621934],"type":"Point"},"id":"4962FBE9-B87B-4968-A298-A9E743BB3F6D","properties":{"borough":"Staten Island","created_date":"2026-09-01T23:13:00.000","inspection_count":0,"latest_inspection_date":null,"latest_work_order_status":null,"latest_work_order_type":null,"max_risk_rating":null,"risk_assessment_count":0,"service_request_id":"4962FBE9-B87B-4968-A298-A9E743BB3F6D","source":"3-1-1 Call Center","status":"Closed","work_order_count":0},"type":"Feature"},{"geometry":{"coordinates":[-73.983173,40.669616],"type":"Point"},"id":"496AE412-45CF-460A-921A-0E7A09DFFD58","properties":{"borough":"Brooklyn","created_date":"2026-09-01T15:48:00.000","inspection_count":0,"latest_inspection_date":null,"latest_work_order_status":null,"latest_work_order_type":null,"max_risk_rating":null,"risk_assessment_count":0,"service_request_id":"496AE412-45CF-460A-921A-0E7A09DFFD58","source":"Department of Parks and Recreation - Public Web Site","status":"Open","work_order_count":0},"type":"Feature"},{"geometry":{"coordinates":[-73.900068,40.873659],"type":"Point"},"id":"496C90B0-A9E0-4E0E-B340-E570C49429CF","properties":{"borough":"Bronx","created_date":"2026-09-23T16:55:54.000","inspection_count":0,"latest_inspection_date":null,"latest_work_order_status":null,"latest_work_order_type":null,"max_risk_rating":null,"risk_assessment_count":0,"service_request_id":"496C90B0-A9E0-4E0E-B340-E570C49429CF","source":"3-1-1 Call Center","status":"Closed","work_order_count":0},"type":"Feature"},{"geometry":{"coordinates":[-74.003483,40.616306],"type":"Point"},"id":"496DEFD7-97D4-4343-AEDB-D698F267612B","properties":{"borough":"Brooklyn","created_date":"2026-09-12T09:20:02.000","inspection_count":0,"latest_inspection_date":null,"latest_work_order_status":null,"latest_work_order_type":null,"max_risk_rating":null,"risk_assessment_count":0,"service_request_id":"496DEFD7-97D4-4343-AEDB-D698F267612B","source":"Department of Parks and Recreation - Public Web Site","status":"Open","work_order_count":0},"type":"Feature"},{"geometry":{"coordinates":[-73.882429,40.87855],"type":"Point"},"id":"496F9B0B-8A38-4A5B-ADB9-248D8684B242","properties":{"borough":"Bronx","created_date":"2026-09-19T23:01:35.000","inspection_count":0,"latest_inspection_date":null,"latest_work_order_status":null,"latest_work_order_type":null,"max_risk_rating":null,"risk_assessment_count":0,"service_request_id":"496F9B0B-8A38-4A5B-ADB9-248D8684B242","source":"3-1-1 Call Center","status":"Closed","work_order_count":0},"type":"Feature"},{"geometry":{"coordinates":[-74.170698,40.524211],"type":"Point"},"id":"497003A7-7D6B-4BFA-98A6-16816E4BF2C7","properties":{"borough":"Staten Island","created_date":"2026-09-13T21:44:00.000","inspection_count":0,"latest_inspection_date":null,"latest_work_order_status":null,"latest_work_order_type":null,"max_risk_rating":null,"risk_assessment_count":0,"service_request_id":"497003A7-7D6B-4BFA-98A6-16816E4BF2C7","source":"3-1-1 Call Center","status":"Closed","work_order_count":0},"type":"Feature"},{"geometry":{"coordinates":[-73.767622,40.749508],"type":"Point"},"id":"49780652-A409-4E7A-97F6-4B8C44F50C36","properties":{"borough":"Queens","created_date":"2026-09-17T20:59:00.000","inspection_count":0,"latest_inspection_date":null,"latest_work_order_status":null,"latest_work_order_type":null,"max_risk_rating":null,"risk_assessment_count":0,"service_request_id":"49780652-A409-4E7A-97F6-4B8C44F50C36","source":"3-1-1 Call Center","status":"Open","work_order_count":0},"type":"Feature"},{"geometry":{"coordinates":[-73.974177,40.785257],"type":"Point"},"id":"49800FDF-F067-4CBF-9116-14360D27A8E8","properties":{"borough":"Manhattan","created_date":"2026-09-09T07:50:02.000","inspection_count":0,"latest_inspection_date":null,"latest_work_order_status":null,"latest_work_order_type":null,"max_risk_rating":null,"risk_assessment_count":0,"service_request_id":"49800FDF-F067-4CBF-9116-14360D27A8E8","source":"Department of Parks and Recreation - Public Web Site","status":"Closed","work_order_count":0},"type":"Feature"},{"geometry":{"coordinates":[-73.942303,40.609108],"type":"Point"},"id":"4983C9BE-08B6-4F44-BFE0-40387AA214CC","properties":{"borough":"Brooklyn","created_date":"2026-09-03T19:43:31.000","inspection_count":0,"latest_inspection_date":null,"latest_work_order_status":null,"latest_work_order_type":null,"max_risk_rating":null,"risk_assessment_count":0,"service_request_id":"4983C9BE-08B6-4F44-BFE0-40387AA214CC","source":"3-1-1 Call Center","status":"Closed","work_order_count":0},"type":"Feature"},{"geometry":{"coordinates":[-73.818467,40.678145],"type":"Point"},"id":"499506E3-0742-4B10-882E-4F93E32D9403","properties":{"borough":"Queens","created_date":"2026-09-24T21:49:00.000","inspection_count":0,"latest_inspection_date":null,"latest_work_order_status":null,"latest_work_order_type":null,"max_risk_rating":null,"risk_assessment_count":0,"service_request_id":"499506E3-0742-4B10-882E-4F93E32D9403","source":"3-1-1 Call Center","status":"Open","work_order_count":0},"type":"Feature"},{"geometry":{"coordinates":[-74.003483,40.616306],"type":"Point"},"id":"4999087F-E93F-43CE-B8A5-9B9A0AB76795","properties":{"borough":"Brooklyn","created_date":"2026-09-11T21:50:02.000","inspection_count":0,"latest_inspection_date":null,"latest_work_order_status":null,"latest_work_order_type":null,"max_risk_rating":null,"risk_assessment_count":0,"service_request_id":"4999087F-E93F-43CE-B8A5-9B9A0AB76795","source":"Department of Parks and Recreation - Public Web Site","status":"Open","work_order_count":0},"type":"Feature"},{"geometry":{"coordinates":[-73.847856,40.708652],"type":"Point"},"id":"499D36B2-3823-4F03-A67F-26B2D1DC04F3","properties":{"borough":"Queens","created_date":"2026-09-10T12:45:00.000","inspection_count":0,"latest_inspection_date":null,"latest_work_order_status":null,"latest_work_order_type":null,"max_risk_rating":null,"risk_assessment_count":0,"service_request_id":"499D36B2-3823-4F03-A67F-26B2D1DC04F3","source":"3-1-1 Call Center","status":"Closed","work_order_count":0},"type":"Feature"},{"geometry":{"coordinates":[-74.003483,40.616306],"type":"Point"},"id":"49D43E02-0970-4172-801E-5F1D665E86B0","properties":{"borough":"Brooklyn","created_date":"2026-09-12T15:40:02.000","inspection_count":0,"latest_inspection_date":null,"latest_work_order_status":null,"latest_work_order_type":null,"max_risk_rating":null,"risk_assessment_count":0,"service_request_id":"49D43E02-0970-4172-801E-5F1D665E86B0","source":"Department of Parks and Recreation - Public Web Site","status":"Open","work_order_count":0},"type":"Feature"},{"geometry":{"coordinates":[-74.217658,40.530398],"type":"Point"},"id":"49D97F27-59BA-457B-BD0E-8E104CD8D584","properties":{"borough":"Staten Island","created_date":"2026-09-17T21:02:00.000","inspection_count":0,"latest_inspection_date":null,"latest_work_order_status":null,"latest_work_order_type":null,"max_risk_rating":null,"risk_assessment_count":0,"service_request_id":"49D97F27-59BA-457B-BD0E-8E104CD8D584","source":"3-1-1 Call Center","status":"Open","work_order_count":0},"type":"Feature"},{"geometry":{"coordinates":[-73.932645,40.807486],"type":"Point"},"id":"49DE9B69-3B17-4474-B070-A0EB30FA4E07","properties":{"borough":"Manhattan","created_date":"2026-09-05T13:20:00.000","inspection_count":0,"latest_inspection_date":null,"latest_work_order_status":null,"latest_work_order_type":null,"max_risk_rating":null,"risk_assessment_count":0,"service_request_id":"49DE9B69-3B17-4474-B070-A0EB30FA4E07","source":"Department of Parks and Recreation - Public Web Site","status":"Closed","work_order_count":0},"type":"Feature"},{"geometry":{"coordinates":[-73.858134,40.860413],"type":"Point"},"id":"49FBFDB2-F663-4E61-A4E0-366CB654F00E","properties":{"borough":"Bronx","created_date":"2026-09-14T13:35:51.000","inspection_count":0,"latest_inspection_date":null,"latest_work_order_status":null,"latest_work_order_type":null,"max_risk_rating":null,"risk_assessment_count":0,"service_request_id":"49FBFDB2-F663-4E61-A4E0-366CB654F00E","source":"3-1-1 Call Center","status":"Closed","work_order_count":0},"type":"Feature"},{"geometry":{"coordinates":[-74.035279,40.633763],"type":"Point"},"id":"4A05EA95-7C87-4A53-9C1E-733F472F5289","properties":{"borough":"Brooklyn","created_date":"2026-09-23T19:13:02.000","inspection_count":0,"latest_inspection_date":null,"latest_work_order_status":null,"latest_work_order_type":null,"max_risk_rating":null,"risk_assessment_count":0,"service_request_id":"4A05EA95-7C87-4A53-9C1E-733F472F5289","source":"3-1-1 Call Center","status":"Open","work_order_count":0},"type":"Feature"},{"geometry":{"coordinates":[-73.819305,40.605857],"type":"Point"},"id":"4A07BD98-71BC-4A5E-9D50-D2B3FA65DDCA","properties":{"borough":"Queens","created_date":"2026-09-11T14:43:00.000","inspection_count":0,"latest_inspection_date":null,"latest_work_order_status":null,"latest_work_order_type":null,"max_risk_rating":null,"risk_assessment_count":0,"service_request_id":"4A07BD98-71BC-4A5E-9D50-D2B3FA65DDCA","source":"3-1-1 Call Center","status":"Open","work_order_count":0},"type":"Feature"},{"geometry":{"coordinates":[-73.905665,40.751603],"type":"Point"},"id":"4A0BFB3A-E03A-42C0-BC05-D4E6FB1D8AC4","properties":{"borough":"Queens","created_date":"2026-09-21T15:19:00.000","inspection_count":0,"latest_inspection_date":null,"latest_work_order_status":null,"latest_work_order_type":null,"max_risk_rating":null,"risk_assessment_count":0,"service_request_id":"4A0BFB3A-E03A-42C0-BC05-D4E6FB1D8AC4","source":"3-1-1 Call Center","status":"Open","work_order_count":0},"type":"Feature"},{"geometry":{"coordinates":[-73.974177,40.785257],"type":"Point"},"id":"4A2208A9-87BE-4628-8652-4B1835CF82F0","properties":{"borough":"Manhattan","created_date":"2026-09-08T22:15:02.000","inspection_count":0,"latest_inspection_date":null,"latest_work_order_status":null,"latest_work_order_type":null,"max_risk_rating":null,"risk_assessment_count":0,"service_request_id":"4A2208A9-87BE-4628-8652-4B1835CF82F0","source":"Department of Parks and Recreation - Public Web Site","status":"Closed","work_order_count":0},"type":"Feature"},{"geometry":{"coordinates":[-73.983924,40.679761],"type":"Point"},"id":"4A2B57E1-FA99-4AAB-B127-B2958BC457BE","properties":{"borough":"Brooklyn","created_date":"2026-09-10T21:22:08.000","inspection_count":0,"latest_inspection_date":null,"latest_work_order_status":null,"latest_work_order_type":null,"max_risk_rating":null,"risk_assessment_count":0,"service_request_id":"4A2B57E1-FA99-4AAB-B127-B2958BC457BE","source":"Department of Parks and Recreation - Public Web Site","status":"Open","work_order_count":0},"type":"Feature"},{"geometry":{"coordinates":[-73.953791,40.704467],"type":"Point"},"id":"4A34AA4C-934B-49BD-A16A-FF0BD4932F45","properties":{"borough":"Brooklyn","created_date":"2026-09-10T13:12:45.000","inspection_count":0,"latest_inspection_date":null,"latest_work_order_status":null,"latest_work_order_type":null,"max_risk_rating":null,"risk_assessment_count":0,"service_request_id":"4A34AA4C-934B-49BD-A16A-FF0BD4932F45","source":"3-1-1 Call Center","status":"Open","work_order_count":0},"type":"Feature"},{"geometry":{"coordinates":[-73.873187,40.703393],"type":"Point"},"id":"4A35475A-9D4F-4BE6-B72A-567B6C354B7B","properties":{"borough":"Queens","created_date":"2026-09-18T22:05:00.000","inspection_count":0,"latest_inspection_date":null,"latest_work_order_status":null,"latest_work_order_type":null,"max_risk_rating":null,"risk_assessment_count":0,"service_request_id":"4A35475A-9D4F-4BE6-B72A-567B6C354B7B","source":"3-1-1 Call Center","status":"Open","work_order_count":0},"type":"Feature"},{"geometry":{"coordinates":[-73.852039,40.678289],"type":"Point"},"id":"4A426546-52EF-4871-89A8-1967F2B114B6","properties":{"borough":"Queens","created_date":"2026-09-15T16:08:00.000","inspection_count":0,"latest_inspection_date":null,"latest_work_order_status":null,"latest_work_order_type":null,"max_risk_rating":null,"risk_assessment_count":0,"service_request_id":"4A426546-52EF-4871-89A8-1967F2B114B6","source":"3-1-1 Call Center","status":"Open","work_order_count":0},"type":"Feature"},{"geometry":{"coordinates":[-74.004034,40.677602],"type":"Point"},"id":"4A5A0A64-70F5-483D-BE32-98FB043B6439","properties":{"borough":"Brooklyn","created_date":"2026-09-04T10:40:45.000","inspection_count":0,"latest_inspection_date":null,"latest_work_order_status":null,"latest_work_order_type":null,"max_risk_rating":null,"risk_assessment_count":0,"service_request_id":"4A5A0A64-70F5-483D-BE32-98FB043B6439","source":"Department of Parks and Recreation - Public Web Site","status":"Open","work_order_count":0},"type":"Feature"},{"geometry":{"coordinates":[-74.003483,40.616306],"type":"Point"},"id":"4A6B1A57-E795-42EA-A715-8AF14D325581","properties":{"borough":"Brooklyn","created_date":"2026-09-12T03:00:02.000","inspection_count":0,"latest_inspection_date":null,"latest_work_order_status":null,"latest_work_order_type":null,"max_risk_rating":null,"risk_assessment_count":0,"service_request_id":"4A6B1A57-E795-42EA-A715-8AF14D325581","source":"Department of Parks and Recreation - Public Web Site","status":"Open","work_order_count":0},"type":"Feature"},{"geometry":{"coordinates":[-74.156076,40.562539],"type":"Point"},"id":"4A710490-56E9-4FAF-8E2E-28199198F2B5","properties":{"borough":"Staten Island","created_date":"2026-09-10T14:43:00.000","inspection_count":0,"latest_inspection_date":null,"latest_work_order_status":null,"latest_work_order_type":null,"max_risk_rating":null,"risk_assessment_count":0,"service_request_id":"4A710490-56E9-4FAF-8E2E-28199198F2B5","source":"3-1-1 Call Center","status":"Open","work_order_count":0},"type":"Feature"},{"geometry":{"coordinates":[-73.946342,40.714551],"type":"Point"},"id":"4A718701-F64F-42AE-911C-14A65B85E60B","properties":{"borough":"Brooklyn","created_date":"2026-09-19T17:35:00.000","inspection_count":0,"latest_inspection_date":null,"latest_work_order_status":null,"latest_work_order_type":null,"max_risk_rating":null,"risk_assessment_count":0,"service_request_id":"4A718701-F64F-42AE-911C-14A65B85E60B","source":"3-1-1 Call Center","status":"Open","work_order_count":0},"type":"Feature"},{"geometry":{"coordinates":[-73.971533,40.635554],"type":"Point"},"id":"4A750C40-DF6E-41AE-8D92-6DF28642C45C","properties":{"borough":"Brooklyn","created_date":"2026-09-25T16:41:27.000","inspection_count":0,"latest_inspection_date":null,"latest_work_order_status":null,"latest_work_order_type":null,"max_risk_rating":null,"risk_assessment_count":0,"service_request_id":"4A750C40-DF6E-41AE-8D92-6DF28642C45C","source":"3-1-1 Call Center","status":"Open","work_order_count":0},"type":"Feature"},{"geometry":{"coordinates":[-73.960911,40.673445],"type":"Point"},"id":"4A9383D1-692A-4949-B0FD-219E555FC73C","properties":{"borough":"Brooklyn","created_date":"2026-09-15T18:17:50.000","inspection_count":0,"latest_inspection_date":null,"latest_work_order_status":null,"latest_work_order_type":null,"max_risk_rating":null,"risk_assessment_count":0,"service_request_id":"4A9383D1-692A-4949-B0FD-219E555FC73C","source":"3-1-1 Call Center","status":"Closed","work_order_count":0},"type":"Feature"},{"geometry":{"coordinates":[-74.13661,40.607318],"type":"Point"},"id":"4A9D382B-DDA5-40A7-84FD-8279C88AD0E3","properties":{"borough":"Staten Island","created_date":"2026-09-12T14:57:00.000","inspection_count":0,"latest_inspection_date":null,"latest_work_order_status":null,"latest_work_order_type":null,"max_risk_rating":null,"risk_assessment_count":0,"service_request_id":"4A9D382B-DDA5-40A7-84FD-8279C88AD0E3","source":"3-1-1 Call Center","status":"Closed","work_order_count":0},"type":"Feature"},{"geometry":{"coordinates":[-73.974177,40.785257],"type":"Point"},"id":"4A9FC0FA-0075-4B90-8ED3-E01E8C427CF9","properties":{"borough":"Manhattan","created_date":"2026-09-07T21:00:02.000","inspection_count":0,"latest_inspection_date":null,"latest_work_order_status":null,"latest_work_order_type":null,"max_risk_rating":null,"risk_assessment_count":0,"service_request_id":"4A9FC0FA-0075-4B90-8ED3-E01E8C427CF9","source":"Department of Parks and Recreation - Public Web Site","status":"Closed","work_order_count":0},"type":"Feature"},{"geometry":{"coordinates":[-73.974177,40.785257],"type":"Point"},"id":"4AAA4466-2656-423B-903B-37FAEA92F661","properties":{"borough":"Manhattan","created_date":"2026-09-08T04:40:02.000","inspection_count":0,"latest_inspection_date":null,"latest_work_order_status":null,"latest_work_order_type":null,"max_risk_rating":null,"risk_assessment_count":0,"service_request_id":"4AAA4466-2656-423B-903B-37FAEA92F661","source":"Department of Parks and Recreation - Public Web Site","status":"Closed","work_order_count":0},"type":"Feature"},{"geometry":{"coordinates":[-74.003483,40.616306],"type":"Point"},"id":"4AAACC08-80DD-4504-9426-943251075DA2","properties":{"borough":"Brooklyn","created_date":"2026-09-11T19:40:02.000","inspection_count":0,"latest_inspection_date":null,"latest_work_order_status":null,"latest_work_order_type":null,"max_risk_rating":null,"risk_assessment_count":0,"service_request_id":"4AAACC08-80DD-4504-9426-943251075DA2","source":"Department of Parks and Recreation - Public Web Site","status":"Open","work_order_count":0},"type":"Feature"},{"geometry":{"coordinates":[-73.995125,40.594726],"type":"Point"},"id":"4AAB2951-5A65-4257-A0D6-2B06E5F2A818","properties":{"borough":"Brooklyn","created_date":"2026-09-07T23:03:39.000","inspection_count":0,"latest_inspection_date":null,"latest_work_order_status":null,"latest_work_order_type":null,"max_risk_rating":null,"risk_assessment_count":0,"service_request_id":"4AAB2951-5A65-4257-A0D6-2B06E5F2A818","source":"Department of Parks and Recreation - Public Web Site","status":"Open","work_order_count":0},"type":"Feature"},{"geometry":{"coordinates":[-73.823535,40.705749],"type":"Point"},"id":"4AE4CD3E-BB55-49D4-A752-A7C88E507C00","properties":{"borough":"Queens","created_date":"2026-09-14T18:03:00.000","inspection_count":1,"latest_inspection_date":"2026-09-15T10:46:40.000","latest_work_order_status":"Pending","latest_work_order_type":"Tree Down","max_risk_rating":"9.0","risk_assessment_count":1,"service_request_id":"4AE4CD3E-BB55-49D4-A752-A7C88E507C00","source":"3-1-1 Call Center","status":"Open","work_order_count":1},"type":"Feature"},{"geometry":{"coordinates":[-73.982906,40.767357],"type":"Point"},"id":"4AFEC4A0-8413-4661-87E5-2B19AA8324D6","properties":{"borough":"Manhattan","created_date":"2026-09-23T22:08:35.000","inspection_count":0,"latest_inspection_date":null,"latest_work_order_status":null,"latest_work_order_type":null,"max_risk_rating":null,"risk_assessment_count":0,"service_request_id":"4AFEC4A0-8413-4661-87E5-2B19AA8324D6","source":"3-1-1 Call Center","status":"Open","work_order_count":0},"type":"Feature"},{"geometry":{"coordinates":[-73.882417,40.721692],"type":"Point"},"id":"4B0D9827-8610-4A82-8F37-4C03E3DE02EB","properties":{"borough":"Queens","created_date":"2026-09-25T16:39:47.000","inspection_count":0,"latest_inspection_date":null,"latest_work_order_status":null,"latest_work_order_type":null,"max_risk_rating":null,"risk_assessment_count":0,"service_request_id":"4B0D9827-8610-4A82-8F37-4C03E3DE02EB","source":"Department of Parks and Recreation - Public Web Site","status":"Open","work_order_count":0},"type":"Feature"},{"geometry":{"coordinates":[-73.744354,40.775913],"type":"Point"},"id":"4B1A348B-5900-4D83-B0FC-BC0A9DC520EC","properties":{"borough":"Queens","created_date":"2026-09-23T12:02:00.000","inspection_count":0,"latest_inspection_date":null,"latest_work_order_status":null,"latest_work_order_type":null,"max_risk_rating":null,"risk_assessment_count":0,"service_request_id":"4B1A348B-5900-4D83-B0FC-BC0A9DC520EC","source":"3-1-1 Call Center","status":"Open","work_order_count":0},"type":"Feature"},{"geometry":{"coordinates":[-74.115454,40.56887],"type":"Point"},"id":"4B2173AE-7842-4FCF-B674-2C34175D9E45","properties":{"borough":"Staten Island","created_date":"2026-09-03T11:17:00.000","inspection_count":0,"latest_inspection_date":null,"latest_work_order_status":null,"latest_work_order_type":null,"max_risk_rating":null,"risk_assessment_count":0,"service_request_id":"4B2173AE-7842-4FCF-B674-2C34175D9E45","source":"3-1-1 Call Center","status":"Closed","work_order_count":0},"type":"Feature"},{"geometry":{"coordinates":[-74.007883,40.606103],"type":"Point"},"id":"4B3985CC-6999-419C-803B-36001E478D76","properties":{"borough":"Brooklyn","created_date":"2026-09-17T21:31:52.000","inspection_count":0,"latest_inspection_date":null,"latest_work_order_status":null,"latest_work_order_type":null,"max_risk_rating":null,"risk_assessment_count":0,"service_request_id":"4B3985CC-6999-419C-803B-36001E478D76","source":"Department of Parks and Recreation - Public Web Site","status":"Open","work_order_count":0},"type":"Feature"},{"geometry":{"coordinates":[-73.998694,40.747591],"type":"Point"},"id":"4B56AA01-752E-485B-95A9-B93BF63E5961","properties":{"borough":"Manhattan","created_date":"2026-09-14T15:43:27.000","inspection_count":0,"latest_inspection_date":null,"latest_work_order_status":null,"latest_work_order_type":null,"max_risk_rating":null,"risk_assessment_count":0,"service_request_id":"4B56AA01-752E-485B-95A9-B93BF63E5961","source":"3-1-1 Call Center","status":"Closed","work_order_count":0},"type":"Feature"},{"geometry":{"coordinates":[-73.780534,40.772897],"type":"Point"},"id":"4B592C52-AB12-4D3D-83E5-56C41E1EF9CE","properties":{"borough":"Queens","created_date":"2026-09-25T22:07:00.000","inspection_count":0,"latest_inspection_date":null,"latest_work_order_status":null,"latest_work_order_type":null,"max_risk_rating":null,"risk_assessment_count":0,"service_request_id":"4B592C52-AB12-4D3D-83E5-56C41E1EF9CE","source":"Department of Parks and Recreation - Public Web Site","status":"Open","work_order_count":0},"type":"Feature"},{"geometry":{"coordinates":[-73.984706,40.726016],"type":"Point"},"id":"4B5F1E52-B07E-4A89-8A05-7C542000BCB8","properties":{"borough":"Manhattan","created_date":"2026-09-09T13:19:00.000","inspection_count":1,"latest_inspection_date":"2026-09-09T04:00:00.000","latest_work_order_status":null,"latest_work_order_type":null,"max_risk_rating":"8.0","risk_assessment_count":1,"service_request_id":"4B5F1E52-B07E-4A89-8A05-7C542000BCB8","source":"3-1-1 Call Center","status":"Closed","work_order_count":0},"type":"Feature"},{"geometry":{"coordinates":[-73.974177,40.785257],"type":"Point"},"id":"4B6F0EDA-E612-456D-9333-90D5CE641742","properties":{"borough":"Manhattan","created_date":"2026-09-07T22:15:02.000","inspection_count":0,"latest_inspection_date":null,"latest_work_order_status":null,"latest_work_order_type":null,"max_risk_rating":null,"risk_assessment_count":0,"service_request_id":"4B6F0EDA-E612-456D-9333-90D5CE641742","source":"Department of Parks and Recreation - Public Web Site","status":"Closed","work_order_count":0},"type":"Feature"},{"geometry":{"coordinates":[-74.132963,40.634929],"type":"Point"},"id":"4B731480-2C80-4E74-B5C5-8019952E7489","properties":{"borough":"Staten Island","created_date":"2026-09-16T16:11:23.000","inspection_count":0,"latest_inspection_date":null,"latest_work_order_status":null,"latest_work_order_type":null,"max_risk_rating":null,"risk_assessment_count":0,"service_request_id":"4B731480-2C80-4E74-B5C5-8019952E7489","source":"3-1-1 Call Center","status":"Open","work_order_count":0},"type":"Feature"},{"geometry":{"coordinates":[-73.795989,40.754648],"type":"Point"},"id":"4B75A7DD-F3EE-4A87-9DFC-FB726033251B","properties":{"borough":"Queens","created_date":"2026-09-18T21:08:00.000","inspection_count":0,"latest_inspection_date":null,"latest_work_order_status":null,"latest_work_order_type":null,"max_risk_rating":null,"risk_assessment_count":0,"service_request_id":"4B75A7DD-F3EE-4A87-9DFC-FB726033251B","source":"Department of Parks and Recreation - Public Web Site","status":"Open","work_order_count":0},"type":"Feature"},{"geometry":{"coordinates":[-74.148839,40.56316],"type":"Point"},"id":"4B915AE4-E98B-4C23-9C16-D160687D5CFF","properties":{"borough":"Staten Island","created_date":"2026-09-22T14:48:00.000","inspection_count":0,"latest_inspection_date":null,"latest_work_order_status":null,"latest_work_order_type":null,"max_risk_rating":null,"risk_assessment_count":0,"service_request_id":"4B915AE4-E98B-4C23-9C16-D160687D5CFF","source":"3-1-1 Call Center","status":"Closed","work_order_count":0},"type":"Feature"},{"geometry":{"coordinates":[-73.727302,40.727168],"type":"Point"},"id":"4BAEB66D-C677-4F57-A11E-C1463278FD15","properties":{"borough":"Queens","created_date":"2026-09-02T22:09:51.000","inspection_count":0,"latest_inspection_date":null,"latest_work_order_status":null,"latest_work_order_type":null,"max_risk_rating":null,"risk_assessment_count":0,"service_request_id":"4BAEB66D-C677-4F57-A11E-C1463278FD15","source":"Department of Parks and Recreation - Public Web Site","status":"Open","work_order_count":0},"type":"Feature"},{"geometry":{"coordinates":[-73.746742,40.758291],"type":"Point"},"id":"4BB46F93-5255-41BC-9A74-9750CB522F8F","properties":{"borough":"Queens","created_date":"2026-09-15T16:10:00.000","inspection_count":0,"latest_inspection_date":null,"latest_work_order_status":null,"latest_work_order_type":null,"max_risk_rating":null,"risk_assessment_count":0,"service_request_id":"4BB46F93-5255-41BC-9A74-9750CB522F8F","source":"3-1-1 Call Center","status":"Open","work_order_count":0},"type":"Feature"},{"geometry":{"coordinates":[-73.955492,40.808787],"type":"Point"},"id":"4BB64739-E351-43D9-8849-D6B29DE39C27","properties":{"borough":"Manhattan","created_date":"2026-09-23T14:50:20.000","inspection_count":0,"latest_inspection_date":null,"latest_work_order_status":null,"latest_work_order_type":null,"max_risk_rating":null,"risk_assessment_count":0,"service_request_id":"4BB64739-E351-43D9-8849-D6B29DE39C27","source":"3-1-1 Call Center","status":"Closed","work_order_count":0},"type":"Feature"},{"geometry":{"coordinates":[-73.789961,40.847431],"type":"Point"},"id":"4BBEFDCC-9C55-414B-BFCD-0EE9174BB7F3","properties":{"borough":"Bronx","created_date":"2026-09-23T16:59:25.000","inspection_count":0,"latest_inspection_date":null,"latest_work_order_status":null,"latest_work_order_type":null,"max_risk_rating":null,"risk_assessment_count":0,"service_request_id":"4BBEFDCC-9C55-414B-BFCD-0EE9174BB7F3","source":"3-1-1 Call Center","status":"Open","work_order_count":0},"type":"Feature"},{"geometry":{"coordinates":[-73.905425,40.770418],"type":"Point"},"id":"4BC61392-B3D1-42FB-B56E-E32E56F50A5C","properties":{"borough":"Queens","created_date":"2026-09-24T07:40:00.000","inspection_count":0,"latest_inspection_date":null,"latest_work_order_status":null,"latest_work_order_type":null,"max_risk_rating":null,"risk_assessment_count":0,"service_request_id":"4BC61392-B3D1-42FB-B56E-E32E56F50A5C","source":"3-1-1 Call Center","status":"Open","work_order_count":0},"type":"Feature"},{"geometry":{"coordinates":[-73.930442,40.655562],"type":"Point"},"id":"4BC95A31-39CD-4EB9-9069-43786693760F","properties":{"borough":"Brooklyn","created_date":"2026-09-10T14:15:59.000","inspection_count":0,"latest_inspection_date":null,"latest_work_order_status":null,"latest_work_order_type":null,"max_risk_rating":null,"risk_assessment_count":0,"service_request_id":"4BC95A31-39CD-4EB9-9069-43786693760F","source":"Department of Parks and Recreation - Public Web Site","status":"Open","work_order_count":0},"type":"Feature"},{"geometry":{"coordinates":[-73.941319,40.643157],"type":"Point"},"id":"4BDF3137-9704-44B9-9A79-C29776147CD0","properties":{"borough":"Brooklyn","created_date":"2026-09-17T19:17:16.000","inspection_count":0,"latest_inspection_date":null,"latest_work_order_status":null,"latest_work_order_type":null,"max_risk_rating":null,"risk_assessment_count":0,"service_request_id":"4BDF3137-9704-44B9-9A79-C29776147CD0","source":"Department of Parks and Recreation - Public Web Site","status":"Open","work_order_count":0},"type":"Feature"},{"geometry":{"coordinates":[-73.951011,40.81156],"type":"Point"},"id":"4C16E161-C2EA-4C41-8E79-CCE974405A5E","properties":{"borough":"Manhattan","created_date":"2026-09-08T17:44:01.000","inspection_count":0,"latest_inspection_date":null,"latest_work_order_status":null,"latest_work_order_type":null,"max_risk_rating":null,"risk_assessment_count":0,"service_request_id":"4C16E161-C2EA-4C41-8E79-CCE974405A5E","source":"Department of Parks and Recreation - Public Web Site","status":"Open","work_order_count":0},"type":"Feature"},{"geometry":{"coordinates":[-73.876001,40.726203],"type":"Point"},"id":"4C1A1B14-E6E4-4C5A-8746-0B0C8B500D6B","properties":{"borough":"Queens","created_date":"2026-09-25T17:42:00.000","inspection_count":0,"latest_inspection_date":null,"latest_work_order_status":null,"latest_work_order_type":null,"max_risk_rating":null,"risk_assessment_count":0,"service_request_id":"4C1A1B14-E6E4-4C5A-8746-0B0C8B500D6B","source":"3-1-1 Call Center","status":"Open","work_order_count":0},"type":"Feature"},{"geometry":{"coordinates":[-73.892649,40.720886],"type":"Point"},"id":"4C1F063E-FEDA-4921-BC8A-C472036DE6D6","properties":{"borough":"Queens","created_date":"2026-09-21T18:11:00.000","inspection_count":0,"latest_inspection_date":null,"latest_work_order_status":null,"latest_work_order_type":null,"max_risk_rating":null,"risk_assessment_count":0,"service_request_id":"4C1F063E-FEDA-4921-BC8A-C472036DE6D6","source":"Department of Parks and Recreation - Public Web Site","status":"Open","work_order_count":0},"type":"Feature"},{"geometry":{"coordinates":[-73.983899,40.664506],"type":"Point"},"id":"4C2422C4-A921-4638-B61F-7FBB996F0DDC","properties":{"borough":"Brooklyn","created_date":"2026-09-16T01:23:00.000","inspection_count":0,"latest_inspection_date":null,"latest_work_order_status":null,"latest_work_order_type":null,"max_risk_rating":null,"risk_assessment_count":0,"service_request_id":"4C2422C4-A921-4638-B61F-7FBB996F0DDC","source":"3-1-1 Call Center","status":"Closed","work_order_count":0},"type":"Feature"},{"geometry":{"coordinates":[-73.968347,40.584643],"type":"Point"},"id":"4C272B0A-D89C-4A1A-BB5B-0C9D066C9A58","properties":{"borough":"Brooklyn","created_date":"2026-09-23T12:30:00.000","inspection_count":0,"latest_inspection_date":null,"latest_work_order_status":null,"latest_work_order_type":null,"max_risk_rating":null,"risk_assessment_count":0,"service_request_id":"4C272B0A-D89C-4A1A-BB5B-0C9D066C9A58","source":"3-1-1 Call Center","status":"Open","work_order_count":0},"type":"Feature"},{"geometry":{"coordinates":[-73.974177,40.785257],"type":"Point"},"id":"4C32018A-635C-49C0-B1DF-7C12D822CA1C","properties":{"borough":"Manhattan","created_date":"2026-09-08T04:35:02.000","inspection_count":0,"latest_inspection_date":null,"latest_work_order_status":null,"latest_work_order_type":null,"max_risk_rating":null,"risk_assessment_count":0,"service_request_id":"4C32018A-635C-49C0-B1DF-7C12D822CA1C","source":"Department of Parks and Recreation - Public Web Site","status":"Closed","work_order_count":0},"type":"Feature"},{"geometry":{"coordinates":[-73.987993,40.664339],"type":"Point"},"id":"4C325AC8-5D0B-459B-8030-592E5F7A1D34","properties":{"borough":"Brooklyn","created_date":"2026-09-14T15:51:40.000","inspection_count":0,"latest_inspection_date":null,"latest_work_order_status":null,"latest_work_order_type":null,"max_risk_rating":null,"risk_assessment_count":0,"service_request_id":"4C325AC8-5D0B-459B-8030-592E5F7A1D34","source":"3-1-1 Call Center","status":"Open","work_order_count":0},"type":"Feature"},{"geometry":{"coordinates":[-73.734838,40.725629],"type":"Point"},"id":"4C339F0D-5262-47DE-95B0-B7C344FC75D6","properties":{"borough":"Queens","created_date":"2026-09-07T01:28:00.000","inspection_count":0,"latest_inspection_date":null,"latest_work_order_status":null,"latest_work_order_type":null,"max_risk_rating":null,"risk_assessment_count":0,"service_request_id":"4C339F0D-5262-47DE-95B0-B7C344FC75D6","source":"3-1-1 Call Center","status":"Open","work_order_count":0},"type":"Feature"},{"geometry":{"coordinates":[-73.968126,40.686227],"type":"Point"},"id":"4C3EFB33-6D76-429D-AEE7-D6985C776EFD","properties":{"borough":"Brooklyn","created_date":"2026-09-22T20:31:08.000","inspection_count":0,"latest_inspection_date":null,"latest_work_order_status":null,"latest_work_order_type":null,"max_risk_rating":null,"risk_assessment_count":0,"service_request_id":"4C3EFB33-6D76-429D-AEE7-D6985C776EFD","source":"3-1-1 Call Center","status":"Open","work_order_count":0},"type":"Feature"},{"geometry":{"coordinates":[-73.940076,40.847739],"type":"Point"},"id":"4C48119E-F51B-4288-B903-4AEB13452263","properties":{"borough":"Manhattan","created_date":"2026-09-24T18:56:18.000","inspection_count":0,"latest_inspection_date":null,"latest_work_order_status":null,"latest_work_order_type":null,"max_risk_rating":null,"risk_assessment_count":0,"service_request_id":"4C48119E-F51B-4288-B903-4AEB13452263","source":"DPR -Public Tree Map","status":"Open","work_order_count":0},"type":"Feature"},{"geometry":{"coordinates":[-73.914284,40.706418],"type":"Point"},"id":"4C48877B-2F7C-45FA-9742-D3AA5EE337BE","properties":{"borough":"Queens","created_date":"2026-09-18T15:42:00.000","inspection_count":0,"latest_inspection_date":null,"latest_work_order_status":null,"latest_work_order_type":null,"max_risk_rating":null,"risk_assessment_count":0,"service_request_id":"4C48877B-2F7C-45FA-9742-D3AA5EE337BE","source":"3-1-1 Call Center","status":"Open","work_order_count":0},"type":"Feature"},{"geometry":{"coordinates":[-73.759537,40.69775],"type":"Point"},"id":"4C5A1193-E67C-416D-9166-7D19613630DB","properties":{"borough":"Queens","created_date":"2026-09-03T20:40:00.000","inspection_count":0,"latest_inspection_date":null,"latest_work_order_status":null,"latest_work_order_type":null,"max_risk_rating":null,"risk_assessment_count":0,"service_request_id":"4C5A1193-E67C-416D-9166-7D19613630DB","source":"3-1-1 Call Center","status":"Open","work_order_count":0},"type":"Feature"},{"geometry":{"coordinates":[-73.958025,40.624335],"type":"Point"},"id":"4C6977BA-454E-4A2B-9348-4E9A08D819E5","properties":{"borough":"Brooklyn","created_date":"2026-09-18T18:47:03.000","inspection_count":0,"latest_inspection_date":null,"latest_work_order_status":null,"latest_work_order_type":null,"max_risk_rating":null,"risk_assessment_count":0,"service_request_id":"4C6977BA-454E-4A2B-9348-4E9A08D819E5","source":"Department of Parks and Recreation - Public Web Site","status":"Open","work_order_count":0},"type":"Feature"}],"type":"FeatureCollection"}